------------------------------------------------------------------------------------------
CREATE SEQUENCE SISSELLO.SQ_MAE_SECTOR MINVALUE 1 MAXVALUE 9999999999999999999999999999 START WITH 3 INCREMENT BY 1;
CREATE SEQUENCE SISSELLO.SQ_GENM_INSTITUCION MINVALUE 1 MAXVALUE 9999999999999999999999999999 START WITH 2 INCREMENT BY 1;
CREATE SEQUENCE SISSELLO.SQ_GENM_USUARIO MINVALUE 1 MAXVALUE 9999999999999999999999999999 START WITH 2 INCREMENT BY 1;
CREATE SEQUENCE SISSELLO.SQ_GENM_CRITERIO MINVALUE 1 MAXVALUE 9999999999999999999999999999 START WITH 9 INCREMENT BY 1;
CREATE SEQUENCE SISSELLO.SQ_GENM_REQUERIMIENTO MINVALUE 1 MAXVALUE 9999999999999999999999999999 START WITH 8 INCREMENT BY 1;
CREATE SEQUENCE SISSELLO.SQ_GENM_ANNO MINVALUE 1 MAXVALUE 9999999999999999999999999999 START WITH 12 INCREMENT BY 1;
CREATE SEQUENCE SISSELLO.SQ_GENM_CONVOCATORIA MINVALUE 1 MAXVALUE 9999999999999999999999999999 START WITH 1 INCREMENT BY 1;
CREATE SEQUENCE SISSELLO.SQ_GENM_INSCRIPCION MINVALUE 1 MAXVALUE 9999999999999999999999999999 START WITH 1 INCREMENT BY 1;
CREATE SEQUENCE SISSELLO.SQ_GEND_CONVOCATORIA_TRAZA MINVALUE 1 MAXVALUE 9999999999999999999999999999 START WITH 1 INCREMENT BY 1;
CREATE SEQUENCE SISSELLO.SQ_GEND_INSCRIPCION_TRAZA MINVALUE 1 MAXVALUE 9999999999999999999999999999 START WITH 1 INCREMENT BY 1;
-------------------------------------------------------------------------------------------------------------------
CREATE TABLE T_MAE_SECTOR(
ID_SECTOR NUMBER,
NOMBRE VARCHAR2(50),
FLAG_ESTADO VARCHAR2(1) DEFAULT '1',
REG_USUARIO NUMBER,
REG_FECHA DATE DEFAULT SYSDATE,
UPD_USUARIO NUMBER,
UPD_FECHA DATE,
CONSTRAINT SECTOR_PK PRIMARY KEY(ID_SECTOR)
);

CREATE TABLE  T_GENM_INSTITUCION(
ID_INSTITUCION NUMBER,
RUC NUMBER(11,0),
RAZON_SOCIAL VARCHAR2(100),
DOMICILIO_LEGAL VARCHAR2(120),
ID_SECTOR NUMBER,
FLAG_ESTADO VARCHAR2(1) DEFAULT '1',
REG_USUARIO NUMBER,
REG_FECHA DATE DEFAULT SYSDATE,
UPD_USUARIO NUMBER,
UPD_FECHA DATE,
CONSTRAINT INSTITUCION_PK PRIMARY KEY(ID_INSTITUCION),
CONSTRAINT SECTOR_FK FOREIGN KEY (ID_SECTOR) REFERENCES T_MAE_SECTOR(ID_SECTOR)
);

CREATE TABLE T_MAE_ROL(
ID_ROL NUMBER,
NOMBRE VARCHAR(50),
FLAG_ESTADO VARCHAR2(1) DEFAULT '1',
REG_USUARIO NUMBER,
REG_FECHA DATE DEFAULT SYSDATE,
UPD_USUARIO NUMBER,
UPD_FECHA DATE,
CONSTRAINT ROL_PK PRIMARY KEY (ID_ROL)
);

CREATE TABLE T_GENM_USUARIO (
ID_USUARIO NUMBER,
NOMBRES VARCHAR2(30),
APELLIDOS VARCHAR2(50),
CORREO VARCHAR2(100),
CONTRASENA VARCHAR2(100),
TELEFONO VARCHAR2(10),
ANEXO VARCHAR2(6),
CELULAR VARCHAR2(12),
ID_INSTITUCION NUMBER,
ID_ROL NUMBER,
FLAG_ESTADO VARCHAR2(1) DEFAULT '1',
REG_USUARIO NUMBER,
REG_FECHA DATE DEFAULT SYSDATE,
UPD_USUARIO NUMBER,
UPD_FECHA DATE,
CONSTRAINT USUARIO_PK PRIMARY KEY (ID_USUARIO),
CONSTRAINT INSTITUCION_FK FOREIGN KEY (ID_INSTITUCION) REFERENCES T_GENM_INSTITUCION (ID_INSTITUCION),
CONSTRAINT ROL_FK FOREIGN KEY (ID_ROL) REFERENCES T_MAE_ROL (ID_ROL)
);

CREATE TABLE T_GENM_CRITERIO(
ID_CRITERIO NUMBER,
NOMBRE VARCHAR2(300),
ARCHIVO_BASE VARCHAR2(4000),
ARCHIVO_TIPO VARCHAR2(4000),
FLAG_ESTADO VARCHAR2(1) DEFAULT '1',
REG_USUARIO NUMBER,
REG_FECHA DATE DEFAULT SYSDATE,
UPD_USUARIO NUMBER,
UPD_FECHA DATE,
CONSTRAINT CRITERIO_PK PRIMARY KEY (ID_CRITERIO)
);

CREATE TABLE T_GENM_REQUERIMIENTO(
ID_REQUERIMIENTO NUMBER,
NOMBRE VARCHAR2(300),
FLAG_ESTADO VARCHAR2(1) DEFAULT '1',
REG_USUARIO NUMBER,
REG_FECHA DATE DEFAULT SYSDATE,
UPD_USUARIO NUMBER,
UPD_FECHA DATE,
CONSTRAINT REQUERIMIENTO_PK PRIMARY KEY (ID_REQUERIMIENTO)
);

CREATE TABLE T_MAE_PROCESO(
ID_PROCESO NUMBER,
NOMBRE VARCHAR2(200),
FLAG_ESTADO VARCHAR2(1) DEFAULT '1',
REG_USUARIO NUMBER,
REG_FECHA DATE DEFAULT SYSDATE,
UPD_USUARIO NUMBER,
UPD_FECHA DATE,
CONSTRAINT PROCESO_PK PRIMARY KEY (ID_PROCESO)
);

CREATE TABLE T_MAE_ETAPA(
ID_ETAPA NUMBER,
NOMBRE VARCHAR2(200),
ID_PROCESO NUMBER,
FLAG_ESTADO VARCHAR2(1) DEFAULT '1',
REG_USUARIO NUMBER,
REG_FECHA DATE DEFAULT SYSDATE,
UPD_USUARIO NUMBER,
UPD_FECHA DATE,
CONSTRAINT ETAPA_PK PRIMARY KEY (ID_ETAPA),
CONSTRAINT PROCESO_FK FOREIGN KEY (ID_PROCESO) REFERENCES T_MAE_PROCESO (ID_PROCESO)
);

CREATE TABLE T_MAE_ANNO(
ID_ANNO NUMBER,
NOMBRE VARCHAR2(10),
FLAG_ESTADO VARCHAR2(1) DEFAULT '1',
REG_USUARIO NUMBER,
REG_FECHA DATE DEFAULT SYSDATE,
UPD_USUARIO NUMBER,
UPD_FECHA DATE,
CONSTRAINT ANNO_PK PRIMARY KEY (ID_ANNO)
);

CREATE TABLE T_GENM_CONVOCATORIA(
ID_CONVOCATORIA NUMBER,
NOMBRE VARCHAR2(200),
FECHA_INICIO DATE,
FECHA_FIN DATE,
LIMITE_POSTULANTE NUMBER,
NRO_INFORME VARCHAR2(50),
ID_ETAPA NUMBER,--ADD
FLAG_ESTADO VARCHAR2(1) DEFAULT '1',
REG_USUARIO NUMBER,
REG_FECHA DATE DEFAULT SYSDATE,
UPD_USUARIO NUMBER,
UPD_FECHA DATE,
CONSTRAINT CONVOCATORIA_PK PRIMARY KEY (ID_CONVOCATORIA)
);

CREATE TABLE T_GEND_CONVOCATORIA_REQUERIM(
ID_CONVOCATORIA NUMBER,
ID_REQUERIMIENTO NUMBER,
--OBLIGATORIO VARCHAR(1),
FLAG_ESTADO VARCHAR2(1),
REG_USUARIO NUMBER,
REG_FECHA DATE DEFAULT SYSDATE,
UPD_USUARIO NUMBER,
UPD_FECHA DATE,
CONSTRAINT CONV_R_FK FOREIGN KEY (ID_CONVOCATORIA) REFERENCES T_GENM_CONVOCATORIA (ID_CONVOCATORIA),
CONSTRAINT REQ_C_FK FOREIGN KEY (ID_REQUERIMIENTO) REFERENCES T_GENM_REQUERIMIENTO (ID_REQUERIMIENTO),
CONSTRAINT CONV_REQ_PK PRIMARY KEY (ID_CONVOCATORIA, ID_REQUERIMIENTO)
);

CREATE TABLE T_GEND_CONVOCATORIA_CRITERIO(
ID_CONVOCATORIA NUMBER,
ID_CRITERIO NUMBER,
FLAG_ESTADO VARCHAR2(1),
REG_USUARIO NUMBER,
REG_FECHA DATE DEFAULT SYSDATE,
UPD_USUARIO NUMBER,
UPD_FECHA DATE,
CONSTRAINT CONV_C_FK FOREIGN KEY (ID_CONVOCATORIA) REFERENCES T_GENM_CONVOCATORIA (ID_CONVOCATORIA),
CONSTRAINT CRI_C_FK FOREIGN KEY (ID_CRITERIO) REFERENCES T_GENM_CRITERIO (ID_CRITERIO),
CONSTRAINT CONV_CRI_PK PRIMARY KEY (ID_CONVOCATORIA, ID_CRITERIO)
);

CREATE TABLE T_GEND_CONVOCATORIA_EVALUADOR(
ID_CONVOCATORIA NUMBER,
ID_USUARIO NUMBER,
FLAG_ESTADO VARCHAR2(1),
REG_USUARIO NUMBER,
REG_FECHA DATE DEFAULT SYSDATE,
UPD_USUARIO NUMBER,
UPD_FECHA DATE,
CONSTRAINT CONV_U_FK FOREIGN KEY (ID_CONVOCATORIA) REFERENCES T_GENM_CONVOCATORIA (ID_CONVOCATORIA),
CONSTRAINT USU_C_FK FOREIGN KEY (ID_USUARIO) REFERENCES T_GENM_USUARIO (ID_USUARIO),
CONSTRAINT CONV_USU_PK PRIMARY KEY (ID_CONVOCATORIA, ID_USUARIO)
);

CREATE TABLE T_GEND_CONVOCATORIA_ETAPA(
ID_CONVOCATORIA NUMBER,
ID_ETAPA NUMBER,
DIAS NUMBER,
FLAG_ESTADO VARCHAR2(1),
REG_USUARIO NUMBER,
REG_FECHA DATE DEFAULT SYSDATE,
UPD_USUARIO NUMBER,
UPD_FECHA DATE,
CONSTRAINT CONV_E_FK FOREIGN KEY (ID_CONVOCATORIA) REFERENCES T_GENM_CONVOCATORIA (ID_CONVOCATORIA),
CONSTRAINT ETA_C_FK FOREIGN KEY (ID_ETAPA) REFERENCES T_MAE_ETAPA (ID_ETAPA),
CONSTRAINT CONV_ETA_PK PRIMARY KEY (ID_CONVOCATORIA, ID_ETAPA)
);

----add
CREATE TABLE T_GENM_CASO(
ID_CASO NUMBER,
NOMBRE VARCHAR2(300),
ID_CRITERIO NUMBER,
FLAG_ESTADO VARCHAR2(1) DEFAULT '1',
REG_USUARIO NUMBER,
REG_FECHA DATE DEFAULT SYSDATE,
UPD_USUARIO NUMBER,
UPD_FECHA DATE,
CONSTRAINT CAS_C_FK FOREIGN KEY (ID_CRITERIO) REFERENCES T_GENM_CRITERIO (ID_CRITERIO),
CONSTRAINT CASO_PK PRIMARY KEY (ID_CRITERIO, ID_CASO)
);

CREATE TABLE T_GENM_COMPONENTE(
ID_COMPONENTE NUMBER NOT NULL,
NOMBRE VARCHAR2(300),
INCREMENTABLE VARCHAR2(1),
ID_CASO NUMBER NOT NULL,
ID_CRITERIO NUMBER NOT NULL,
FLAG_ESTADO VARCHAR2(1) DEFAULT '1',
REG_USUARIO NUMBER,
REG_FECHA DATE DEFAULT SYSDATE,
UPD_USUARIO NUMBER,
UPD_FECHA DATE,
CONSTRAINT COM_CS_FK FOREIGN KEY (ID_CRITERIO, ID_CASO) REFERENCES T_GENM_CASO (ID_CRITERIO, ID_CASO),
CONSTRAINT COMPONENTE_PK PRIMARY KEY (ID_CRITERIO, ID_CASO, ID_COMPONENTE)
);

CREATE TABLE T_MAE_TIPO_CONTROL(
ID_TIPO_CONTROL NUMBER,
NOMBRE VARCHAR2(50),
FLAG_ESTADO VARCHAR2(1) DEFAULT '1',
REG_USUARIO NUMBER,
REG_FECHA DATE DEFAULT SYSDATE,
UPD_USUARIO NUMBER,
UPD_FECHA DATE,
CONSTRAINT TIPO_CONTROL_PK PRIMARY KEY (ID_TIPO_CONTROL)
);

CREATE TABLE T_MAE_TIPO_DATO(
ID_TIPO_DATO NUMBER,
NOMBRE VARCHAR2(50),
FLAG_ESTADO VARCHAR2(1) DEFAULT '1',
REG_USUARIO NUMBER,
REG_FECHA DATE DEFAULT SYSDATE,
UPD_USUARIO NUMBER,
UPD_FECHA DATE,
CONSTRAINT TIPO_DATO_PK PRIMARY KEY (ID_TIPO_DATO)
);

CREATE TABLE T_MAEM_PARAMETRO(
ID_PARAMETRO NUMBER,
NOMBRE VARCHAR2(300),
ETIQUETA VARCHAR2(300),
ID_TIPO_CONTROL NUMBER,
ID_TIPO_DATO NUMBER,
DECIMAL_V VARCHAR2(1),
VERIFICABLE VARCHAR2(1),
EDITABLE VARCHAR2(1),
OBTENIBLE VARCHAR2(1),
ESTATICO VARCHAR2(1),
FILTRO VARCHAR2(50),
RESULTADO VARCHAR2(1),
TAMANO NUMBER,
DESCRIPCION VARCHAR2(300),
UNIDAD VARCHAR(50),
FLAG_ESTADO VARCHAR2(1) DEFAULT '1',
REG_USUARIO NUMBER,
REG_FECHA DATE DEFAULT SYSDATE,
UPD_USUARIO NUMBER,
UPD_FECHA DATE,
CONSTRAINT PARAMETRO_PK PRIMARY KEY (ID_PARAMETRO),
CONSTRAINT TIPO_DATO_FK FOREIGN KEY (ID_TIPO_DATO) REFERENCES T_MAE_TIPO_DATO (ID_TIPO_DATO),
CONSTRAINT TIPO_CONTROL_FK FOREIGN KEY (ID_TIPO_CONTROL) REFERENCES T_MAE_TIPO_CONTROL (ID_TIPO_CONTROL)
);

CREATE TABLE T_MAED_PARAMETRO(
ID_DETALLE NUMBER,
ID_PARAMETRO NUMBER,
NOMBRE VARCHAR2(300),
FLAG_ESTADO VARCHAR2(1) DEFAULT '1',
REG_USUARIO NUMBER,
REG_FECHA DATE DEFAULT SYSDATE,
UPD_USUARIO NUMBER,
UPD_FECHA DATE,
CONSTRAINT PARAM_DET_FK FOREIGN KEY (ID_PARAMETRO) REFERENCES T_MAEM_PARAMETRO (ID_PARAMETRO),
CONSTRAINT DETALLE_PK PRIMARY KEY (ID_PARAMETRO, ID_DETALLE)
);

CREATE TABLE T_MAED_PARAMETRO_RELACION(
ID_PARAMETRO NUMBER,
ID_DETALLE NUMBER,
PARAMETROS VARCHAR2(100),
DETALLES VARCHAR2(100),
FLAG_ESTADO VARCHAR2(1) DEFAULT '1',
REG_USUARIO NUMBER,
REG_FECHA DATE DEFAULT SYSDATE,
UPD_USUARIO NUMBER,
UPD_FECHA DATE,
PRIMARY KEY (ID_PARAMETRO, ID_DETALLE, PARAMETROS, DETALLES)
);

CREATE TABLE T_MAEM_INDICADOR(
ID_CRITERIO NUMBER,
ID_CASO NUMBER,
ID_COMPONENTE NUMBER,
ID_PARAMETRO NUMBER,
ORDEN NUMBER,
FLAG_ESTADO VARCHAR2(1) DEFAULT '1',
REG_USUARIO NUMBER,
REG_FECHA DATE DEFAULT SYSDATE,
UPD_USUARIO NUMBER,
UPD_FECHA DATE,
CONSTRAINT IND_COM_FK FOREIGN KEY (ID_CRITERIO, ID_CASO, ID_COMPONENTE) REFERENCES T_GENM_COMPONENTE (ID_CRITERIO, ID_CASO, ID_COMPONENTE),
CONSTRAINT INDICADOR_PK PRIMARY KEY (ID_CRITERIO, ID_CASO, ID_COMPONENTE, ID_PARAMETRO)
);

CREATE TABLE T_MAEM_INDICADOR_FORM(
ID_CRITERIO NUMBER,
ID_CASO NUMBER,
ID_COMPONENTE NUMBER,
ID_PARAMETRO NUMBER,
ID_INDICADOR NUMBER,
VALOR VARCHAR2(350),
FLAG_ESTADO VARCHAR2(1) DEFAULT '1',
REG_USUARIO NUMBER,
REG_FECHA DATE DEFAULT SYSDATE,
UPD_USUARIO NUMBER,
UPD_FECHA DATE,
CONSTRAINT IND_PAM_FK FOREIGN KEY (ID_CRITERIO, ID_CASO, ID_COMPONENTE, ID_PARAMETRO) REFERENCES T_MAEM_INDICADOR (ID_CRITERIO, ID_CASO, ID_COMPONENTE, ID_PARAMETRO),
CONSTRAINT IND_FORM_PK PRIMARY KEY (ID_CRITERIO, ID_CASO, ID_COMPONENTE, ID_PARAMETRO, ID_INDICADOR)
);

CREATE TABLE T_MAEM_INDICADOR_DATA(
ID_CRITERIO NUMBER,
ID_CASO NUMBER,
ID_COMPONENTE NUMBER,
ID_PARAMETRO NUMBER,
ID_INDICADOR NUMBER,
ID_INSCRIPCION NUMBER,
VALOR VARCHAR2(500),
FLAG_ESTADO VARCHAR2(1) DEFAULT '1',
REG_USUARIO NUMBER,
REG_FECHA DATE DEFAULT SYSDATE,
UPD_USUARIO NUMBER,
UPD_FECHA DATE,
CONSTRAINT IND_PAM_DATA_FK FOREIGN KEY (ID_CRITERIO, ID_CASO, ID_COMPONENTE, ID_PARAMETRO) REFERENCES T_MAEM_INDICADOR (ID_CRITERIO, ID_CASO, ID_COMPONENTE, ID_PARAMETRO),
CONSTRAINT IND_DATA_PK PRIMARY KEY (ID_CRITERIO, ID_CASO, ID_COMPONENTE, ID_PARAMETRO, ID_INDICADOR, ID_INSCRIPCION)
);
-------------------------------------------
CREATE TABLE T_GENM_INSCRIPCION
(
ID_INSCRIPCION         NUMBER,
ID_CONVOCATORIA        NUMBER,
ID_INSTITUCION         NUMBER,
FLAG_ANULAR            NUMBER(1) DEFAULT 0,
NRO_INFORME_PRELIMINAR VARCHAR2(50),
FLAG_ESTADO            VARCHAR2(1) DEFAULT '1',
REG_USUARIO            NUMBER,
REG_FECHA              DATE DEFAULT SYSDATE,
UPD_USUARIO            NUMBER,
UPD_FECHA              DATE,
PRIMARY KEY (ID_INSCRIPCION)
);

CREATE TABLE T_GEND_INSCRIPCION_REQUERIR
(
ID_CONVOCATORIA  NUMBER,
ID_INSCRIPCION   NUMBER,
ID_REQUERIMIENTO NUMBER,
ARCHIVO_BASE     VARCHAR2(4000),
ARCHIVO_CIFRADO  VARCHAR2(4000),
VALIDO           NUMBER(1),
OBSERVACION      VARCHAR2(4000),
REG_USUARIO      NUMBER,
REG_FECHA        DATE DEFAULT SYSDATE,
UPD_USUARIO      NUMBER,
UPD_FECHA        DATE,
PRIMARY KEY (ID_CONVOCATORIA, ID_INSCRIPCION, ID_REQUERIMIENTO)
);

CREATE TABLE T_GEND_CONVOCATORIA_TRAZA
(
ID_CONVOCATORIA NUMBER,
ID_TRAZABILIDAD NUMBER,
DESCRIPCION     VARCHAR2(4000),
REG_USUARIO     NUMBER,
REG_FECHA       DATE DEFAULT SYSDATE,
PRIMARY KEY (ID_CONVOCATORIA, ID_TRAZABILIDAD)
);

CREATE TABLE T_GEND_INSCRIPCION_TRAZA
(
ID_INSCRIPCION  NUMBER,
ID_TRAZABILIDAD NUMBER,
DESCRIPCION     VARCHAR2(4000),
REG_USUARIO     NUMBER,
REG_FECHA       DATE DEFAULT SYSDATE,
PRIMARY KEY (ID_INSCRIPCION, ID_TRAZABILIDAD)
);

CREATE TABLE T_GEND_CONVOCATORIA_CRI_REQUER
(
  ID_CONVOCATORIA  NUMBER,
  ID_CRITERIO      NUMBER,
  ID_REQUERIMIENTO NUMBER,
  OBLIGATORIO      VARCHAR2(1),
  FLAG_ESTADO      VARCHAR2(1) DEFAULT '1',
  REG_USUARIO      NUMBER,
  REG_FECHA        DATE DEFAULT SYSDATE,
  UPD_USUARIO      NUMBER,
  UPD_FECHA        DATE,
  PRIMARY KEY (ID_CONVOCATORIA, ID_CRITERIO, ID_REQUERIMIENTO)
);
-------------------------------------------------------------------------------
CREATE TABLE T_GENM_DOCUMENTO(
ID_DOCUMENTO NUMBER,
NOMBRE VARCHAR2(500),
DESCRIPCION VARCHAR2(500),
OBLIGATORIO VARCHAR2(1),
ID_CRITERIO NUMBER,
FLAG_ESTADO VARCHAR2(1) DEFAULT '1',
REG_USUARIO NUMBER,
REG_FECHA DATE DEFAULT SYSDATE,
UPD_USUARIO NUMBER,
UPD_FECHA DATE,
CONSTRAINT CRI_DOC_FK FOREIGN KEY (ID_CRITERIO) REFERENCES T_GENM_CRITERIO (ID_CRITERIO),
CONSTRAINT DOC_PK PRIMARY KEY (ID_CRITERIO, ID_DOCUMENTO)
);

CREATE TABLE T_GEND_CONV_CRI_CASO(
ID_CASO NUMBER,
ID_CONVOCATORIA NUMBER,
ID_CRITERIO NUMBER,
FLAG_ESTADO VARCHAR2(1),
REG_USUARIO NUMBER,
REG_FECHA DATE DEFAULT SYSDATE,
UPD_USUARIO NUMBER,
UPD_FECHA DATE,
PRIMARY KEY (ID_CONVOCATORIA, ID_CRITERIO, ID_CASO)
);

CREATE TABLE T_GEND_CONV_CRI_CASO_DOC(
ID_DOCUMENTO NUMBER,
ID_CASO NUMBER,
ID_CONVOCATORIA NUMBER,
ID_CRITERIO NUMBER,
FLAG_ESTADO VARCHAR2(1),
REG_USUARIO NUMBER,
REG_FECHA DATE DEFAULT SYSDATE,
UPD_USUARIO NUMBER,
UPD_FECHA DATE,
PRIMARY KEY (ID_CONVOCATORIA, ID_CRITERIO, ID_CASO, ID_DOCUMENTO)
);

CREATE TABLE T_GEND_CONV_CRI_CASO_DOC_INSC(
ID_CONVOCATORIA NUMBER,
ID_CRITERIO NUMBER,
ID_CASO NUMBER,
ID_DOCUMENTO NUMBER,
ID_INSCRIPCION NUMBER,
ARCHIVO_BASE VARCHAR2(4000),
ARCHIVO_TIPO VARCHAR2(4000),
FLAG_ESTADO VARCHAR2(1) DEFAULT '1',
REG_USUARIO NUMBER,
REG_FECHA DATE DEFAULT SYSDATE,
UPD_USUARIO NUMBER,
UPD_FECHA DATE,
PRIMARY KEY (ID_CONVOCATORIA, ID_CRITERIO, ID_CASO, ID_DOCUMENTO)
);

CREATE TABLE T_GEND_CONV_CRI_CASO_INSC_DATA(
ID_CONVOCATORIA NUMBER,
ID_CASO NUMBER,
ID_CRITERIO NUMBER,
ID_INSCRIPCION NUMBER,
INGRESO_DATOS VARCHAR2(2),
PUNTAJE NUMBER,
FLAG_ESTADO VARCHAR2(1) DEFAULT '1',
REG_USUARIO NUMBER,
REG_FECHA DATE DEFAULT SYSDATE,
UPD_USUARIO NUMBER,
UPD_FECHA DATE,
PRIMARY KEY (ID_CONVOCATORIA, ID_CRITERIO, ID_CASO, ID_INSCRIPCION)
);

CREATE TABLE T_MAEM_FORMULA_PARAMETRO(
ID_CRITERIO NUMBER,
ID_CASO NUMBER,
ID_COMPONENTE NUMBER,
ID_PARAMETRO NUMBER,
COMPORTAMIENTO VARCHAR2(1),
VALOR NUMBER,
FORMULA VARCHAR2(500),
FORMULA_ARMADO VARCHAR2(500),
FLAG_ESTADO VARCHAR2(1) DEFAULT '1',
REG_USUARIO NUMBER,
REG_FECHA DATE DEFAULT SYSDATE,
UPD_USUARIO NUMBER,
UPD_FECHA DATE,
PRIMARY KEY (ID_CRITERIO, ID_CASO, ID_COMPONENTE, ID_PARAMETRO)
);
------------------------------------------
--T_MAE_SECTOR
INSERT INTO T_MAE_SECTOR (ID_SECTOR, NOMBRE, REG_USUARIO) VALUES (1, 'SECTOR PÚBLICO', 1);
INSERT INTO T_MAE_SECTOR (ID_SECTOR, NOMBRE, REG_USUARIO) VALUES (2, 'SECTOR PRIVADO', 1);

--T_GENM_INSTITUCION
INSERT INTO T_GENM_INSTITUCION (ID_INSTITUCION, RUC, RAZON_SOCIAL, DOMICILIO_LEGAL, ID_SECTOR, REG_USUARIO) 
VALUES (1, '20103040501', 'Minesterio de Energía y Minas', 'Av Javier Prado 724', 1, 1);

--T_MAE_ROL
INSERT INTO T_MAE_ROL (ID_ROL, NOMBRE, REG_USUARIO) VALUES (1, 'ADMINISTRADOR', 0);
INSERT INTO T_MAE_ROL (ID_ROL, NOMBRE, REG_USUARIO) VALUES (2, 'EVALUADOR', 1);
INSERT INTO T_MAE_ROL (ID_ROL, NOMBRE, REG_USUARIO) VALUES (3, 'POSTULANTE', 1);

--T_GENM_USUARIO
INSERT INTO T_GENM_USUARIO (ID_USUARIO, NOMBRES, APELLIDOS, CORREO, CONTRASENA, TELEFONO, ANEXO, CELULAR, ID_INSTITUCION, ID_ROL, REG_USUARIO)
VALUES (1, 'Carlos', 'Galdos', 'carlos@grupo-zuniga.com', 'AK6/N7RQH5kHaUb1RDlVFzBkupiWnfger8B3053UodvdNnMdZqCWYcQs17U2i9Cujw==', '3785212', '1010', '925478365', 1, 1, 1);

--T_GENM_CRITERIO
INSERT INTO T_GENM_CRITERIO (ID_CRITERIO, NOMBRE, ARCHIVO_BASE) VALUES (1, 'Ahorro de energía eléctrica total', 'criterio-01.png');
INSERT INTO T_GENM_CRITERIO (ID_CRITERIO, NOMBRE, ARCHIVO_BASE) VALUES (2, 'Ahorro de consumo de combustible', 'criterio-02.png');
INSERT INTO T_GENM_CRITERIO (ID_CRITERIO, NOMBRE, ARCHIVO_BASE) VALUES (3, 'Generación de puestos de trabajo relacionado a la gestión de la energía', 'criterio-03.png');
INSERT INTO T_GENM_CRITERIO (ID_CRITERIO, NOMBRE, ARCHIVO_BASE) VALUES (4, 'Implementación de un sistema de gestión de la energía', 'criterio-04.png');
INSERT INTO T_GENM_CRITERIO (ID_CRITERIO, NOMBRE, ARCHIVO_BASE) VALUES (5, 'Diagnóstico energético', 'criterio-05.png');
INSERT INTO T_GENM_CRITERIO (ID_CRITERIO, NOMBRE, ARCHIVO_BASE) VALUES (6, 'Cálculo de la huella de carbono', 'criterio-06.png');
INSERT INTO T_GENM_CRITERIO (ID_CRITERIO, NOMBRE, ARCHIVO_BASE) VALUES (7, 'Fortalecimiento de capacidades para el buen uso de la energía', 'criterio-07.png');
INSERT INTO T_GENM_CRITERIO (ID_CRITERIO, NOMBRE, ARCHIVO_BASE) VALUES (8, 'Enfoque transversal de género', 'criterio-08.png');

--T_GENM_REQUERIMIENTO
INSERT INTO T_GENM_REQUERIMIENTO (ID_REQUERIMIENTO, NOMBRE) VALUES (1, 'Documento de saneamiento legal físico.');
INSERT INTO T_GENM_REQUERIMIENTO (ID_REQUERIMIENTO, NOMBRE) VALUES (2, 'Documento de condición activo en la plataforma de la SUNAT.');
INSERT INTO T_GENM_REQUERIMIENTO (ID_REQUERIMIENTO, NOMBRE) VALUES (3, 'Documento sustentatorio relacionado a si la empresa está libre de problemas fiscales y judiciales.');
INSERT INTO T_GENM_REQUERIMIENTO (ID_REQUERIMIENTO, NOMBRE) VALUES (4, 'Constancia de INFOCORP.');
INSERT INTO T_GENM_REQUERIMIENTO (ID_REQUERIMIENTO, NOMBRE) VALUES (5, 'Documento con la firma de compromiso sobre el acceso a la información y confidencialidad.');
INSERT INTO T_GENM_REQUERIMIENTO (ID_REQUERIMIENTO, NOMBRE) VALUES (6, 'Documento con el compromiso de postulación debidamente firmada por el titular o representante legal.');
INSERT INTO T_GENM_REQUERIMIENTO (ID_REQUERIMIENTO, NOMBRE) VALUES (7, 'Copia de constitución de la empresa.');

--T_MAE_PROCESO
INSERT INTO T_MAE_PROCESO (ID_PROCESO, NOMBRE) VALUES (1, 'Publicación y difusión');
INSERT INTO T_MAE_PROCESO (ID_PROCESO, NOMBRE) VALUES (2, 'Postulación');
INSERT INTO T_MAE_PROCESO (ID_PROCESO, NOMBRE) VALUES (3, 'Recopilación de información');
INSERT INTO T_MAE_PROCESO (ID_PROCESO, NOMBRE) VALUES (4, 'Evaluación');
INSERT INTO T_MAE_PROCESO (ID_PROCESO, NOMBRE) VALUES (5, 'Invitación a ceremonia premiación');

--T_MAE_ETAPA
INSERT INTO T_MAE_ETAPA (ID_ETAPA, NOMBRE, ID_PROCESO) VALUES (1, 'Publicación y difusión', 1);
INSERT INTO T_MAE_ETAPA (ID_ETAPA, NOMBRE, ID_PROCESO) VALUES (2, 'Postulación', 2);
INSERT INTO T_MAE_ETAPA (ID_ETAPA, NOMBRE, ID_PROCESO) VALUES (3, 'Recopilación de información', 3);
INSERT INTO T_MAE_ETAPA (ID_ETAPA, NOMBRE, ID_PROCESO) VALUES (4, 'Coordinación', 4);
INSERT INTO T_MAE_ETAPA (ID_ETAPA, NOMBRE, ID_PROCESO) VALUES (5, 'Revisión N1', 4);
INSERT INTO T_MAE_ETAPA (ID_ETAPA, NOMBRE, ID_PROCESO) VALUES (6, 'Informe preliminar', 4);
INSERT INTO T_MAE_ETAPA (ID_ETAPA, NOMBRE, ID_PROCESO) VALUES (7, 'Levantamiento de observaciones', 4);
INSERT INTO T_MAE_ETAPA (ID_ETAPA, NOMBRE, ID_PROCESO) VALUES (8, 'Revisión N2', 4);
INSERT INTO T_MAE_ETAPA (ID_ETAPA, NOMBRE, ID_PROCESO) VALUES (9, 'Informe final', 4);
INSERT INTO T_MAE_ETAPA (ID_ETAPA, NOMBRE, ID_PROCESO) VALUES (10, 'Comunicación de resultados', 4);
INSERT INTO T_MAE_ETAPA (ID_ETAPA, NOMBRE, ID_PROCESO) VALUES (11, 'Invitación a ceremonia premiación',5);

-- T_MAE_ANNO
INSERT INTO T_MAE_ANNO (ID_ANNO, NOMBRE) VALUES (1, '2020');
INSERT INTO T_MAE_ANNO (ID_ANNO, NOMBRE) VALUES (2, '2021');
INSERT INTO T_MAE_ANNO (ID_ANNO, NOMBRE) VALUES (3, '2022');
INSERT INTO T_MAE_ANNO (ID_ANNO, NOMBRE) VALUES (4, '2023');
INSERT INTO T_MAE_ANNO (ID_ANNO, NOMBRE) VALUES (5, '2024');
INSERT INTO T_MAE_ANNO (ID_ANNO, NOMBRE) VALUES (6, '2025');
INSERT INTO T_MAE_ANNO (ID_ANNO, NOMBRE) VALUES (7, '2026');
INSERT INTO T_MAE_ANNO (ID_ANNO, NOMBRE) VALUES (8, '2027');
INSERT INTO T_MAE_ANNO (ID_ANNO, NOMBRE) VALUES (9, '2028');
INSERT INTO T_MAE_ANNO (ID_ANNO, NOMBRE) VALUES (10, '2029');
INSERT INTO T_MAE_ANNO (ID_ANNO, NOMBRE) VALUES (11, '2030');

--T_GENM_CASO
--CRI 1
INSERT INTO T_GENM_CASO (ID_CRITERIO, ID_CASO, NOMBRE) VALUES (1, 1, 'AHORRO ENERGIA');
--CRI 2
INSERT INTO T_GENM_CASO (ID_CRITERIO, ID_CASO, NOMBRE) VALUES (2, 1, 'COMBUSTIBLE');
--CRI 3
INSERT INTO T_GENM_CASO (ID_CRITERIO, ID_CASO, NOMBRE) VALUES (3, 1, 'NUEVOS PUESTOS DE TRABAJO');
--CRI 4
---CASO 1
INSERT INTO T_GENM_CASO (ID_CRITERIO, ID_CASO, NOMBRE) VALUES (4, 1, 'IMPLEMENTACIÓN DE LA NORMA ISO 50001 - SISTEMA DE GESTIÓN DE LA ENERGÍA');
---CASO 2
INSERT INTO T_GENM_CASO (ID_CRITERIO, ID_CASO, NOMBRE) VALUES (4, 2, 'SISTEMA FORMAL PARA REPORTES DE LOS RESULTADOS DEL MONITOREO DE INDICADORES DE DESEMPEÑO ENERGÉTICO');
---CASO 3
INSERT INTO T_GENM_CASO (ID_CRITERIO, ID_CASO, NOMBRE) VALUES (4, 3, 'MONITOREO DE LOS INDICADORES DE DESEMPEÑO ENERGÉTICO');
--CRI 5
--CASO 1
INSERT INTO T_GENM_CASO (ID_CRITERIO, ID_CASO, NOMBRE) VALUES (5, 1, 'AUDITORÍA ENERGÉTICA NIVEL I');
--CASO 2
INSERT INTO T_GENM_CASO (ID_CRITERIO, ID_CASO, NOMBRE) VALUES (5, 2, 'AUDITORÍA ENERGÉTICA NIVEL II');
--CASO 3
INSERT INTO T_GENM_CASO (ID_CRITERIO, ID_CASO, NOMBRE) VALUES (5, 3, 'AUDITORÍA ENERGÉTICA NIVEL III');
--CRI 6
--CASO 1
INSERT INTO T_GENM_CASO (ID_CRITERIO, ID_CASO, NOMBRE) VALUES (6, 1, 'HA CALCULADO SU HUELLA DE CARBONO UTILIZANDO LA HERRAMIENTA HUELLA DE CARBONO PERÚ');
--CASO 2
INSERT INTO T_GENM_CASO (ID_CRITERIO, ID_CASO, NOMBRE) VALUES (6, 2, 'HA CALCULADO SU HUELLA DE CARBONO UTILIZANDO LA HERRAMIENTA HUELLA DE CARBONO PERÚ Y VERIFICADO POR UNA ENTIDAD ACREDITADA');
--CASO 1
INSERT INTO T_GENM_CASO (ID_CRITERIO, ID_CASO, NOMBRE) VALUES (6, 3, 'HA CALCULADO SU HUELLA DE CARBONO UTILIZANDO LA HERRAMIENTA HUELLA DE CARBONO PERÚ, COMPENSADO SU HUELLA DE CARBONO Y VERIFICADO POR UNA ENTIDAD ACREDITADA');
--CRI 7
INSERT INTO T_GENM_CASO (ID_CRITERIO, ID_CASO, NOMBRE) VALUES (7, 1, 'FORTALECIMIENTO DE CAPACIDADES');
--CRI 8
INSERT INTO T_GENM_CASO (ID_CRITERIO, ID_CASO, NOMBRE) VALUES (8, 1, 'IGUALDAD DE GÉNERO');

--T_GENM_COMPONENTE
INSERT INTO T_GENM_COMPONENTE (ID_CRITERIO, ID_CASO, ID_COMPONENTE, NOMBRE, INCREMENTABLE) VALUES (1, 1, 1, 'CRIT1_CAS1_COMP1', '0');
INSERT INTO T_GENM_COMPONENTE (ID_CRITERIO, ID_CASO, ID_COMPONENTE, NOMBRE, INCREMENTABLE) VALUES (2, 1, 1, 'CRIT2_CAS1_COMP1', '0');
INSERT INTO T_GENM_COMPONENTE (ID_CRITERIO, ID_CASO, ID_COMPONENTE, NOMBRE, INCREMENTABLE) VALUES (3, 1, 1, 'CRIT3_CAS1_COMP1', '0');
INSERT INTO T_GENM_COMPONENTE (ID_CRITERIO, ID_CASO, ID_COMPONENTE, NOMBRE, INCREMENTABLE) VALUES (3, 1, 2, 'CRIT3_CAS1_COMP2', '1');
INSERT INTO T_GENM_COMPONENTE (ID_CRITERIO, ID_CASO, ID_COMPONENTE, NOMBRE, INCREMENTABLE) VALUES (4, 1, 1, 'CRIT4_CAS1_COMP1', '0');
INSERT INTO T_GENM_COMPONENTE (ID_CRITERIO, ID_CASO, ID_COMPONENTE, NOMBRE, INCREMENTABLE) VALUES (4, 1, 2, 'CRIT4_CAS1_COMP2', '0');
INSERT INTO T_GENM_COMPONENTE (ID_CRITERIO, ID_CASO, ID_COMPONENTE, NOMBRE, INCREMENTABLE) VALUES (4, 2, 1, 'CRIT4_CAS2_COMP1', '0');
INSERT INTO T_GENM_COMPONENTE (ID_CRITERIO, ID_CASO, ID_COMPONENTE, NOMBRE, INCREMENTABLE) VALUES (4, 2, 2, 'CRIT4_CAS2_COMP2', '0');
INSERT INTO T_GENM_COMPONENTE (ID_CRITERIO, ID_CASO, ID_COMPONENTE, NOMBRE, INCREMENTABLE) VALUES (4, 3, 1, 'CRIT4_CAS3_COMP1', '0');
INSERT INTO T_GENM_COMPONENTE (ID_CRITERIO, ID_CASO, ID_COMPONENTE, NOMBRE, INCREMENTABLE) VALUES (4, 3, 2, 'CRIT4_CAS3_COMP2', '0');
INSERT INTO T_GENM_COMPONENTE (ID_CRITERIO, ID_CASO, ID_COMPONENTE, NOMBRE, INCREMENTABLE) VALUES (4, 3, 3, 'CRIT4_CAS3_COMP3', '1');
INSERT INTO T_GENM_COMPONENTE (ID_CRITERIO, ID_CASO, ID_COMPONENTE, NOMBRE, INCREMENTABLE) VALUES (5, 1, 1, 'CRIT5_CAS1_COMP1', '0');
INSERT INTO T_GENM_COMPONENTE (ID_CRITERIO, ID_CASO, ID_COMPONENTE, NOMBRE, INCREMENTABLE) VALUES (5, 1, 2, 'CRIT5_CAS1_COMP2', '0');
INSERT INTO T_GENM_COMPONENTE (ID_CRITERIO, ID_CASO, ID_COMPONENTE, NOMBRE, INCREMENTABLE) VALUES (5, 2, 1, 'CRIT5_CAS2_COMP1', '0');
INSERT INTO T_GENM_COMPONENTE (ID_CRITERIO, ID_CASO, ID_COMPONENTE, NOMBRE, INCREMENTABLE) VALUES (5, 2, 2, 'CRIT5_CAS2_COMP2', '0');
INSERT INTO T_GENM_COMPONENTE (ID_CRITERIO, ID_CASO, ID_COMPONENTE, NOMBRE, INCREMENTABLE) VALUES (5, 3, 1, 'CRIT5_CAS3_COMP1', '0');
INSERT INTO T_GENM_COMPONENTE (ID_CRITERIO, ID_CASO, ID_COMPONENTE, NOMBRE, INCREMENTABLE) VALUES (5, 3, 2, 'CRIT5_CAS3_COMP2', '0');
INSERT INTO T_GENM_COMPONENTE (ID_CRITERIO, ID_CASO, ID_COMPONENTE, NOMBRE, INCREMENTABLE) VALUES (6, 1, 1, 'CRIT6_CAS1_COMP1', '0');
INSERT INTO T_GENM_COMPONENTE (ID_CRITERIO, ID_CASO, ID_COMPONENTE, NOMBRE, INCREMENTABLE) VALUES (6, 2, 1, 'CRIT6_CAS2_COMP1', '0');
INSERT INTO T_GENM_COMPONENTE (ID_CRITERIO, ID_CASO, ID_COMPONENTE, NOMBRE, INCREMENTABLE) VALUES (6, 3, 1, 'CRIT6_CAS3_COMP1', '0');
INSERT INTO T_GENM_COMPONENTE (ID_CRITERIO, ID_CASO, ID_COMPONENTE, NOMBRE, INCREMENTABLE) VALUES (7, 1, 1, 'CRIT7_CAS1_COMP1', '1');
INSERT INTO T_GENM_COMPONENTE (ID_CRITERIO, ID_CASO, ID_COMPONENTE, NOMBRE, INCREMENTABLE) VALUES (8, 1, 1, 'CRIT8_CAS1_COMP1', '0');
INSERT INTO T_GENM_COMPONENTE (ID_CRITERIO, ID_CASO, ID_COMPONENTE, NOMBRE, INCREMENTABLE) VALUES (8, 1, 2, 'CRIT8_CAS1_COMP2', '1');
INSERT INTO T_GENM_COMPONENTE (ID_CRITERIO, ID_CASO, ID_COMPONENTE, NOMBRE, INCREMENTABLE) VALUES (8, 1, 3, 'CRIT8_CAS1_COMP3', '0');

--T_MAE_TIPO_CONTROL
INSERT INTO T_MAE_TIPO_CONTROL (ID_TIPO_CONTROL, NOMBRE) VALUES (1, 'LISTA');
INSERT INTO T_MAE_TIPO_CONTROL (ID_TIPO_CONTROL, NOMBRE) VALUES (2, 'TEXTO');

--T_MAE_TIPO_DATO
INSERT INTO T_MAE_TIPO_DATO (ID_TIPO_DATO, NOMBRE) VALUES (1, 'NUMERO');
INSERT INTO T_MAE_TIPO_DATO (ID_TIPO_DATO, NOMBRE) VALUES (2, 'ALFANUMERICO');
INSERT INTO T_MAE_TIPO_DATO (ID_TIPO_DATO, NOMBRE) VALUES (3, 'FECHA');

--CRITERIO N1
INSERT INTO T_MAEM_PARAMETRO (ID_PARAMETRO, NOMBRE, ETIQUETA, ID_TIPO_CONTROL, ID_TIPO_DATO, DECIMAL_V, VERIFICABLE, EDITABLE, OBTENIBLE, ESTATICO, FILTRO, RESULTADO, TAMANO, DESCRIPCION, UNIDAD) VALUES (1, 'Año de implementación', 'P1CR1CS1CM1', 2, 1, '0', '0', '1', '0', '0', NULL, '0', 4,'', '');
INSERT INTO T_MAEM_PARAMETRO (ID_PARAMETRO, NOMBRE, ETIQUETA, ID_TIPO_CONTROL, ID_TIPO_DATO, DECIMAL_V, VERIFICABLE, EDITABLE, OBTENIBLE, ESTATICO, FILTRO, RESULTADO, TAMANO, DESCRIPCION, UNIDAD) VALUES (2, 'Consumo energía eléctrica antes de la implementación Total', 'P2CR1CS1CM1',2,1, '1', '1', '1', '0', '0',  NULL, '0', 15,'', 'kWh/año');
INSERT INTO T_MAEM_PARAMETRO (ID_PARAMETRO, NOMBRE, ETIQUETA, ID_TIPO_CONTROL, ID_TIPO_DATO, DECIMAL_V, VERIFICABLE, EDITABLE, OBTENIBLE, ESTATICO, FILTRO, RESULTADO, TAMANO, DESCRIPCION, UNIDAD) VALUES (3, 'Consumo energía eléctrica después de la implementación Total', 'P3CR1CS1CM1',2,1, '1', '1', '1', '0', '0',  NULL, '0', 15,'','kWh/año');
INSERT INTO T_MAEM_PARAMETRO (ID_PARAMETRO, NOMBRE, ETIQUETA, ID_TIPO_CONTROL, ID_TIPO_DATO, DECIMAL_V, VERIFICABLE, EDITABLE, OBTENIBLE, ESTATICO, FILTRO, RESULTADO, TAMANO, DESCRIPCION, UNIDAD) VALUES (4, 'Ahorro energético', 'P4CR1CS1CM1',2,1, '1', '0', '0', '0', '0', NULL, '1', 15,'','kWh/año');
INSERT INTO T_MAEM_PARAMETRO (ID_PARAMETRO, NOMBRE, ETIQUETA, ID_TIPO_CONTROL, ID_TIPO_DATO, DECIMAL_V, VERIFICABLE, EDITABLE, OBTENIBLE, ESTATICO, FILTRO, RESULTADO, TAMANO, DESCRIPCION, UNIDAD) VALUES (5, 'Reducción de emisiones', 'P5CR1CS1CM1',2,1, '1', '0', '0', '0', '0', NULL, '1', 15, '','kgCO2');
INSERT INTO T_MAEM_PARAMETRO (ID_PARAMETRO, NOMBRE, ETIQUETA, ID_TIPO_CONTROL, ID_TIPO_DATO, DECIMAL_V, VERIFICABLE, EDITABLE, OBTENIBLE, ESTATICO, FILTRO, RESULTADO, TAMANO, DESCRIPCION, UNIDAD) VALUES (6, 'Porcentaje', 'P6CR1CS1CM1',2,1, '1', '0', '0', '0', '0', NULL, '1', 15, '','%');
--CRITERIO N2
INSERT INTO T_MAEM_PARAMETRO (ID_PARAMETRO, NOMBRE, ETIQUETA, ID_TIPO_CONTROL, ID_TIPO_DATO, DECIMAL_V, VERIFICABLE, EDITABLE, OBTENIBLE, ESTATICO, FILTRO, RESULTADO, TAMANO, DESCRIPCION, UNIDAD) VALUES (7, 'Combustible línea base', 'P7CR2CS2CM2',2,2, NULL, '0', '1', '0', '0', NULL, NULL, 50,'Combustible utilizado antes de la implementación de mejora', '');
INSERT INTO T_MAEM_PARAMETRO (ID_PARAMETRO, NOMBRE, ETIQUETA, ID_TIPO_CONTROL, ID_TIPO_DATO, DECIMAL_V, VERIFICABLE, EDITABLE, OBTENIBLE, ESTATICO, FILTRO, RESULTADO, TAMANO, DESCRIPCION, UNIDAD) VALUES (8, 'Consumo anual línea base', 'P8CR2CS2CM2',2,1, '1', '0', '1', '0', '0', NULL, '0', 15,'Cantidad de combustible que se consumió durante un año de operaciones antes de la implementación de mejora', '');
INSERT INTO T_MAEM_PARAMETRO (ID_PARAMETRO, NOMBRE, ETIQUETA, ID_TIPO_CONTROL, ID_TIPO_DATO, DECIMAL_V, VERIFICABLE, EDITABLE, OBTENIBLE, ESTATICO, FILTRO, RESULTADO, TAMANO, DESCRIPCION, UNIDAD) VALUES (9, 'Unidad de consumo línea base', 'P9CR2CS2CM2',2, 2, NULL, '0', '1', '0', '0', NULL, NULL, 50,'Refiere a las unidades del energético consumido', '');
INSERT INTO T_MAEM_PARAMETRO (ID_PARAMETRO, NOMBRE, ETIQUETA, ID_TIPO_CONTROL, ID_TIPO_DATO, DECIMAL_V, VERIFICABLE, EDITABLE, OBTENIBLE, ESTATICO, FILTRO, RESULTADO, TAMANO, DESCRIPCION, UNIDAD) VALUES (10, 'Año', 'P10CR2CS2CM2',2,1, '0', '0', '1', '0', '0', NULL, '0', 4,'Año de implementación de mejora', '');
INSERT INTO T_MAEM_PARAMETRO (ID_PARAMETRO, NOMBRE, ETIQUETA, ID_TIPO_CONTROL, ID_TIPO_DATO, DECIMAL_V, VERIFICABLE, EDITABLE, OBTENIBLE, ESTATICO, FILTRO, RESULTADO, TAMANO, DESCRIPCION, UNIDAD) VALUES (11, 'Combustible mejora', 'P11CR2CS2CM2',2,2, NULL, '0', '1', '0', '0', NULL, NULL, 50,'Combustible utilizado despues de la implementación de mejora', '');
INSERT INTO T_MAEM_PARAMETRO (ID_PARAMETRO, NOMBRE, ETIQUETA, ID_TIPO_CONTROL, ID_TIPO_DATO, DECIMAL_V, VERIFICABLE, EDITABLE, OBTENIBLE, ESTATICO, FILTRO, RESULTADO, TAMANO, DESCRIPCION, UNIDAD) VALUES (12, 'Consumo anual mejora', 'P12CR2CS2CM2',2,1, '1', '0', '1', '0', '0', NULL, '0', 15,'Cantidad de combustible que se consumió durante el año de operación post implementación de mejora', '');
INSERT INTO T_MAEM_PARAMETRO (ID_PARAMETRO, NOMBRE, ETIQUETA, ID_TIPO_CONTROL, ID_TIPO_DATO, DECIMAL_V, VERIFICABLE, EDITABLE, OBTENIBLE, ESTATICO, FILTRO, RESULTADO, TAMANO, DESCRIPCION, UNIDAD) VALUES (13, 'Unidad de consumo mejora', 'P13CR2CS2CM2',2, 2, '0', '0', '1', '0', '0', NULL, NULL, 50,'Refiere a las unidades del energético consumido', '');
--CRITERIO N3
INSERT INTO T_MAEM_PARAMETRO (ID_PARAMETRO, NOMBRE, ETIQUETA, ID_TIPO_CONTROL, ID_TIPO_DATO, DECIMAL_V, VERIFICABLE, EDITABLE, OBTENIBLE, ESTATICO, FILTRO, RESULTADO, TAMANO, DESCRIPCION, UNIDAD) VALUES (14, 'Cantidad total de personal línea base', 'P14CR1CS1CM1',2 ,1, '0', '0', '1', '0', '0', NULL, '0', 8,'Hace referencia antes de la implementación de la medida', '');
INSERT INTO T_MAEM_PARAMETRO (ID_PARAMETRO, NOMBRE, ETIQUETA, ID_TIPO_CONTROL, ID_TIPO_DATO, DECIMAL_V, VERIFICABLE, EDITABLE, OBTENIBLE, ESTATICO, FILTRO, RESULTADO, TAMANO, DESCRIPCION, UNIDAD) VALUES (15, 'Cantidad total de personal dedicado a Gestión de la energía línea base', 'P15CR1CS1CM1',2,1, '0', '0', '1', '0', '0', NULL, '0', 7,'Hace referencia antes de la implementación de la medida', '');
INSERT INTO T_MAEM_PARAMETRO (ID_PARAMETRO, NOMBRE, ETIQUETA, ID_TIPO_CONTROL, ID_TIPO_DATO, DECIMAL_V, VERIFICABLE, EDITABLE, OBTENIBLE, ESTATICO, FILTRO, RESULTADO, TAMANO, DESCRIPCION, UNIDAD) VALUES (16, 'Cantidad total de personal mejora', 'P16CR1CS1CM1',2,1, '0', '0', '1', '0', '0', NULL, '0', 8,'Hace referencia despues de la implementación de la medida', '');
INSERT INTO T_MAEM_PARAMETRO (ID_PARAMETRO, NOMBRE, ETIQUETA, ID_TIPO_CONTROL, ID_TIPO_DATO, DECIMAL_V, VERIFICABLE, EDITABLE, OBTENIBLE, ESTATICO, FILTRO, RESULTADO, TAMANO, DESCRIPCION, UNIDAD) VALUES (17, 'Cantidad total de personal dedicado a Gestión de la energía mejora', 'P17CR1CS1CM1',2,1, '0', '0', '1', '0', '0', NULL, '0', 7,'Hace referencia despues de la implementación de la medida', '');
--caso 
INSERT INTO T_MAEM_PARAMETRO (ID_PARAMETRO, NOMBRE, ETIQUETA, ID_TIPO_CONTROL, ID_TIPO_DATO, DECIMAL_V, VERIFICABLE, EDITABLE, OBTENIBLE, ESTATICO, FILTRO, RESULTADO, TAMANO, DESCRIPCION, UNIDAD) VALUES (18, 'Nombres', 'P18CR1CS1CM1',2,2, NULL, '0', '1', '0', '0', NULL, NULL, 60,'', '');
INSERT INTO T_MAEM_PARAMETRO (ID_PARAMETRO, NOMBRE, ETIQUETA, ID_TIPO_CONTROL, ID_TIPO_DATO, DECIMAL_V, VERIFICABLE, EDITABLE, OBTENIBLE, ESTATICO, FILTRO, RESULTADO, TAMANO, DESCRIPCION, UNIDAD) VALUES (19, 'Actividad', 'P19CR1CS1CM1',1,NULL, NULL, '0', '1', '0', '0', NULL, NULL, NULL,'Dedica el 80% de sus funciones a las siguientes actividades', '');
--CRITERIO N4
INSERT INTO T_MAEM_PARAMETRO (ID_PARAMETRO, NOMBRE, ETIQUETA, ID_TIPO_CONTROL, ID_TIPO_DATO, DECIMAL_V, VERIFICABLE, EDITABLE, OBTENIBLE, ESTATICO, FILTRO, RESULTADO, TAMANO, DESCRIPCION, UNIDAD) VALUES (20, 'Sector', 'P20CR1CS1CM1',1,NULL, NULL, '0', '1', '0', '0', NULL, NULL, NULL,'Sector de la empresa o entidad', '');
INSERT INTO T_MAEM_PARAMETRO (ID_PARAMETRO, NOMBRE, ETIQUETA, ID_TIPO_CONTROL, ID_TIPO_DATO, DECIMAL_V, VERIFICABLE, EDITABLE, OBTENIBLE, ESTATICO, FILTRO, RESULTADO, TAMANO, DESCRIPCION, UNIDAD) VALUES (21, 'Nombre de sede o empresa', 'P21CR1CS1CM1',2,2, NULL, '0', '1', '0', '0', NULL, NULL, 60,'Sede o edificio que ha implementado un Sistema de Gestión de Energía', '');
INSERT INTO T_MAEM_PARAMETRO (ID_PARAMETRO, NOMBRE, ETIQUETA, ID_TIPO_CONTROL, ID_TIPO_DATO, DECIMAL_V, VERIFICABLE, EDITABLE, OBTENIBLE, ESTATICO, FILTRO, RESULTADO, TAMANO, DESCRIPCION, UNIDAD) VALUES (22, 'Responsable de la información', 'P22CR1CS1CM1',2,2, NULL, '0', '1', '0', '0', NULL, NULL, 50,'Nombre de la empresa de servicios energéticos o persona natural que realizó la implementación', '');
INSERT INTO T_MAEM_PARAMETRO (ID_PARAMETRO, NOMBRE, ETIQUETA, ID_TIPO_CONTROL, ID_TIPO_DATO, DECIMAL_V, VERIFICABLE, EDITABLE, OBTENIBLE, ESTATICO, FILTRO, RESULTADO, TAMANO, DESCRIPCION, UNIDAD) VALUES (23, 'Implementación de un sistema de gestión de la energía', 'P23CR1CS1CM1',2,2, NULL, '0', '1', '0', '1', NULL, NULL, 120,'', '');
INSERT INTO T_MAEM_PARAMETRO (ID_PARAMETRO, NOMBRE, ETIQUETA, ID_TIPO_CONTROL, ID_TIPO_DATO, DECIMAL_V, VERIFICABLE, EDITABLE, OBTENIBLE, ESTATICO, FILTRO, RESULTADO, TAMANO, DESCRIPCION, UNIDAD) VALUES (24, 'Fecha implementación inicio', 'P24CR1CS1CM1',2,3, NULL, '0', '1', '0', '0', NULL, NULL, NULL,'Fecha inicio de la implementación de la medida', '');
INSERT INTO T_MAEM_PARAMETRO (ID_PARAMETRO, NOMBRE, ETIQUETA, ID_TIPO_CONTROL, ID_TIPO_DATO, DECIMAL_V, VERIFICABLE, EDITABLE, OBTENIBLE, ESTATICO, FILTRO, RESULTADO, TAMANO, DESCRIPCION, UNIDAD) VALUES (25, 'Fecha implementación fin', 'P25CR1CS1CM1',2,3, NULL, '0', '1', '0', '0', NULL, NULL, NULL,'Fecha fin de la implementación de la medida', '');
INSERT INTO T_MAEM_PARAMETRO (ID_PARAMETRO, NOMBRE, ETIQUETA, ID_TIPO_CONTROL, ID_TIPO_DATO, DECIMAL_V, VERIFICABLE, EDITABLE, OBTENIBLE, ESTATICO, FILTRO, RESULTADO, TAMANO, DESCRIPCION, UNIDAD) VALUES (26, 'Detalles de la implementación de la medida', 'P24CR1CS1CM1',2,2, NULL, '0', '1', '0', '0', NULL, NULL, 300,'', '');
INSERT INTO T_MAEM_PARAMETRO (ID_PARAMETRO, NOMBRE, ETIQUETA, ID_TIPO_CONTROL, ID_TIPO_DATO, DECIMAL_V, VERIFICABLE, EDITABLE, OBTENIBLE, ESTATICO, FILTRO, RESULTADO, TAMANO, DESCRIPCION, UNIDAD) VALUES (27, 'Sector', 'P20CR1CS1CM1',1,NULL, NULL, '0', '1', '0', '0', '28', NULL, NULL,'Sector de la empresa o entidad', '');
INSERT INTO T_MAEM_PARAMETRO (ID_PARAMETRO, NOMBRE, ETIQUETA, ID_TIPO_CONTROL, ID_TIPO_DATO, DECIMAL_V, VERIFICABLE, EDITABLE, OBTENIBLE, ESTATICO, FILTRO, RESULTADO, TAMANO, DESCRIPCION, UNIDAD) VALUES (28, 'Sub-sector', 'P20CR1CS1CM1',1,NULL, NULL, '0', '1', '0', '0', '29|30', NULL, NULL,'', '');
INSERT INTO T_MAEM_PARAMETRO (ID_PARAMETRO, NOMBRE, ETIQUETA, ID_TIPO_CONTROL, ID_TIPO_DATO, DECIMAL_V, VERIFICABLE, EDITABLE, OBTENIBLE, ESTATICO, FILTRO, RESULTADO, TAMANO, DESCRIPCION, UNIDAD) VALUES (29, 'Indicador de desempeño energético', 'P20CR1CS1CM1',1,NULL, NULL, '0', '1', '0', '0', '30', NULL, NULL,'', '');
INSERT INTO T_MAEM_PARAMETRO (ID_PARAMETRO, NOMBRE, ETIQUETA, ID_TIPO_CONTROL, ID_TIPO_DATO, DECIMAL_V, VERIFICABLE, EDITABLE, OBTENIBLE, ESTATICO, FILTRO, RESULTADO, TAMANO, DESCRIPCION, UNIDAD) VALUES (30, 'Unidad', 'P20CR1CS1CM1',1,NULL, NULL, '0', '1', '0', '0', NULL, NULL, 50,'', '');
INSERT INTO T_MAEM_PARAMETRO (ID_PARAMETRO, NOMBRE, ETIQUETA, ID_TIPO_CONTROL, ID_TIPO_DATO, DECIMAL_V, VERIFICABLE, EDITABLE, OBTENIBLE, ESTATICO, FILTRO, RESULTADO, TAMANO, DESCRIPCION, UNIDAD) VALUES (31, 'Valor', 'P21CR1CS1CM1',2,1, '1', '0', '1', '0', '0', NULL, '0', 15,'', '');
--CRITERIO N5
INSERT INTO T_MAEM_PARAMETRO (ID_PARAMETRO, NOMBRE, ETIQUETA, ID_TIPO_CONTROL, ID_TIPO_DATO, DECIMAL_V, VERIFICABLE, EDITABLE, OBTENIBLE, ESTATICO, FILTRO, RESULTADO, TAMANO, DESCRIPCION, UNIDAD) VALUES (32, 'Tipo de auditoría energética', 'P26CM1CS1CR1',2,2, NULL, '0', '1', '0', '1', NULL, NULL, 100,'Tipo de Auditoría energética practicada en la empresa/entidad o sede', '');
INSERT INTO T_MAEM_PARAMETRO (ID_PARAMETRO, NOMBRE, ETIQUETA, ID_TIPO_CONTROL, ID_TIPO_DATO, DECIMAL_V, VERIFICABLE, EDITABLE, OBTENIBLE, ESTATICO, FILTRO, RESULTADO, TAMANO, DESCRIPCION, UNIDAD) VALUES (33, 'Sector', 'P27CM1CS1CR1',1, NULL, NULL, '0', '1', '1', '0', NULL, NULL, NULL,'Diferenciación entre sector público y privado','');
INSERT INTO T_MAEM_PARAMETRO (ID_PARAMETRO, NOMBRE, ETIQUETA, ID_TIPO_CONTROL, ID_TIPO_DATO, DECIMAL_V, VERIFICABLE, EDITABLE, OBTENIBLE, ESTATICO, FILTRO, RESULTADO, TAMANO, DESCRIPCION, UNIDAD) VALUES (34, 'Sector económico', 'P28CM2CS1CR1',2, 2, NULL, '0', '1', '0', '0', NULL, NULL, 60,'Sector económico al que pertenece su empresa o entidad','');
INSERT INTO T_MAEM_PARAMETRO (ID_PARAMETRO, NOMBRE, ETIQUETA, ID_TIPO_CONTROL, ID_TIPO_DATO, DECIMAL_V, VERIFICABLE, EDITABLE, OBTENIBLE, ESTATICO, FILTRO, RESULTADO, TAMANO, DESCRIPCION, UNIDAD) VALUES (35, 'Empresa', 'P29CM2CS1CR1',2, 2, NULL, '0', '1', '0', '0', NULL, NULL, 60,'Empresa donde se ha practicado la Auditoría Energética','');
INSERT INTO T_MAEM_PARAMETRO (ID_PARAMETRO, NOMBRE, ETIQUETA, ID_TIPO_CONTROL, ID_TIPO_DATO, DECIMAL_V, VERIFICABLE, EDITABLE, OBTENIBLE, ESTATICO, FILTRO, RESULTADO, TAMANO, DESCRIPCION, UNIDAD) VALUES (36, 'Sede', 'P30CM2CS1CR1',2, 2, NULL, '0', '1', '1', '0', NULL, NULL, 50,'Sede en donde se ha practicado la Auditoría Energética','');
INSERT INTO T_MAEM_PARAMETRO (ID_PARAMETRO, NOMBRE, ETIQUETA, ID_TIPO_CONTROL, ID_TIPO_DATO, DECIMAL_V, VERIFICABLE, EDITABLE, OBTENIBLE, ESTATICO, FILTRO, RESULTADO, TAMANO, DESCRIPCION, UNIDAD) VALUES (37, 'Año', 'P31CR1CS1CM1',2,1, '0', '0', '1', '0', '0', NULL, '0', 4,'Año realizó la Auditoría Energética', '');
INSERT INTO T_MAEM_PARAMETRO (ID_PARAMETRO, NOMBRE, ETIQUETA, ID_TIPO_CONTROL, ID_TIPO_DATO, DECIMAL_V, VERIFICABLE, EDITABLE, OBTENIBLE, ESTATICO, FILTRO, RESULTADO, TAMANO, DESCRIPCION, UNIDAD) VALUES (38, 'Ahorro energético', 'P32CR1CS1CM1',2,1, '1', '0', '1', '0', '0', NULL, '0', 15,'Ahorro energético esperado en el informe de Auditoría', '');
INSERT INTO T_MAEM_PARAMETRO (ID_PARAMETRO, NOMBRE, ETIQUETA, ID_TIPO_CONTROL, ID_TIPO_DATO, DECIMAL_V, VERIFICABLE, EDITABLE, OBTENIBLE, ESTATICO, FILTRO, RESULTADO, TAMANO, DESCRIPCION, UNIDAD) VALUES (39, 'Emisiones reducidas', 'P33CR1CS1CM1',2,1, '1', '0', '1', '0', '0', NULL, '0', 15,'Reducción de emisiones esperadas en el informe de Auditoría', 'tCO2');
INSERT INTO T_MAEM_PARAMETRO (ID_PARAMETRO, NOMBRE, ETIQUETA, ID_TIPO_CONTROL, ID_TIPO_DATO, DECIMAL_V, VERIFICABLE, EDITABLE, OBTENIBLE, ESTATICO, FILTRO, RESULTADO, TAMANO, DESCRIPCION, UNIDAD) VALUES (40, 'Consultora externa', 'P34CR1CS1CM1',2,2, NULL, '0', '1', '0', '0', NULL, NULL, 60,'Empresa encargada del desarrollo de la Auditoría', '');
INSERT INTO T_MAEM_PARAMETRO (ID_PARAMETRO, NOMBRE, ETIQUETA, ID_TIPO_CONTROL, ID_TIPO_DATO, DECIMAL_V, VERIFICABLE, EDITABLE, OBTENIBLE, ESTATICO, FILTRO, RESULTADO, TAMANO, DESCRIPCION, UNIDAD) VALUES (41, 'Detalles Mejoras propuestas en el informe de Auditorías', 'P24CR1CS1CM1',2,2, NULL, '0', '1', '0', '0', NULL, NULL, 300,'', '');
--CRITERIO N6
INSERT INTO T_MAEM_PARAMETRO (ID_PARAMETRO, NOMBRE, ETIQUETA, ID_TIPO_CONTROL, ID_TIPO_DATO, DECIMAL_V, VERIFICABLE, EDITABLE, OBTENIBLE, ESTATICO, FILTRO, RESULTADO, TAMANO, DESCRIPCION, UNIDAD) VALUES (42, 'Reconocimiento adquirido', 'P35CR1CS1CM1',2,2, NULL, '0', '1', '0', '0', NULL, NULL, 60,'Es el reconocimiento que se le ha brindado a la entidad o empresa de la Herramienta de Huella de Carbono Perú - MINAM', '');
INSERT INTO T_MAEM_PARAMETRO (ID_PARAMETRO, NOMBRE, ETIQUETA, ID_TIPO_CONTROL, ID_TIPO_DATO, DECIMAL_V, VERIFICABLE, EDITABLE, OBTENIBLE, ESTATICO, FILTRO, RESULTADO, TAMANO, DESCRIPCION, UNIDAD) VALUES (43, 'Sector', 'P36CR1CS1CM1',1,NULL, NULL, '0', '1', '0', '0', NULL, NULL, NULL,'Sector comercial con el que se encuentran registrados en la Plataforma Huella de Carbono Perú', '');
INSERT INTO T_MAEM_PARAMETRO (ID_PARAMETRO, NOMBRE, ETIQUETA, ID_TIPO_CONTROL, ID_TIPO_DATO, DECIMAL_V, VERIFICABLE, EDITABLE, OBTENIBLE, ESTATICO, FILTRO, RESULTADO, TAMANO, DESCRIPCION, UNIDAD) VALUES (44, 'Empresa', 'P37CR1CS1CM1',2,2, NULL, '0', '1', '0', '0', NULL, NULL, 60,'Empresa donde se ha practicado la Huella de Carbono', '');
INSERT INTO T_MAEM_PARAMETRO (ID_PARAMETRO, NOMBRE, ETIQUETA, ID_TIPO_CONTROL, ID_TIPO_DATO, DECIMAL_V, VERIFICABLE, EDITABLE, OBTENIBLE, ESTATICO, FILTRO, RESULTADO, TAMANO, DESCRIPCION, UNIDAD) VALUES (45, 'Sede', 'P38CM2CS1CR1',2, 2, NULL, '0', '1', '1', '0', NULL, NULL, 50,'Sede en donde se ha practicado la Huella de Carbono','');
INSERT INTO T_MAEM_PARAMETRO (ID_PARAMETRO, NOMBRE, ETIQUETA, ID_TIPO_CONTROL, ID_TIPO_DATO, DECIMAL_V, VERIFICABLE, EDITABLE, OBTENIBLE, ESTATICO, FILTRO, RESULTADO, TAMANO, DESCRIPCION, UNIDAD) VALUES (46, 'Año', 'P39CR1CS1CM1',2,1, '0', '0', '1', '0', '0', NULL, '0', 4,'Año donde se calculó la Huella de Carbono', '');
INSERT INTO T_MAEM_PARAMETRO (ID_PARAMETRO, NOMBRE, ETIQUETA, ID_TIPO_CONTROL, ID_TIPO_DATO, DECIMAL_V, VERIFICABLE, EDITABLE, OBTENIBLE, ESTATICO, FILTRO, RESULTADO, TAMANO, DESCRIPCION, UNIDAD) VALUES (47, 'Emisiones generadas', 'P40CR1CS1CM1',2,1, '1', '0', '1', '0', '0', NULL, '0', 15,'Cálculo de Huella de Carbono', 'tCO2');
INSERT INTO T_MAEM_PARAMETRO (ID_PARAMETRO, NOMBRE, ETIQUETA, ID_TIPO_CONTROL, ID_TIPO_DATO, DECIMAL_V, VERIFICABLE, EDITABLE, OBTENIBLE, ESTATICO, FILTRO, RESULTADO, TAMANO, DESCRIPCION, UNIDAD) VALUES (48, 'Certificado de verificación', 'P41CR1CS1CM1',1,NULL, NULL, '0', '1', '0', '0', NULL, NULL, NULL,'Solo si ha sido verificado por una entidad acreditada', '');
INSERT INTO T_MAEM_PARAMETRO (ID_PARAMETRO, NOMBRE, ETIQUETA, ID_TIPO_CONTROL, ID_TIPO_DATO, DECIMAL_V, VERIFICABLE, EDITABLE, OBTENIBLE, ESTATICO, FILTRO, RESULTADO, TAMANO, DESCRIPCION, UNIDAD) VALUES (49, 'Emisiones reducidas', 'P42CR1CS1CM1',2,1, '1', '0', '1', '0', '0', NULL, '0', 15,'Reducción de huellas o reducción de emisiones', 'tCO2');
INSERT INTO T_MAEM_PARAMETRO (ID_PARAMETRO, NOMBRE, ETIQUETA, ID_TIPO_CONTROL, ID_TIPO_DATO, DECIMAL_V, VERIFICABLE, EDITABLE, OBTENIBLE, ESTATICO, FILTRO, RESULTADO, TAMANO, DESCRIPCION, UNIDAD) VALUES (50, 'Consultora externa', 'P43CR1CS1CM1',2,2, NULL, '0', '1', '0', '0', NULL, NULL, 60,'Empresa encargada del cálculo', '');
--CRITERIO N7
INSERT INTO T_MAEM_PARAMETRO (ID_PARAMETRO, NOMBRE, ETIQUETA, ID_TIPO_CONTROL, ID_TIPO_DATO, DECIMAL_V, VERIFICABLE, EDITABLE, OBTENIBLE, ESTATICO, FILTRO, RESULTADO, TAMANO, DESCRIPCION, UNIDAD) VALUES (51, 'Nombre de Sede o Empresa', 'P44CR1CS1CM1',2,2, NULL, '0', '1', '0', '0', NULL, NULL, 60,'Sede o edificio que ha implementado un Sistema de Gestión de Energía', '');
INSERT INTO T_MAEM_PARAMETRO (ID_PARAMETRO, NOMBRE, ETIQUETA, ID_TIPO_CONTROL, ID_TIPO_DATO, DECIMAL_V, VERIFICABLE, EDITABLE, OBTENIBLE, ESTATICO, FILTRO, RESULTADO, TAMANO, DESCRIPCION, UNIDAD) VALUES (52, 'Actividad realizada', 'P45CR1CS1CM1',1,NULL, NULL, '0', '1', '0', '0', NULL, NULL, NULL,'Actividades relacionadas al uso eficiente de la energía y/o cambio climático', '');
INSERT INTO T_MAEM_PARAMETRO (ID_PARAMETRO, NOMBRE, ETIQUETA, ID_TIPO_CONTROL, ID_TIPO_DATO, DECIMAL_V, VERIFICABLE, EDITABLE, OBTENIBLE, ESTATICO, FILTRO, RESULTADO, TAMANO, DESCRIPCION, UNIDAD) VALUES (53, 'Responsable', 'P46CR1CS1CM1',2,2, NULL, '0', '1', '0', '0', NULL, NULL, 50,'Personal responsable de la ejecución de la medida', '');
INSERT INTO T_MAEM_PARAMETRO (ID_PARAMETRO, NOMBRE, ETIQUETA, ID_TIPO_CONTROL, ID_TIPO_DATO, DECIMAL_V, VERIFICABLE, EDITABLE, OBTENIBLE, ESTATICO, FILTRO, RESULTADO, TAMANO, DESCRIPCION, UNIDAD) VALUES (54, 'Cantidad personal', 'P47CR1CS1CM1',2,1, '0', '0', '1', '0', '0', NULL, '0', 8,'Cantidad de personal involucrado', '');
INSERT INTO T_MAEM_PARAMETRO (ID_PARAMETRO, NOMBRE, ETIQUETA, ID_TIPO_CONTROL, ID_TIPO_DATO, DECIMAL_V, VERIFICABLE, EDITABLE, OBTENIBLE, ESTATICO, FILTRO, RESULTADO, TAMANO, DESCRIPCION, UNIDAD) VALUES (55, 'Fecha', 'P48CR1CS1CM1',2,3, NULL, '0', '1', '0', '0', NULL, NULL, NULL,'Fecha de la actividad realizada', '');
INSERT INTO T_MAEM_PARAMETRO (ID_PARAMETRO, NOMBRE, ETIQUETA, ID_TIPO_CONTROL, ID_TIPO_DATO, DECIMAL_V, VERIFICABLE, EDITABLE, OBTENIBLE, ESTATICO, FILTRO, RESULTADO, TAMANO, DESCRIPCION, UNIDAD) VALUES (56, 'Número de actividades', 'P49CR1CS1CM1',2,1, '0', '0', '1', '0', '0', NULL, '0', 5,'Actividades realizadas durante el año', '');
--CRITERIO N8
INSERT INTO T_MAEM_PARAMETRO (ID_PARAMETRO, NOMBRE, ETIQUETA, ID_TIPO_CONTROL, ID_TIPO_DATO, DECIMAL_V, VERIFICABLE, EDITABLE, OBTENIBLE, ESTATICO, FILTRO, RESULTADO, TAMANO, DESCRIPCION, UNIDAD) VALUES (57, 'Cantidad total de personal línea base', 'P50CR1CS1CM1',2,1, '0', '0', '1', '0', '0', NULL, '0', 8,'Hace referencia antes de la implementación de la medida', '');
INSERT INTO T_MAEM_PARAMETRO (ID_PARAMETRO, NOMBRE, ETIQUETA, ID_TIPO_CONTROL, ID_TIPO_DATO, DECIMAL_V, VERIFICABLE, EDITABLE, OBTENIBLE, ESTATICO, FILTRO, RESULTADO, TAMANO, DESCRIPCION, UNIDAD) VALUES (58, 'Cantidad de mujeres con puestos relacionados a toma de decisiones relacionadas a Gestión de la energía línea base', 'P51CR1CS1CM1',2,2, NULL, '0', '1', '0', '0', NULL, '0', 7,'Hace referencia antes de la implementación de la medida', '');
INSERT INTO T_MAEM_PARAMETRO (ID_PARAMETRO, NOMBRE, ETIQUETA, ID_TIPO_CONTROL, ID_TIPO_DATO, DECIMAL_V, VERIFICABLE, EDITABLE, OBTENIBLE, ESTATICO, FILTRO, RESULTADO, TAMANO, DESCRIPCION, UNIDAD) VALUES (59, 'Cantidad total de personal mejora', 'P52CR1CS1CM1',2,1, '0', '1', '1', '0', '0', NULL, '0', 8,'Hace referencia despues de la implementación de la medida', '');
INSERT INTO T_MAEM_PARAMETRO (ID_PARAMETRO, NOMBRE, ETIQUETA, ID_TIPO_CONTROL, ID_TIPO_DATO, DECIMAL_V, VERIFICABLE, EDITABLE, OBTENIBLE, ESTATICO, FILTRO, RESULTADO, TAMANO, DESCRIPCION, UNIDAD) VALUES (60, 'Cantidad de mujeres con puestos relacionados a toma de decisiones relacionadas a Gestión de la energía mejora', 'P53CR1CS1CM1',2,2, NULL, '1', '1', '0', '0', NULL, '0', 7,'Hace referencia despues de la implementación de la medida', '');
INSERT INTO T_MAEM_PARAMETRO (ID_PARAMETRO, NOMBRE, ETIQUETA, ID_TIPO_CONTROL, ID_TIPO_DATO, DECIMAL_V, VERIFICABLE, EDITABLE, OBTENIBLE, ESTATICO, FILTRO, RESULTADO, TAMANO, DESCRIPCION, UNIDAD) VALUES (61, 'Porcentaje de mujeres en puestos relacionados a toma de decisiones relacionadas a Gestión de la energía', 'P54CR1CS1CM1',2,1, '1', '0', '0', '0', '0', NULL, '1', 15,'', '%');
INSERT INTO T_MAEM_PARAMETRO (ID_PARAMETRO, NOMBRE, ETIQUETA, ID_TIPO_CONTROL, ID_TIPO_DATO, DECIMAL_V, VERIFICABLE, EDITABLE, OBTENIBLE, ESTATICO, FILTRO, RESULTADO, TAMANO, DESCRIPCION, UNIDAD) VALUES (62, 'Personal', 'P26CM1CS1CR1',2,2, NULL, '0', '1', '0', '0', NULL, NULL, 60,'', '');
INSERT INTO T_MAEM_PARAMETRO (ID_PARAMETRO, NOMBRE, ETIQUETA, ID_TIPO_CONTROL, ID_TIPO_DATO, DECIMAL_V, VERIFICABLE, EDITABLE, OBTENIBLE, ESTATICO, FILTRO, RESULTADO, TAMANO, DESCRIPCION, UNIDAD) VALUES (63, 'Cargo', 'P27CM1CS1CR1',1, NULL, NULL, '0', '1', '1', '0', NULL, NULL, NULL,'','');
INSERT INTO T_MAEM_PARAMETRO (ID_PARAMETRO, NOMBRE, ETIQUETA, ID_TIPO_CONTROL, ID_TIPO_DATO, DECIMAL_V, VERIFICABLE, EDITABLE, OBTENIBLE, ESTATICO, FILTRO, RESULTADO, TAMANO, DESCRIPCION, UNIDAD) VALUES (64, 'Descripción de la actividad laboral relacionada con la toma de decisiones relacionadas a gestión de la energía', 'P24CR1CS1CM1',2,2, NULL, '0', '1', '0', '0', NULL, NULL, 300,'', '');

--T_MAED_PARAMETRO
INSERT INTO T_MAED_PARAMETRO (ID_PARAMETRO, ID_DETALLE, NOMBRE) VALUES (19, 1, 'Monitoreo de indicadores de desempeño energético');
INSERT INTO T_MAED_PARAMETRO (ID_PARAMETRO, ID_DETALLE, NOMBRE) VALUES (19, 2, 'Monitoreo de operatividad de equipos y proceso productivo');
INSERT INTO T_MAED_PARAMETRO (ID_PARAMETRO, ID_DETALLE, NOMBRE) VALUES (19, 3, 'Elaboración del Plan anual de gestión de la energía');
INSERT INTO T_MAED_PARAMETRO (ID_PARAMETRO, ID_DETALLE, NOMBRE) VALUES (19, 4, 'Revisión del plan de mantenimiento y confiablidad, con enfoque a la eficiencia energética');
INSERT INTO T_MAED_PARAMETRO (ID_PARAMETRO, ID_DETALLE, NOMBRE) VALUES (19, 5, 'Ejecutar auditorías internas y revisar periódicamente la eficacia de las acciones correctivas');
INSERT INTO T_MAED_PARAMETRO (ID_PARAMETRO, ID_DETALLE, NOMBRE) VALUES (19, 6, 'Coordinaciòn del Sistema de gestión en las auditorías externas del sistema de gestión');
INSERT INTO T_MAED_PARAMETRO (ID_PARAMETRO, ID_DETALLE, NOMBRE) VALUES (19, 7, 'Impartir inducción referente a la gestión de la energía a los demás trabajadores');
INSERT INTO T_MAED_PARAMETRO (ID_PARAMETRO, ID_DETALLE, NOMBRE) VALUES (19, 8, 'Propuesta de nuevos proyectos de eficiencia energética');
INSERT INTO T_MAED_PARAMETRO (ID_PARAMETRO, ID_DETALLE, NOMBRE) VALUES (19, 9, 'Control de los parámetros eléctricos y térmicos de un proceso con la finalidad de reducir los costos');

INSERT INTO T_MAED_PARAMETRO (ID_PARAMETRO, ID_DETALLE, NOMBRE) VALUES (20, 1, 'Privado');
INSERT INTO T_MAED_PARAMETRO (ID_PARAMETRO, ID_DETALLE, NOMBRE) VALUES (20, 2, 'Público');

INSERT INTO T_MAED_PARAMETRO (ID_PARAMETRO, ID_DETALLE, NOMBRE) VALUES (27, 1, 'Privado');
INSERT INTO T_MAED_PARAMETRO (ID_PARAMETRO, ID_DETALLE, NOMBRE) VALUES (27, 2, 'Público');

INSERT INTO T_MAED_PARAMETRO (ID_PARAMETRO, ID_DETALLE, NOMBRE) VALUES (28, 1, 'Industria de elaboración de harina de pescado');
INSERT INTO T_MAED_PARAMETRO (ID_PARAMETRO, ID_DETALLE, NOMBRE) VALUES (28, 2, 'Industria textil');
INSERT INTO T_MAED_PARAMETRO (ID_PARAMETRO, ID_DETALLE, NOMBRE) VALUES (28, 3, 'Industria minera');
INSERT INTO T_MAED_PARAMETRO (ID_PARAMETRO, ID_DETALLE, NOMBRE) VALUES (28, 4, 'Industria metal mecánica');
INSERT INTO T_MAED_PARAMETRO (ID_PARAMETRO, ID_DETALLE, NOMBRE) VALUES (28, 5, 'Industria agroindustrial');
INSERT INTO T_MAED_PARAMETRO (ID_PARAMETRO, ID_DETALLE, NOMBRE) VALUES (28, 6, 'Industria cervecera');
INSERT INTO T_MAED_PARAMETRO (ID_PARAMETRO, ID_DETALLE, NOMBRE) VALUES (28, 7, 'Sector hotelero');
INSERT INTO T_MAED_PARAMETRO (ID_PARAMETRO, ID_DETALLE, NOMBRE) VALUES (28, 8, 'Sector ventas supermecados');
INSERT INTO T_MAED_PARAMETRO (ID_PARAMETRO, ID_DETALLE, NOMBRE) VALUES (28, 9, 'Industria de confección de muebles');
INSERT INTO T_MAED_PARAMETRO (ID_PARAMETRO, ID_DETALLE, NOMBRE) VALUES (28, 10, 'Industria de bebidas y nectares');
INSERT INTO T_MAED_PARAMETRO (ID_PARAMETRO, ID_DETALLE, NOMBRE) VALUES (28, 11, 'Industria de elaboración de bloque en hielo');
INSERT INTO T_MAED_PARAMETRO (ID_PARAMETRO, ID_DETALLE, NOMBRE) VALUES (28, 12, 'Industria de congelados de productos hidrobiológicos');
INSERT INTO T_MAED_PARAMETRO (ID_PARAMETRO, ID_DETALLE, NOMBRE) VALUES (28, 13, 'Industria de películas, transformados y resinas de ingeniería (empaques sintéticos)');
INSERT INTO T_MAED_PARAMETRO (ID_PARAMETRO, ID_DETALLE, NOMBRE) VALUES (28, 14, 'Refinerías');
INSERT INTO T_MAED_PARAMETRO (ID_PARAMETRO, ID_DETALLE, NOMBRE) VALUES (28, 15, 'Salud');
INSERT INTO T_MAED_PARAMETRO (ID_PARAMETRO, ID_DETALLE, NOMBRE) VALUES (28, 16, 'Educación');
INSERT INTO T_MAED_PARAMETRO (ID_PARAMETRO, ID_DETALLE, NOMBRE) VALUES (28, 17, 'Seguridad');
INSERT INTO T_MAED_PARAMETRO (ID_PARAMETRO, ID_DETALLE, NOMBRE) VALUES (28, 18, 'Administrativo');

INSERT INTO T_MAED_PARAMETRO (ID_PARAMETRO, ID_DETALLE, NOMBRE) VALUES (29, 1, 'Consumo específico de combustible');
INSERT INTO T_MAED_PARAMETRO (ID_PARAMETRO, ID_DETALLE, NOMBRE) VALUES (29, 2, 'Consumo específico de energía eléctrica');
INSERT INTO T_MAED_PARAMETRO (ID_PARAMETRO, ID_DETALLE, NOMBRE) VALUES (29, 3, 'Consumo específico de aire comprimido');
INSERT INTO T_MAED_PARAMETRO (ID_PARAMETRO, ID_DETALLE, NOMBRE) VALUES (29, 4, 'Costo especifico de consumo de combustible');
INSERT INTO T_MAED_PARAMETRO (ID_PARAMETRO, ID_DETALLE, NOMBRE) VALUES (29, 5, 'Costo especifico por facturación de energía eléctrica');
INSERT INTO T_MAED_PARAMETRO (ID_PARAMETRO, ID_DETALLE, NOMBRE) VALUES (29, 6, 'Costo especifico de producción de aire comprimido');
INSERT INTO T_MAED_PARAMETRO (ID_PARAMETRO, ID_DETALLE, NOMBRE) VALUES (29, 7, 'Emisión especifica de CO2 por consumo de combustible');
INSERT INTO T_MAED_PARAMETRO (ID_PARAMETRO, ID_DETALLE, NOMBRE) VALUES (29, 8, 'Emisión especifica de CO2 por consumo de energía eléctrica');
INSERT INTO T_MAED_PARAMETRO (ID_PARAMETRO, ID_DETALLE, NOMBRE) VALUES (29, 9, 'Emisión especifica de CO2 por consumo de aire comprimido');
INSERT INTO T_MAED_PARAMETRO (ID_PARAMETRO, ID_DETALLE, NOMBRE) VALUES (29, 10, 'Consumo anual de energía /variable subsector');
INSERT INTO T_MAED_PARAMETRO (ID_PARAMETRO, ID_DETALLE, NOMBRE) VALUES (29, 11, 'Consumo anual de hidrocarburos /variable subsector');
INSERT INTO T_MAED_PARAMETRO (ID_PARAMETRO, ID_DETALLE, NOMBRE) VALUES (29, 12, 'Consumo anual de electricidad /variable subsector');
INSERT INTO T_MAED_PARAMETRO (ID_PARAMETRO, ID_DETALLE, NOMBRE) VALUES (29, 13, 'Consumo anual de gas /variable subsector');
INSERT INTO T_MAED_PARAMETRO (ID_PARAMETRO, ID_DETALLE, NOMBRE) VALUES (29, 14, 'Penetración anual de calentadores solares');

INSERT INTO T_MAED_PARAMETRO (ID_PARAMETRO, ID_DETALLE, NOMBRE) VALUES (30, 1, 'Galón de Petróleo/Toneladas');
INSERT INTO T_MAED_PARAMETRO (ID_PARAMETRO, ID_DETALLE, NOMBRE) VALUES (30, 2, 'Galón de GLP/Toneladas');
INSERT INTO T_MAED_PARAMETRO (ID_PARAMETRO, ID_DETALLE, NOMBRE) VALUES (30, 3, 'Galón de DB5/Toneladas');
INSERT INTO T_MAED_PARAMETRO (ID_PARAMETRO, ID_DETALLE, NOMBRE) VALUES (30, 4, 'Galón de BD5/HI');
INSERT INTO T_MAED_PARAMETRO (ID_PARAMETRO, ID_DETALLE, NOMBRE) VALUES (30, 5, 'Galón de GLP/Litros');
INSERT INTO T_MAED_PARAMETRO (ID_PARAMETRO, ID_DETALLE, NOMBRE) VALUES (30, 6, 'Galón de R500/Barriles de petróleo equivalente producido');
INSERT INTO T_MAED_PARAMETRO (ID_PARAMETRO, ID_DETALLE, NOMBRE) VALUES (30, 7, 'Kwh de energía activa/Toneladas');
INSERT INTO T_MAED_PARAMETRO (ID_PARAMETRO, ID_DETALLE, NOMBRE) VALUES (30, 8, 'Kwh de energía activa/HI');
INSERT INTO T_MAED_PARAMETRO (ID_PARAMETRO, ID_DETALLE, NOMBRE) VALUES (30, 9, 'Kwh de energía activa/Número de personas hospedadas');
INSERT INTO T_MAED_PARAMETRO (ID_PARAMETRO, ID_DETALLE, NOMBRE) VALUES (30, 10, 'Kwh de energía activa/Volumen de ventas');
INSERT INTO T_MAED_PARAMETRO (ID_PARAMETRO, ID_DETALLE, NOMBRE) VALUES (30, 11, 'Kwh de energía activa/pie3');
INSERT INTO T_MAED_PARAMETRO (ID_PARAMETRO, ID_DETALLE, NOMBRE) VALUES (30, 12, 'Kwh de energía activa/litros de nectares');
INSERT INTO T_MAED_PARAMETRO (ID_PARAMETRO, ID_DETALLE, NOMBRE) VALUES (30, 13, 'Kwh de energía activa/Barriles de petróleo equivalente producido');
INSERT INTO T_MAED_PARAMETRO (ID_PARAMETRO, ID_DETALLE, NOMBRE) VALUES (30, 14, 'm3/Tonelada');

INSERT INTO T_MAED_PARAMETRO (ID_PARAMETRO, ID_DETALLE, NOMBRE) VALUES (33, 1, 'Privado');
INSERT INTO T_MAED_PARAMETRO (ID_PARAMETRO, ID_DETALLE, NOMBRE) VALUES (33, 2, 'Público');

INSERT INTO T_MAED_PARAMETRO (ID_PARAMETRO, ID_DETALLE, NOMBRE) VALUES (43, 1, 'Privado');
INSERT INTO T_MAED_PARAMETRO (ID_PARAMETRO, ID_DETALLE, NOMBRE) VALUES (43, 2, 'Público');

INSERT INTO T_MAED_PARAMETRO (ID_PARAMETRO, ID_DETALLE, NOMBRE) VALUES (48, 1, 'Si');
INSERT INTO T_MAED_PARAMETRO (ID_PARAMETRO, ID_DETALLE, NOMBRE) VALUES (48, 2, 'No');

INSERT INTO T_MAED_PARAMETRO (ID_PARAMETRO, ID_DETALLE, NOMBRE) VALUES (52, 1, 'Programas de capacitación interna tal como seminarios, charlas técnicas, conferencias relacionadas al sector energía');
INSERT INTO T_MAED_PARAMETRO (ID_PARAMETRO, ID_DETALLE, NOMBRE) VALUES (52, 2, 'Formación de grupos de interés, tal como la formación de un comité de gestión o control interno de la energía');
INSERT INTO T_MAED_PARAMETRO (ID_PARAMETRO, ID_DETALLE, NOMBRE) VALUES (52, 3, 'Difusión de beneficios de la eficiencia energética, a través de medios de comunicación interna de la empresa tal como: boletines, trípticos, periódico mural, revistas, etc., de tal forma que se verifique una comunicación masiva interna');
INSERT INTO T_MAED_PARAMETRO (ID_PARAMETRO, ID_DETALLE, NOMBRE) VALUES (52, 4, 'Informe de los comités de ECOEFICIENCIA de la empresa con resultados tangibles según lo establecido por el D.S N° 009-2009-MINAM o aplicación de la Guía de la Ecoeficiencia para el sector público');
INSERT INTO T_MAED_PARAMETRO (ID_PARAMETRO, ID_DETALLE, NOMBRE) VALUES (52, 5, 'Otras actividades relacionadas');

INSERT INTO T_MAED_PARAMETRO (ID_PARAMETRO, ID_DETALLE, NOMBRE) VALUES (63, 1, 'Directivo');
INSERT INTO T_MAED_PARAMETRO (ID_PARAMETRO, ID_DETALLE, NOMBRE) VALUES (63, 2, 'Gerencia');
INSERT INTO T_MAED_PARAMETRO (ID_PARAMETRO, ID_DETALLE, NOMBRE) VALUES (63, 3, 'Jefatura');
INSERT INTO T_MAED_PARAMETRO (ID_PARAMETRO, ID_DETALLE, NOMBRE) VALUES (63, 4, 'Supervisora');
INSERT INTO T_MAED_PARAMETRO (ID_PARAMETRO, ID_DETALLE, NOMBRE) VALUES (63, 5, 'Coordinadora');
INSERT INTO T_MAED_PARAMETRO (ID_PARAMETRO, ID_DETALLE, NOMBRE) VALUES (63, 6, 'Especialista');
INSERT INTO T_MAED_PARAMETRO (ID_PARAMETRO, ID_DETALLE, NOMBRE) VALUES (63, 7, 'Planificadora');
INSERT INTO T_MAED_PARAMETRO (ID_PARAMETRO, ID_DETALLE, NOMBRE) VALUES (63, 8, 'Analista');
INSERT INTO T_MAED_PARAMETRO (ID_PARAMETRO, ID_DETALLE, NOMBRE) VALUES (63, 9, 'Asistente');

--T_MAED_PARAMETRO_RELACION
INSERT INTO T_MAED_PARAMETRO_RELACION(ID_PARAMETRO, ID_DETALLE, PARAMETROS, DETALLES) VALUES (28, 1, '27', '1');
INSERT INTO T_MAED_PARAMETRO_RELACION(ID_PARAMETRO, ID_DETALLE, PARAMETROS, DETALLES) VALUES (28, 2, '27', '1');
INSERT INTO T_MAED_PARAMETRO_RELACION(ID_PARAMETRO, ID_DETALLE, PARAMETROS, DETALLES) VALUES (28, 3, '27', '1');
INSERT INTO T_MAED_PARAMETRO_RELACION(ID_PARAMETRO, ID_DETALLE, PARAMETROS, DETALLES) VALUES (28, 4, '27', '1');
INSERT INTO T_MAED_PARAMETRO_RELACION(ID_PARAMETRO, ID_DETALLE, PARAMETROS, DETALLES) VALUES (28, 5, '27', '1');
INSERT INTO T_MAED_PARAMETRO_RELACION(ID_PARAMETRO, ID_DETALLE, PARAMETROS, DETALLES) VALUES (28, 6, '27', '1');
INSERT INTO T_MAED_PARAMETRO_RELACION(ID_PARAMETRO, ID_DETALLE, PARAMETROS, DETALLES) VALUES (28, 7, '27', '1');
INSERT INTO T_MAED_PARAMETRO_RELACION(ID_PARAMETRO, ID_DETALLE, PARAMETROS, DETALLES) VALUES (28, 8, '27', '1');
INSERT INTO T_MAED_PARAMETRO_RELACION(ID_PARAMETRO, ID_DETALLE, PARAMETROS, DETALLES) VALUES (28, 9, '27', '1');
INSERT INTO T_MAED_PARAMETRO_RELACION(ID_PARAMETRO, ID_DETALLE, PARAMETROS, DETALLES) VALUES (28, 10, '27', '1');
INSERT INTO T_MAED_PARAMETRO_RELACION(ID_PARAMETRO, ID_DETALLE, PARAMETROS, DETALLES) VALUES (28, 11, '27', '1');
INSERT INTO T_MAED_PARAMETRO_RELACION(ID_PARAMETRO, ID_DETALLE, PARAMETROS, DETALLES) VALUES (28, 12, '27', '1');
INSERT INTO T_MAED_PARAMETRO_RELACION(ID_PARAMETRO, ID_DETALLE, PARAMETROS, DETALLES) VALUES (28, 13, '27', '1');
INSERT INTO T_MAED_PARAMETRO_RELACION(ID_PARAMETRO, ID_DETALLE, PARAMETROS, DETALLES) VALUES (28, 14, '27', '1');
-----------------------------------------------------------------------
INSERT INTO T_MAED_PARAMETRO_RELACION(ID_PARAMETRO, ID_DETALLE, PARAMETROS, DETALLES) VALUES (28, 15, '27', '2');
INSERT INTO T_MAED_PARAMETRO_RELACION(ID_PARAMETRO, ID_DETALLE, PARAMETROS, DETALLES) VALUES (28, 16, '27', '2');
INSERT INTO T_MAED_PARAMETRO_RELACION(ID_PARAMETRO, ID_DETALLE, PARAMETROS, DETALLES) VALUES (28, 17, '27', '2');
INSERT INTO T_MAED_PARAMETRO_RELACION(ID_PARAMETRO, ID_DETALLE, PARAMETROS, DETALLES) VALUES (28, 18, '27', '2');
-----------------------------------------------------------------------
INSERT INTO T_MAED_PARAMETRO_RELACION(ID_PARAMETRO, ID_DETALLE, PARAMETROS, DETALLES) VALUES (29, 1, '28', '1');
INSERT INTO T_MAED_PARAMETRO_RELACION(ID_PARAMETRO, ID_DETALLE, PARAMETROS, DETALLES) VALUES (29, 2, '28', '1');
INSERT INTO T_MAED_PARAMETRO_RELACION(ID_PARAMETRO, ID_DETALLE, PARAMETROS, DETALLES) VALUES (29, 4, '28', '1');
INSERT INTO T_MAED_PARAMETRO_RELACION(ID_PARAMETRO, ID_DETALLE, PARAMETROS, DETALLES) VALUES (29, 5, '28', '1');
INSERT INTO T_MAED_PARAMETRO_RELACION(ID_PARAMETRO, ID_DETALLE, PARAMETROS, DETALLES) VALUES (29, 7, '28', '1');
INSERT INTO T_MAED_PARAMETRO_RELACION(ID_PARAMETRO, ID_DETALLE, PARAMETROS, DETALLES) VALUES (29, 8, '28', '1');
-----------------------------------------------------------------------
INSERT INTO T_MAED_PARAMETRO_RELACION(ID_PARAMETRO, ID_DETALLE, PARAMETROS, DETALLES) VALUES (29, 1, '28', '2');
INSERT INTO T_MAED_PARAMETRO_RELACION(ID_PARAMETRO, ID_DETALLE, PARAMETROS, DETALLES) VALUES (29, 2, '28', '2');
INSERT INTO T_MAED_PARAMETRO_RELACION(ID_PARAMETRO, ID_DETALLE, PARAMETROS, DETALLES) VALUES (29, 4, '28', '2');
INSERT INTO T_MAED_PARAMETRO_RELACION(ID_PARAMETRO, ID_DETALLE, PARAMETROS, DETALLES) VALUES (29, 5, '28', '2');
INSERT INTO T_MAED_PARAMETRO_RELACION(ID_PARAMETRO, ID_DETALLE, PARAMETROS, DETALLES) VALUES (29, 7, '28', '2');
INSERT INTO T_MAED_PARAMETRO_RELACION(ID_PARAMETRO, ID_DETALLE, PARAMETROS, DETALLES) VALUES (29, 8, '28', '2');
-----------------------------------------------------------------------
INSERT INTO T_MAED_PARAMETRO_RELACION(ID_PARAMETRO, ID_DETALLE, PARAMETROS, DETALLES) VALUES (29, 1, '28', '3');
INSERT INTO T_MAED_PARAMETRO_RELACION(ID_PARAMETRO, ID_DETALLE, PARAMETROS, DETALLES) VALUES (29, 2, '28', '3');
INSERT INTO T_MAED_PARAMETRO_RELACION(ID_PARAMETRO, ID_DETALLE, PARAMETROS, DETALLES) VALUES (29, 4, '28', '3');
INSERT INTO T_MAED_PARAMETRO_RELACION(ID_PARAMETRO, ID_DETALLE, PARAMETROS, DETALLES) VALUES (29, 5, '28', '3');
INSERT INTO T_MAED_PARAMETRO_RELACION(ID_PARAMETRO, ID_DETALLE, PARAMETROS, DETALLES) VALUES (29, 7, '28', '3');
INSERT INTO T_MAED_PARAMETRO_RELACION(ID_PARAMETRO, ID_DETALLE, PARAMETROS, DETALLES) VALUES (29, 8, '28', '3');
-----------------------------------------------------------------------
INSERT INTO T_MAED_PARAMETRO_RELACION(ID_PARAMETRO, ID_DETALLE, PARAMETROS, DETALLES) VALUES (29, 2, '28', '4');
INSERT INTO T_MAED_PARAMETRO_RELACION(ID_PARAMETRO, ID_DETALLE, PARAMETROS, DETALLES) VALUES (29, 3, '28', '4');
INSERT INTO T_MAED_PARAMETRO_RELACION(ID_PARAMETRO, ID_DETALLE, PARAMETROS, DETALLES) VALUES (29, 5, '28', '4');
INSERT INTO T_MAED_PARAMETRO_RELACION(ID_PARAMETRO, ID_DETALLE, PARAMETROS, DETALLES) VALUES (29, 6, '28', '4');
INSERT INTO T_MAED_PARAMETRO_RELACION(ID_PARAMETRO, ID_DETALLE, PARAMETROS, DETALLES) VALUES (29, 8, '28', '4');
INSERT INTO T_MAED_PARAMETRO_RELACION(ID_PARAMETRO, ID_DETALLE, PARAMETROS, DETALLES) VALUES (29, 9, '28', '4');
-----------------------------------------------------------------------
INSERT INTO T_MAED_PARAMETRO_RELACION(ID_PARAMETRO, ID_DETALLE, PARAMETROS, DETALLES) VALUES (29, 1, '28', '5');
INSERT INTO T_MAED_PARAMETRO_RELACION(ID_PARAMETRO, ID_DETALLE, PARAMETROS, DETALLES) VALUES (29, 2, '28', '5');
INSERT INTO T_MAED_PARAMETRO_RELACION(ID_PARAMETRO, ID_DETALLE, PARAMETROS, DETALLES) VALUES (29, 4, '28', '5');
INSERT INTO T_MAED_PARAMETRO_RELACION(ID_PARAMETRO, ID_DETALLE, PARAMETROS, DETALLES) VALUES (29, 5, '28', '5');
INSERT INTO T_MAED_PARAMETRO_RELACION(ID_PARAMETRO, ID_DETALLE, PARAMETROS, DETALLES) VALUES (29, 7, '28', '5');
INSERT INTO T_MAED_PARAMETRO_RELACION(ID_PARAMETRO, ID_DETALLE, PARAMETROS, DETALLES) VALUES (29, 8, '28', '5');
-----------------------------------------------------------------------
INSERT INTO T_MAED_PARAMETRO_RELACION(ID_PARAMETRO, ID_DETALLE, PARAMETROS, DETALLES) VALUES (29, 1, '28', '6');
INSERT INTO T_MAED_PARAMETRO_RELACION(ID_PARAMETRO, ID_DETALLE, PARAMETROS, DETALLES) VALUES (29, 2, '28', '6');
INSERT INTO T_MAED_PARAMETRO_RELACION(ID_PARAMETRO, ID_DETALLE, PARAMETROS, DETALLES) VALUES (29, 4, '28', '6');
INSERT INTO T_MAED_PARAMETRO_RELACION(ID_PARAMETRO, ID_DETALLE, PARAMETROS, DETALLES) VALUES (29, 5, '28', '6');
INSERT INTO T_MAED_PARAMETRO_RELACION(ID_PARAMETRO, ID_DETALLE, PARAMETROS, DETALLES) VALUES (29, 7, '28', '6');
INSERT INTO T_MAED_PARAMETRO_RELACION(ID_PARAMETRO, ID_DETALLE, PARAMETROS, DETALLES) VALUES (29, 8, '28', '6');
-----------------------------------------------------------------------
INSERT INTO T_MAED_PARAMETRO_RELACION(ID_PARAMETRO, ID_DETALLE, PARAMETROS, DETALLES) VALUES (29, 2, '28', '7');
INSERT INTO T_MAED_PARAMETRO_RELACION(ID_PARAMETRO, ID_DETALLE, PARAMETROS, DETALLES) VALUES (29, 5, '28', '7');
INSERT INTO T_MAED_PARAMETRO_RELACION(ID_PARAMETRO, ID_DETALLE, PARAMETROS, DETALLES) VALUES (29, 8, '28', '7');
-----------------------------------------------------------------------
INSERT INTO T_MAED_PARAMETRO_RELACION(ID_PARAMETRO, ID_DETALLE, PARAMETROS, DETALLES) VALUES (29, 2, '28', '8');
INSERT INTO T_MAED_PARAMETRO_RELACION(ID_PARAMETRO, ID_DETALLE, PARAMETROS, DETALLES) VALUES (29, 5, '28', '8');
INSERT INTO T_MAED_PARAMETRO_RELACION(ID_PARAMETRO, ID_DETALLE, PARAMETROS, DETALLES) VALUES (29, 8, '28', '8');
-----------------------------------------------------------------------
INSERT INTO T_MAED_PARAMETRO_RELACION(ID_PARAMETRO, ID_DETALLE, PARAMETROS, DETALLES) VALUES (29, 2, '28', '9');
INSERT INTO T_MAED_PARAMETRO_RELACION(ID_PARAMETRO, ID_DETALLE, PARAMETROS, DETALLES) VALUES (29, 5, '28', '9');
INSERT INTO T_MAED_PARAMETRO_RELACION(ID_PARAMETRO, ID_DETALLE, PARAMETROS, DETALLES) VALUES (29, 8, '28', '9');
-----------------------------------------------------------------------
INSERT INTO T_MAED_PARAMETRO_RELACION(ID_PARAMETRO, ID_DETALLE, PARAMETROS, DETALLES) VALUES (29, 1, '28', '10');
INSERT INTO T_MAED_PARAMETRO_RELACION(ID_PARAMETRO, ID_DETALLE, PARAMETROS, DETALLES) VALUES (29, 2, '28', '10');
INSERT INTO T_MAED_PARAMETRO_RELACION(ID_PARAMETRO, ID_DETALLE, PARAMETROS, DETALLES) VALUES (29, 4, '28', '10');
INSERT INTO T_MAED_PARAMETRO_RELACION(ID_PARAMETRO, ID_DETALLE, PARAMETROS, DETALLES) VALUES (29, 5, '28', '10');
INSERT INTO T_MAED_PARAMETRO_RELACION(ID_PARAMETRO, ID_DETALLE, PARAMETROS, DETALLES) VALUES (29, 7, '28', '10');
INSERT INTO T_MAED_PARAMETRO_RELACION(ID_PARAMETRO, ID_DETALLE, PARAMETROS, DETALLES) VALUES (29, 8, '28', '10');
-----------------------------------------------------------------------
INSERT INTO T_MAED_PARAMETRO_RELACION(ID_PARAMETRO, ID_DETALLE, PARAMETROS, DETALLES) VALUES (29, 2, '28', '11');
INSERT INTO T_MAED_PARAMETRO_RELACION(ID_PARAMETRO, ID_DETALLE, PARAMETROS, DETALLES) VALUES (29, 5, '28', '11');
INSERT INTO T_MAED_PARAMETRO_RELACION(ID_PARAMETRO, ID_DETALLE, PARAMETROS, DETALLES) VALUES (29, 8, '28', '11');
-----------------------------------------------------------------------
INSERT INTO T_MAED_PARAMETRO_RELACION(ID_PARAMETRO, ID_DETALLE, PARAMETROS, DETALLES) VALUES (29, 2, '28', '12');
INSERT INTO T_MAED_PARAMETRO_RELACION(ID_PARAMETRO, ID_DETALLE, PARAMETROS, DETALLES) VALUES (29, 5, '28', '12');
INSERT INTO T_MAED_PARAMETRO_RELACION(ID_PARAMETRO, ID_DETALLE, PARAMETROS, DETALLES) VALUES (29, 8, '28', '12');
-----------------------------------------------------------------------
INSERT INTO T_MAED_PARAMETRO_RELACION(ID_PARAMETRO, ID_DETALLE, PARAMETROS, DETALLES) VALUES (29, 2, '28', '13');
INSERT INTO T_MAED_PARAMETRO_RELACION(ID_PARAMETRO, ID_DETALLE, PARAMETROS, DETALLES) VALUES (29, 5, '28', '13');
INSERT INTO T_MAED_PARAMETRO_RELACION(ID_PARAMETRO, ID_DETALLE, PARAMETROS, DETALLES) VALUES (29, 8, '28', '13');
-----------------------------------------------------------------------
INSERT INTO T_MAED_PARAMETRO_RELACION(ID_PARAMETRO, ID_DETALLE, PARAMETROS, DETALLES) VALUES (29, 1, '28', '14');
INSERT INTO T_MAED_PARAMETRO_RELACION(ID_PARAMETRO, ID_DETALLE, PARAMETROS, DETALLES) VALUES (29, 2, '28', '14');
INSERT INTO T_MAED_PARAMETRO_RELACION(ID_PARAMETRO, ID_DETALLE, PARAMETROS, DETALLES) VALUES (29, 4, '28', '14');
INSERT INTO T_MAED_PARAMETRO_RELACION(ID_PARAMETRO, ID_DETALLE, PARAMETROS, DETALLES) VALUES (29, 5, '28', '14');
INSERT INTO T_MAED_PARAMETRO_RELACION(ID_PARAMETRO, ID_DETALLE, PARAMETROS, DETALLES) VALUES (29, 7, '28', '14');
INSERT INTO T_MAED_PARAMETRO_RELACION(ID_PARAMETRO, ID_DETALLE, PARAMETROS, DETALLES) VALUES (29, 8, '28', '14');
-----------------------------------------------------------------------
INSERT INTO T_MAED_PARAMETRO_RELACION(ID_PARAMETRO, ID_DETALLE, PARAMETROS, DETALLES) VALUES (29, 10, '28', '15');
INSERT INTO T_MAED_PARAMETRO_RELACION(ID_PARAMETRO, ID_DETALLE, PARAMETROS, DETALLES) VALUES (29, 11, '28', '15');
INSERT INTO T_MAED_PARAMETRO_RELACION(ID_PARAMETRO, ID_DETALLE, PARAMETROS, DETALLES) VALUES (29, 12, '28', '15');
INSERT INTO T_MAED_PARAMETRO_RELACION(ID_PARAMETRO, ID_DETALLE, PARAMETROS, DETALLES) VALUES (29, 13, '28', '15');
INSERT INTO T_MAED_PARAMETRO_RELACION(ID_PARAMETRO, ID_DETALLE, PARAMETROS, DETALLES) VALUES (29, 14, '28', '15');
-----------------------------------------------------------------------
INSERT INTO T_MAED_PARAMETRO_RELACION(ID_PARAMETRO, ID_DETALLE, PARAMETROS, DETALLES) VALUES (29, 10, '28', '16');
INSERT INTO T_MAED_PARAMETRO_RELACION(ID_PARAMETRO, ID_DETALLE, PARAMETROS, DETALLES) VALUES (29, 11, '28', '16');
INSERT INTO T_MAED_PARAMETRO_RELACION(ID_PARAMETRO, ID_DETALLE, PARAMETROS, DETALLES) VALUES (29, 12, '28', '16');
INSERT INTO T_MAED_PARAMETRO_RELACION(ID_PARAMETRO, ID_DETALLE, PARAMETROS, DETALLES) VALUES (29, 13, '28', '16');
INSERT INTO T_MAED_PARAMETRO_RELACION(ID_PARAMETRO, ID_DETALLE, PARAMETROS, DETALLES) VALUES (29, 14, '28', '16');
-----------------------------------------------------------------------
INSERT INTO T_MAED_PARAMETRO_RELACION(ID_PARAMETRO, ID_DETALLE, PARAMETROS, DETALLES) VALUES (29, 10, '28', '17');
INSERT INTO T_MAED_PARAMETRO_RELACION(ID_PARAMETRO, ID_DETALLE, PARAMETROS, DETALLES) VALUES (29, 11, '28', '17');
INSERT INTO T_MAED_PARAMETRO_RELACION(ID_PARAMETRO, ID_DETALLE, PARAMETROS, DETALLES) VALUES (29, 12, '28', '17');
INSERT INTO T_MAED_PARAMETRO_RELACION(ID_PARAMETRO, ID_DETALLE, PARAMETROS, DETALLES) VALUES (29, 13, '28', '17');
INSERT INTO T_MAED_PARAMETRO_RELACION(ID_PARAMETRO, ID_DETALLE, PARAMETROS, DETALLES) VALUES (29, 14, '28', '17');
-----------------------------------------------------------------------
INSERT INTO T_MAED_PARAMETRO_RELACION(ID_PARAMETRO, ID_DETALLE, PARAMETROS, DETALLES) VALUES (29, 10, '28', '18');
INSERT INTO T_MAED_PARAMETRO_RELACION(ID_PARAMETRO, ID_DETALLE, PARAMETROS, DETALLES) VALUES (29, 11, '28', '18');
INSERT INTO T_MAED_PARAMETRO_RELACION(ID_PARAMETRO, ID_DETALLE, PARAMETROS, DETALLES) VALUES (29, 12, '28', '18');
INSERT INTO T_MAED_PARAMETRO_RELACION(ID_PARAMETRO, ID_DETALLE, PARAMETROS, DETALLES) VALUES (29, 13, '28', '18');
INSERT INTO T_MAED_PARAMETRO_RELACION(ID_PARAMETRO, ID_DETALLE, PARAMETROS, DETALLES) VALUES (29, 14, '28', '18');
-----------------------------------------------------------------------------------------------------------------------------------------------------
INSERT INTO T_MAED_PARAMETRO_RELACION(ID_PARAMETRO, ID_DETALLE, PARAMETROS, DETALLES) VALUES (30, 1, '28|29', '1|1');
INSERT INTO T_MAED_PARAMETRO_RELACION(ID_PARAMETRO, ID_DETALLE, PARAMETROS, DETALLES) VALUES (30, 2, '28|29', '2|1');
INSERT INTO T_MAED_PARAMETRO_RELACION(ID_PARAMETRO, ID_DETALLE, PARAMETROS, DETALLES) VALUES (30, 2, '28|29', '5|1');
INSERT INTO T_MAED_PARAMETRO_RELACION(ID_PARAMETRO, ID_DETALLE, PARAMETROS, DETALLES) VALUES (30, 3, '28|29', '3|1');
INSERT INTO T_MAED_PARAMETRO_RELACION(ID_PARAMETRO, ID_DETALLE, PARAMETROS, DETALLES) VALUES (30, 4, '28|29', '6|1');
INSERT INTO T_MAED_PARAMETRO_RELACION(ID_PARAMETRO, ID_DETALLE, PARAMETROS, DETALLES) VALUES (30, 5, '28|29', '10|1');
INSERT INTO T_MAED_PARAMETRO_RELACION(ID_PARAMETRO, ID_DETALLE, PARAMETROS, DETALLES) VALUES (30, 6, '28|29', '14|1');

INSERT INTO T_MAED_PARAMETRO_RELACION(ID_PARAMETRO, ID_DETALLE, PARAMETROS, DETALLES) VALUES (30, 7, '28|29', '1|2');
INSERT INTO T_MAED_PARAMETRO_RELACION(ID_PARAMETRO, ID_DETALLE, PARAMETROS, DETALLES) VALUES (30, 7, '28|29', '2|2');
INSERT INTO T_MAED_PARAMETRO_RELACION(ID_PARAMETRO, ID_DETALLE, PARAMETROS, DETALLES) VALUES (30, 7, '28|29', '3|2');
INSERT INTO T_MAED_PARAMETRO_RELACION(ID_PARAMETRO, ID_DETALLE, PARAMETROS, DETALLES) VALUES (30, 7, '28|29', '4|2');
INSERT INTO T_MAED_PARAMETRO_RELACION(ID_PARAMETRO, ID_DETALLE, PARAMETROS, DETALLES) VALUES (30, 7, '28|29', '5|2');
INSERT INTO T_MAED_PARAMETRO_RELACION(ID_PARAMETRO, ID_DETALLE, PARAMETROS, DETALLES) VALUES (30, 7, '28|29', '11|2');
INSERT INTO T_MAED_PARAMETRO_RELACION(ID_PARAMETRO, ID_DETALLE, PARAMETROS, DETALLES) VALUES (30, 7, '28|29', '12|2');
INSERT INTO T_MAED_PARAMETRO_RELACION(ID_PARAMETRO, ID_DETALLE, PARAMETROS, DETALLES) VALUES (30, 8, '28|29', '6|2');
INSERT INTO T_MAED_PARAMETRO_RELACION(ID_PARAMETRO, ID_DETALLE, PARAMETROS, DETALLES) VALUES (30, 9, '28|29', '7|2');
INSERT INTO T_MAED_PARAMETRO_RELACION(ID_PARAMETRO, ID_DETALLE, PARAMETROS, DETALLES) VALUES (30, 10, '28|29', '8|2');
INSERT INTO T_MAED_PARAMETRO_RELACION(ID_PARAMETRO, ID_DETALLE, PARAMETROS, DETALLES) VALUES (30, 10, '28|29', '13|2');
INSERT INTO T_MAED_PARAMETRO_RELACION(ID_PARAMETRO, ID_DETALLE, PARAMETROS, DETALLES) VALUES (30, 11, '28|29', '9|2');
INSERT INTO T_MAED_PARAMETRO_RELACION(ID_PARAMETRO, ID_DETALLE, PARAMETROS, DETALLES) VALUES (30, 12, '28|29', '10|2');
INSERT INTO T_MAED_PARAMETRO_RELACION(ID_PARAMETRO, ID_DETALLE, PARAMETROS, DETALLES) VALUES (30, 13, '28|29', '14|2');

INSERT INTO T_MAED_PARAMETRO_RELACION(ID_PARAMETRO, ID_DETALLE, PARAMETROS, DETALLES) VALUES (30, 14, '28|29', '4|3');
--T_MAEM_INDICADOR
--CRI N1 1-6
INSERT INTO T_MAEM_INDICADOR (ID_CRITERIO, ID_CASO, ID_COMPONENTE, ID_PARAMETRO, ORDEN) VALUES (1, 1, 1, 1, 1);
INSERT INTO T_MAEM_INDICADOR (ID_CRITERIO, ID_CASO, ID_COMPONENTE, ID_PARAMETRO, ORDEN) VALUES (1, 1, 1, 2, 2);
INSERT INTO T_MAEM_INDICADOR (ID_CRITERIO, ID_CASO, ID_COMPONENTE, ID_PARAMETRO, ORDEN) VALUES (1, 1, 1, 3, 3);
INSERT INTO T_MAEM_INDICADOR (ID_CRITERIO, ID_CASO, ID_COMPONENTE, ID_PARAMETRO, ORDEN) VALUES (1, 1, 1, 4, 4);
INSERT INTO T_MAEM_INDICADOR (ID_CRITERIO, ID_CASO, ID_COMPONENTE, ID_PARAMETRO, ORDEN) VALUES (1, 1, 1, 5, 5);
INSERT INTO T_MAEM_INDICADOR (ID_CRITERIO, ID_CASO, ID_COMPONENTE, ID_PARAMETRO, ORDEN) VALUES (1, 1, 1, 6, 6);
--CRI N2 7-13
INSERT INTO T_MAEM_INDICADOR (ID_CRITERIO, ID_CASO, ID_COMPONENTE, ID_PARAMETRO, ORDEN) VALUES (2, 1, 1, 7, 1);
INSERT INTO T_MAEM_INDICADOR (ID_CRITERIO, ID_CASO, ID_COMPONENTE, ID_PARAMETRO, ORDEN) VALUES (2, 1, 1, 8, 2);
INSERT INTO T_MAEM_INDICADOR (ID_CRITERIO, ID_CASO, ID_COMPONENTE, ID_PARAMETRO, ORDEN) VALUES (2, 1, 1, 9, 3);
INSERT INTO T_MAEM_INDICADOR (ID_CRITERIO, ID_CASO, ID_COMPONENTE, ID_PARAMETRO, ORDEN) VALUES (2, 1, 1, 10, 4);
INSERT INTO T_MAEM_INDICADOR (ID_CRITERIO, ID_CASO, ID_COMPONENTE, ID_PARAMETRO, ORDEN) VALUES (2, 1, 1, 11, 5);
INSERT INTO T_MAEM_INDICADOR (ID_CRITERIO, ID_CASO, ID_COMPONENTE, ID_PARAMETRO, ORDEN) VALUES (2, 1, 1, 12, 6);
INSERT INTO T_MAEM_INDICADOR (ID_CRITERIO, ID_CASO, ID_COMPONENTE, ID_PARAMETRO, ORDEN) VALUES (2, 1, 1, 13, 7);
--CRI N3 14-17 18-19
INSERT INTO T_MAEM_INDICADOR (ID_CRITERIO, ID_CASO, ID_COMPONENTE, ID_PARAMETRO, ORDEN) VALUES (3, 1, 1, 14, 1);
INSERT INTO T_MAEM_INDICADOR (ID_CRITERIO, ID_CASO, ID_COMPONENTE, ID_PARAMETRO, ORDEN) VALUES (3, 1, 1, 15, 2);
INSERT INTO T_MAEM_INDICADOR (ID_CRITERIO, ID_CASO, ID_COMPONENTE, ID_PARAMETRO, ORDEN) VALUES (3, 1, 1, 16, 3);
INSERT INTO T_MAEM_INDICADOR (ID_CRITERIO, ID_CASO, ID_COMPONENTE, ID_PARAMETRO, ORDEN) VALUES (3, 1, 1, 17, 4);
--CASO
INSERT INTO T_MAEM_INDICADOR (ID_CRITERIO, ID_CASO, ID_COMPONENTE, ID_PARAMETRO, ORDEN) VALUES (3, 1, 2, 18, 1);
INSERT INTO T_MAEM_INDICADOR (ID_CRITERIO, ID_CASO, ID_COMPONENTE, ID_PARAMETRO, ORDEN) VALUES (3, 1, 2, 19, 2);
--CRI N4 20-30
--CASO 1 COMP 1
INSERT INTO T_MAEM_INDICADOR (ID_CRITERIO, ID_CASO, ID_COMPONENTE, ID_PARAMETRO, ORDEN) VALUES (4, 1, 1, 20, 1);
INSERT INTO T_MAEM_INDICADOR (ID_CRITERIO, ID_CASO, ID_COMPONENTE, ID_PARAMETRO, ORDEN) VALUES (4, 1, 1, 21, 2);
INSERT INTO T_MAEM_INDICADOR (ID_CRITERIO, ID_CASO, ID_COMPONENTE, ID_PARAMETRO, ORDEN) VALUES (4, 1, 1, 22, 3);
INSERT INTO T_MAEM_INDICADOR (ID_CRITERIO, ID_CASO, ID_COMPONENTE, ID_PARAMETRO, ORDEN) VALUES (4, 1, 1, 23, 4);
INSERT INTO T_MAEM_INDICADOR (ID_CRITERIO, ID_CASO, ID_COMPONENTE, ID_PARAMETRO, ORDEN) VALUES (4, 1, 1, 24, 5);
INSERT INTO T_MAEM_INDICADOR (ID_CRITERIO, ID_CASO, ID_COMPONENTE, ID_PARAMETRO, ORDEN) VALUES (4, 1, 1, 25, 6);
--CASO 1 COMP 2
INSERT INTO T_MAEM_INDICADOR (ID_CRITERIO, ID_CASO, ID_COMPONENTE, ID_PARAMETRO, ORDEN) VALUES (4, 1, 2, 26, 1);
--CASO 2 COMP 1
INSERT INTO T_MAEM_INDICADOR (ID_CRITERIO, ID_CASO, ID_COMPONENTE, ID_PARAMETRO, ORDEN) VALUES (4, 2, 1, 20, 1);
INSERT INTO T_MAEM_INDICADOR (ID_CRITERIO, ID_CASO, ID_COMPONENTE, ID_PARAMETRO, ORDEN) VALUES (4, 2, 1, 21, 2);
INSERT INTO T_MAEM_INDICADOR (ID_CRITERIO, ID_CASO, ID_COMPONENTE, ID_PARAMETRO, ORDEN) VALUES (4, 2, 1, 22, 3);
INSERT INTO T_MAEM_INDICADOR (ID_CRITERIO, ID_CASO, ID_COMPONENTE, ID_PARAMETRO, ORDEN) VALUES (4, 2, 1, 23, 4);
INSERT INTO T_MAEM_INDICADOR (ID_CRITERIO, ID_CASO, ID_COMPONENTE, ID_PARAMETRO, ORDEN) VALUES (4, 2, 1, 24, 5);
INSERT INTO T_MAEM_INDICADOR (ID_CRITERIO, ID_CASO, ID_COMPONENTE, ID_PARAMETRO, ORDEN) VALUES (4, 2, 1, 25, 6);
--CASO 2 COMP 2
INSERT INTO T_MAEM_INDICADOR (ID_CRITERIO, ID_CASO, ID_COMPONENTE, ID_PARAMETRO, ORDEN) VALUES (4, 2, 2, 26, 1);
--CASO 3 COMP 1
INSERT INTO T_MAEM_INDICADOR (ID_CRITERIO, ID_CASO, ID_COMPONENTE, ID_PARAMETRO, ORDEN) VALUES (4, 3, 1, 20, 1);
INSERT INTO T_MAEM_INDICADOR (ID_CRITERIO, ID_CASO, ID_COMPONENTE, ID_PARAMETRO, ORDEN) VALUES (4, 3, 1, 21, 2);
INSERT INTO T_MAEM_INDICADOR (ID_CRITERIO, ID_CASO, ID_COMPONENTE, ID_PARAMETRO, ORDEN) VALUES (4, 3, 1, 22, 3);
INSERT INTO T_MAEM_INDICADOR (ID_CRITERIO, ID_CASO, ID_COMPONENTE, ID_PARAMETRO, ORDEN) VALUES (4, 3, 1, 23, 4);
INSERT INTO T_MAEM_INDICADOR (ID_CRITERIO, ID_CASO, ID_COMPONENTE, ID_PARAMETRO, ORDEN) VALUES (4, 3, 1, 24, 5);
INSERT INTO T_MAEM_INDICADOR (ID_CRITERIO, ID_CASO, ID_COMPONENTE, ID_PARAMETRO, ORDEN) VALUES (4, 3, 1, 25, 6);
--CASO 3 COMP 2
INSERT INTO T_MAEM_INDICADOR (ID_CRITERIO, ID_CASO, ID_COMPONENTE, ID_PARAMETRO, ORDEN) VALUES (4, 3, 2, 26, 1);
--CASO 3 COMP 3
INSERT INTO T_MAEM_INDICADOR (ID_CRITERIO, ID_CASO, ID_COMPONENTE, ID_PARAMETRO, ORDEN) VALUES (4, 3, 3, 27, 1);
INSERT INTO T_MAEM_INDICADOR (ID_CRITERIO, ID_CASO, ID_COMPONENTE, ID_PARAMETRO, ORDEN) VALUES (4, 3, 3, 28, 2);
INSERT INTO T_MAEM_INDICADOR (ID_CRITERIO, ID_CASO, ID_COMPONENTE, ID_PARAMETRO, ORDEN) VALUES (4, 3, 3, 29, 3);
INSERT INTO T_MAEM_INDICADOR (ID_CRITERIO, ID_CASO, ID_COMPONENTE, ID_PARAMETRO, ORDEN) VALUES (4, 3, 3, 30, 4);
INSERT INTO T_MAEM_INDICADOR (ID_CRITERIO, ID_CASO, ID_COMPONENTE, ID_PARAMETRO, ORDEN) VALUES (4, 3, 3, 31, 5);
--CRI N5 31-40
--CASO 1 COMP 1
INSERT INTO T_MAEM_INDICADOR (ID_CRITERIO, ID_CASO, ID_COMPONENTE, ID_PARAMETRO, ORDEN) VALUES (5, 1, 1, 32, 1);
INSERT INTO T_MAEM_INDICADOR (ID_CRITERIO, ID_CASO, ID_COMPONENTE, ID_PARAMETRO, ORDEN) VALUES (5, 1, 1, 33, 2);
INSERT INTO T_MAEM_INDICADOR (ID_CRITERIO, ID_CASO, ID_COMPONENTE, ID_PARAMETRO, ORDEN) VALUES (5, 1, 1, 34, 3);
INSERT INTO T_MAEM_INDICADOR (ID_CRITERIO, ID_CASO, ID_COMPONENTE, ID_PARAMETRO, ORDEN) VALUES (5, 1, 1, 35, 4);
INSERT INTO T_MAEM_INDICADOR (ID_CRITERIO, ID_CASO, ID_COMPONENTE, ID_PARAMETRO, ORDEN) VALUES (5, 1, 1, 36, 5);
INSERT INTO T_MAEM_INDICADOR (ID_CRITERIO, ID_CASO, ID_COMPONENTE, ID_PARAMETRO, ORDEN) VALUES (5, 1, 1, 37, 6);
INSERT INTO T_MAEM_INDICADOR (ID_CRITERIO, ID_CASO, ID_COMPONENTE, ID_PARAMETRO, ORDEN) VALUES (5, 1, 1, 38, 7);
INSERT INTO T_MAEM_INDICADOR (ID_CRITERIO, ID_CASO, ID_COMPONENTE, ID_PARAMETRO, ORDEN) VALUES (5, 1, 1, 39, 8);
INSERT INTO T_MAEM_INDICADOR (ID_CRITERIO, ID_CASO, ID_COMPONENTE, ID_PARAMETRO, ORDEN) VALUES (5, 1, 1, 40, 9);
--CASO 1 COMP 2
INSERT INTO T_MAEM_INDICADOR (ID_CRITERIO, ID_CASO, ID_COMPONENTE, ID_PARAMETRO, ORDEN) VALUES (5, 1, 2, 41, 1);
--CASO 2 COMP 1
INSERT INTO T_MAEM_INDICADOR (ID_CRITERIO, ID_CASO, ID_COMPONENTE, ID_PARAMETRO, ORDEN) VALUES (5, 2, 1, 32, 1);
INSERT INTO T_MAEM_INDICADOR (ID_CRITERIO, ID_CASO, ID_COMPONENTE, ID_PARAMETRO, ORDEN) VALUES (5, 2, 1, 33, 2);
INSERT INTO T_MAEM_INDICADOR (ID_CRITERIO, ID_CASO, ID_COMPONENTE, ID_PARAMETRO, ORDEN) VALUES (5, 2, 1, 34, 3);
INSERT INTO T_MAEM_INDICADOR (ID_CRITERIO, ID_CASO, ID_COMPONENTE, ID_PARAMETRO, ORDEN) VALUES (5, 2, 1, 35, 4);
INSERT INTO T_MAEM_INDICADOR (ID_CRITERIO, ID_CASO, ID_COMPONENTE, ID_PARAMETRO, ORDEN) VALUES (5, 2, 1, 36, 5);
INSERT INTO T_MAEM_INDICADOR (ID_CRITERIO, ID_CASO, ID_COMPONENTE, ID_PARAMETRO, ORDEN) VALUES (5, 2, 1, 37, 6);
INSERT INTO T_MAEM_INDICADOR (ID_CRITERIO, ID_CASO, ID_COMPONENTE, ID_PARAMETRO, ORDEN) VALUES (5, 2, 1, 38, 7);
INSERT INTO T_MAEM_INDICADOR (ID_CRITERIO, ID_CASO, ID_COMPONENTE, ID_PARAMETRO, ORDEN) VALUES (5, 2, 1, 39, 8);
INSERT INTO T_MAEM_INDICADOR (ID_CRITERIO, ID_CASO, ID_COMPONENTE, ID_PARAMETRO, ORDEN) VALUES (5, 2, 1, 40, 9);
--CASO 2 COMP 2
INSERT INTO T_MAEM_INDICADOR (ID_CRITERIO, ID_CASO, ID_COMPONENTE, ID_PARAMETRO, ORDEN) VALUES (5, 2, 2, 41, 1);
--CASO 3 COMP 1
INSERT INTO T_MAEM_INDICADOR (ID_CRITERIO, ID_CASO, ID_COMPONENTE, ID_PARAMETRO, ORDEN) VALUES (5, 3, 1, 32, 1);
INSERT INTO T_MAEM_INDICADOR (ID_CRITERIO, ID_CASO, ID_COMPONENTE, ID_PARAMETRO, ORDEN) VALUES (5, 3, 1, 33, 2);
INSERT INTO T_MAEM_INDICADOR (ID_CRITERIO, ID_CASO, ID_COMPONENTE, ID_PARAMETRO, ORDEN) VALUES (5, 3, 1, 34, 3);
INSERT INTO T_MAEM_INDICADOR (ID_CRITERIO, ID_CASO, ID_COMPONENTE, ID_PARAMETRO, ORDEN) VALUES (5, 3, 1, 35, 4);
INSERT INTO T_MAEM_INDICADOR (ID_CRITERIO, ID_CASO, ID_COMPONENTE, ID_PARAMETRO, ORDEN) VALUES (5, 3, 1, 36, 5);
INSERT INTO T_MAEM_INDICADOR (ID_CRITERIO, ID_CASO, ID_COMPONENTE, ID_PARAMETRO, ORDEN) VALUES (5, 3, 1, 37, 6);
INSERT INTO T_MAEM_INDICADOR (ID_CRITERIO, ID_CASO, ID_COMPONENTE, ID_PARAMETRO, ORDEN) VALUES (5, 3, 1, 38, 7);
INSERT INTO T_MAEM_INDICADOR (ID_CRITERIO, ID_CASO, ID_COMPONENTE, ID_PARAMETRO, ORDEN) VALUES (5, 3, 1, 39, 8);
INSERT INTO T_MAEM_INDICADOR (ID_CRITERIO, ID_CASO, ID_COMPONENTE, ID_PARAMETRO, ORDEN) VALUES (5, 3, 1, 40, 9);
--CASO 3 COMP 2
INSERT INTO T_MAEM_INDICADOR (ID_CRITERIO, ID_CASO, ID_COMPONENTE, ID_PARAMETRO, ORDEN) VALUES (5, 3, 2, 41, 1);

--CRI N6 41-49
--CASO 1 COMP 1
INSERT INTO T_MAEM_INDICADOR (ID_CRITERIO, ID_CASO, ID_COMPONENTE, ID_PARAMETRO, ORDEN) VALUES (6, 1, 1, 42, 1);
INSERT INTO T_MAEM_INDICADOR (ID_CRITERIO, ID_CASO, ID_COMPONENTE, ID_PARAMETRO, ORDEN) VALUES (6, 1, 1, 43, 2);
INSERT INTO T_MAEM_INDICADOR (ID_CRITERIO, ID_CASO, ID_COMPONENTE, ID_PARAMETRO, ORDEN) VALUES (6, 1, 1, 44, 3);
INSERT INTO T_MAEM_INDICADOR (ID_CRITERIO, ID_CASO, ID_COMPONENTE, ID_PARAMETRO, ORDEN) VALUES (6, 1, 1, 45, 4);
INSERT INTO T_MAEM_INDICADOR (ID_CRITERIO, ID_CASO, ID_COMPONENTE, ID_PARAMETRO, ORDEN) VALUES (6, 1, 1, 46, 5);
INSERT INTO T_MAEM_INDICADOR (ID_CRITERIO, ID_CASO, ID_COMPONENTE, ID_PARAMETRO, ORDEN) VALUES (6, 1, 1, 47, 6);
INSERT INTO T_MAEM_INDICADOR (ID_CRITERIO, ID_CASO, ID_COMPONENTE, ID_PARAMETRO, ORDEN) VALUES (6, 1, 1, 48, 7);
INSERT INTO T_MAEM_INDICADOR (ID_CRITERIO, ID_CASO, ID_COMPONENTE, ID_PARAMETRO, ORDEN) VALUES (6, 1, 1, 49, 8);
INSERT INTO T_MAEM_INDICADOR (ID_CRITERIO, ID_CASO, ID_COMPONENTE, ID_PARAMETRO, ORDEN) VALUES (6, 1, 1, 50, 9);
--CASO 2 COMP 1
INSERT INTO T_MAEM_INDICADOR (ID_CRITERIO, ID_CASO, ID_COMPONENTE, ID_PARAMETRO, ORDEN) VALUES (6, 2, 1, 42, 1);
INSERT INTO T_MAEM_INDICADOR (ID_CRITERIO, ID_CASO, ID_COMPONENTE, ID_PARAMETRO, ORDEN) VALUES (6, 2, 1, 43, 2);
INSERT INTO T_MAEM_INDICADOR (ID_CRITERIO, ID_CASO, ID_COMPONENTE, ID_PARAMETRO, ORDEN) VALUES (6, 2, 1, 44, 3);
INSERT INTO T_MAEM_INDICADOR (ID_CRITERIO, ID_CASO, ID_COMPONENTE, ID_PARAMETRO, ORDEN) VALUES (6, 2, 1, 45, 4);
INSERT INTO T_MAEM_INDICADOR (ID_CRITERIO, ID_CASO, ID_COMPONENTE, ID_PARAMETRO, ORDEN) VALUES (6, 2, 1, 46, 5);
INSERT INTO T_MAEM_INDICADOR (ID_CRITERIO, ID_CASO, ID_COMPONENTE, ID_PARAMETRO, ORDEN) VALUES (6, 2, 1, 47, 6);
INSERT INTO T_MAEM_INDICADOR (ID_CRITERIO, ID_CASO, ID_COMPONENTE, ID_PARAMETRO, ORDEN) VALUES (6, 2, 1, 48, 7);
INSERT INTO T_MAEM_INDICADOR (ID_CRITERIO, ID_CASO, ID_COMPONENTE, ID_PARAMETRO, ORDEN) VALUES (6, 2, 1, 49, 8);
INSERT INTO T_MAEM_INDICADOR (ID_CRITERIO, ID_CASO, ID_COMPONENTE, ID_PARAMETRO, ORDEN) VALUES (6, 2, 1, 50, 9);
--CASO 3 COMP 1
INSERT INTO T_MAEM_INDICADOR (ID_CRITERIO, ID_CASO, ID_COMPONENTE, ID_PARAMETRO, ORDEN) VALUES (6, 3, 1, 42, 1);
INSERT INTO T_MAEM_INDICADOR (ID_CRITERIO, ID_CASO, ID_COMPONENTE, ID_PARAMETRO, ORDEN) VALUES (6, 3, 1, 43, 2);
INSERT INTO T_MAEM_INDICADOR (ID_CRITERIO, ID_CASO, ID_COMPONENTE, ID_PARAMETRO, ORDEN) VALUES (6, 3, 1, 44, 3);
INSERT INTO T_MAEM_INDICADOR (ID_CRITERIO, ID_CASO, ID_COMPONENTE, ID_PARAMETRO, ORDEN) VALUES (6, 3, 1, 45, 4);
INSERT INTO T_MAEM_INDICADOR (ID_CRITERIO, ID_CASO, ID_COMPONENTE, ID_PARAMETRO, ORDEN) VALUES (6, 3, 1, 46, 5);
INSERT INTO T_MAEM_INDICADOR (ID_CRITERIO, ID_CASO, ID_COMPONENTE, ID_PARAMETRO, ORDEN) VALUES (6, 3, 1, 47, 6);
INSERT INTO T_MAEM_INDICADOR (ID_CRITERIO, ID_CASO, ID_COMPONENTE, ID_PARAMETRO, ORDEN) VALUES (6, 3, 1, 48, 7);
INSERT INTO T_MAEM_INDICADOR (ID_CRITERIO, ID_CASO, ID_COMPONENTE, ID_PARAMETRO, ORDEN) VALUES (6, 3, 1, 49, 8);
INSERT INTO T_MAEM_INDICADOR (ID_CRITERIO, ID_CASO, ID_COMPONENTE, ID_PARAMETRO, ORDEN) VALUES (6, 3, 1, 50, 9);

--CRI N7 50-55
INSERT INTO T_MAEM_INDICADOR (ID_CRITERIO, ID_CASO, ID_COMPONENTE, ID_PARAMETRO, ORDEN) VALUES (7, 1, 1, 51, 1);
INSERT INTO T_MAEM_INDICADOR (ID_CRITERIO, ID_CASO, ID_COMPONENTE, ID_PARAMETRO, ORDEN) VALUES (7, 1, 1, 52, 2);
INSERT INTO T_MAEM_INDICADOR (ID_CRITERIO, ID_CASO, ID_COMPONENTE, ID_PARAMETRO, ORDEN) VALUES (7, 1, 1, 53, 3);
INSERT INTO T_MAEM_INDICADOR (ID_CRITERIO, ID_CASO, ID_COMPONENTE, ID_PARAMETRO, ORDEN) VALUES (7, 1, 1, 54, 4);
INSERT INTO T_MAEM_INDICADOR (ID_CRITERIO, ID_CASO, ID_COMPONENTE, ID_PARAMETRO, ORDEN) VALUES (7, 1, 1, 55, 5);
INSERT INTO T_MAEM_INDICADOR (ID_CRITERIO, ID_CASO, ID_COMPONENTE, ID_PARAMETRO, ORDEN) VALUES (7, 1, 1, 56, 6);
--CRI N8 56-63
--CASO 1 COMP 1
INSERT INTO T_MAEM_INDICADOR (ID_CRITERIO, ID_CASO, ID_COMPONENTE, ID_PARAMETRO, ORDEN) VALUES (8, 1, 1, 57, 1);
INSERT INTO T_MAEM_INDICADOR (ID_CRITERIO, ID_CASO, ID_COMPONENTE, ID_PARAMETRO, ORDEN) VALUES (8, 1, 1, 58, 2);
INSERT INTO T_MAEM_INDICADOR (ID_CRITERIO, ID_CASO, ID_COMPONENTE, ID_PARAMETRO, ORDEN) VALUES (8, 1, 1, 59, 3);
INSERT INTO T_MAEM_INDICADOR (ID_CRITERIO, ID_CASO, ID_COMPONENTE, ID_PARAMETRO, ORDEN) VALUES (8, 1, 1, 60, 4);
INSERT INTO T_MAEM_INDICADOR (ID_CRITERIO, ID_CASO, ID_COMPONENTE, ID_PARAMETRO, ORDEN) VALUES (8, 1, 1, 61, 5);
-- CASO 1 COMP 2
INSERT INTO T_MAEM_INDICADOR (ID_CRITERIO, ID_CASO, ID_COMPONENTE, ID_PARAMETRO, ORDEN) VALUES (8, 1, 2, 62, 1);
INSERT INTO T_MAEM_INDICADOR (ID_CRITERIO, ID_CASO, ID_COMPONENTE, ID_PARAMETRO, ORDEN) VALUES (8, 1, 2, 63, 2);
-- CASO 1 COMP 3
INSERT INTO T_MAEM_INDICADOR (ID_CRITERIO, ID_CASO, ID_COMPONENTE, ID_PARAMETRO, ORDEN) VALUES (8, 1, 3, 64, 1);

--T_MAEM_INDICADOR_FORM
--CRI N1 1-6
INSERT INTO T_MAEM_INDICADOR_FORM (ID_CRITERIO, ID_CASO, ID_COMPONENTE, ID_PARAMETRO, ID_INDICADOR, VALOR) VALUES (1, 1, 1, 1, 1, '');
INSERT INTO T_MAEM_INDICADOR_FORM (ID_CRITERIO, ID_CASO, ID_COMPONENTE, ID_PARAMETRO, ID_INDICADOR, VALOR) VALUES (1, 1, 1, 2, 1, '');
INSERT INTO T_MAEM_INDICADOR_FORM (ID_CRITERIO, ID_CASO, ID_COMPONENTE, ID_PARAMETRO, ID_INDICADOR, VALOR) VALUES (1, 1, 1, 3, 1, '');
INSERT INTO T_MAEM_INDICADOR_FORM (ID_CRITERIO, ID_CASO, ID_COMPONENTE, ID_PARAMETRO, ID_INDICADOR, VALOR) VALUES (1, 1, 1, 4, 1, '');
INSERT INTO T_MAEM_INDICADOR_FORM (ID_CRITERIO, ID_CASO, ID_COMPONENTE, ID_PARAMETRO, ID_INDICADOR, VALOR) VALUES (1, 1, 1, 5, 1, '');
INSERT INTO T_MAEM_INDICADOR_FORM (ID_CRITERIO, ID_CASO, ID_COMPONENTE, ID_PARAMETRO, ID_INDICADOR, VALOR) VALUES (1, 1, 1, 6, 1, '');
--CRI N2 7-13
INSERT INTO T_MAEM_INDICADOR_FORM (ID_CRITERIO, ID_CASO, ID_COMPONENTE, ID_PARAMETRO, ID_INDICADOR, VALOR) VALUES (2, 1, 1, 7, 1, '');
INSERT INTO T_MAEM_INDICADOR_FORM (ID_CRITERIO, ID_CASO, ID_COMPONENTE, ID_PARAMETRO, ID_INDICADOR, VALOR) VALUES (2, 1, 1, 8, 1, '');
INSERT INTO T_MAEM_INDICADOR_FORM (ID_CRITERIO, ID_CASO, ID_COMPONENTE, ID_PARAMETRO, ID_INDICADOR, VALOR) VALUES (2, 1, 1, 9, 1, '');
INSERT INTO T_MAEM_INDICADOR_FORM (ID_CRITERIO, ID_CASO, ID_COMPONENTE, ID_PARAMETRO, ID_INDICADOR, VALOR) VALUES (2, 1, 1, 10, 1, '');
INSERT INTO T_MAEM_INDICADOR_FORM (ID_CRITERIO, ID_CASO, ID_COMPONENTE, ID_PARAMETRO, ID_INDICADOR, VALOR) VALUES (2, 1, 1, 11, 1, '');
INSERT INTO T_MAEM_INDICADOR_FORM (ID_CRITERIO, ID_CASO, ID_COMPONENTE, ID_PARAMETRO, ID_INDICADOR, VALOR) VALUES (2, 1, 1, 12, 1, '');
INSERT INTO T_MAEM_INDICADOR_FORM (ID_CRITERIO, ID_CASO, ID_COMPONENTE, ID_PARAMETRO, ID_INDICADOR, VALOR) VALUES (2, 1, 1, 13, 1, '');
--CRI N3 14-17 18-19
INSERT INTO T_MAEM_INDICADOR_FORM (ID_CRITERIO, ID_CASO, ID_COMPONENTE, ID_PARAMETRO, ID_INDICADOR, VALOR) VALUES (3, 1, 1, 14, 1, '');
INSERT INTO T_MAEM_INDICADOR_FORM (ID_CRITERIO, ID_CASO, ID_COMPONENTE, ID_PARAMETRO, ID_INDICADOR, VALOR) VALUES (3, 1, 1, 15, 1, '');
INSERT INTO T_MAEM_INDICADOR_FORM (ID_CRITERIO, ID_CASO, ID_COMPONENTE, ID_PARAMETRO, ID_INDICADOR, VALOR) VALUES (3, 1, 1, 16, 1, '');
INSERT INTO T_MAEM_INDICADOR_FORM (ID_CRITERIO, ID_CASO, ID_COMPONENTE, ID_PARAMETRO, ID_INDICADOR, VALOR) VALUES (3, 1, 1, 17, 1, '');
--CASO
INSERT INTO T_MAEM_INDICADOR_FORM (ID_CRITERIO, ID_CASO, ID_COMPONENTE, ID_PARAMETRO, ID_INDICADOR, VALOR) VALUES (3, 1, 2, 18, 1, '');
INSERT INTO T_MAEM_INDICADOR_FORM (ID_CRITERIO, ID_CASO, ID_COMPONENTE, ID_PARAMETRO, ID_INDICADOR, VALOR) VALUES (3, 1, 2, 19, 1, '');
--CRI N4 20-25
INSERT INTO T_MAEM_INDICADOR_FORM (ID_CRITERIO, ID_CASO, ID_COMPONENTE, ID_PARAMETRO, ID_INDICADOR, VALOR) VALUES (4, 1, 1, 20, 1, '');
INSERT INTO T_MAEM_INDICADOR_FORM (ID_CRITERIO, ID_CASO, ID_COMPONENTE, ID_PARAMETRO, ID_INDICADOR, VALOR) VALUES (4, 1, 1, 21, 1, '');
INSERT INTO T_MAEM_INDICADOR_FORM (ID_CRITERIO, ID_CASO, ID_COMPONENTE, ID_PARAMETRO, ID_INDICADOR, VALOR) VALUES (4, 1, 1, 22, 1, '');
INSERT INTO T_MAEM_INDICADOR_FORM (ID_CRITERIO, ID_CASO, ID_COMPONENTE, ID_PARAMETRO, ID_INDICADOR, VALOR) VALUES (4, 1, 1, 23, 1, 'IMPLEMENTACIÓN DE LA NORMA ISO 50001 - SISTEMA DE GESTIÓN DE LA ENERGÍA');
INSERT INTO T_MAEM_INDICADOR_FORM (ID_CRITERIO, ID_CASO, ID_COMPONENTE, ID_PARAMETRO, ID_INDICADOR, VALOR) VALUES (4, 1, 1, 24, 1, '');
INSERT INTO T_MAEM_INDICADOR_FORM (ID_CRITERIO, ID_CASO, ID_COMPONENTE, ID_PARAMETRO, ID_INDICADOR, VALOR) VALUES (4, 1, 1, 25, 1, '');
--
INSERT INTO T_MAEM_INDICADOR_FORM (ID_CRITERIO, ID_CASO, ID_COMPONENTE, ID_PARAMETRO, ID_INDICADOR, VALOR) VALUES (4, 1, 2, 26, 1, '');

INSERT INTO T_MAEM_INDICADOR_FORM (ID_CRITERIO, ID_CASO, ID_COMPONENTE, ID_PARAMETRO, ID_INDICADOR, VALOR) VALUES (4, 2, 1, 20, 1, '');
INSERT INTO T_MAEM_INDICADOR_FORM (ID_CRITERIO, ID_CASO, ID_COMPONENTE, ID_PARAMETRO, ID_INDICADOR, VALOR) VALUES (4, 2, 1, 21, 1, '');
INSERT INTO T_MAEM_INDICADOR_FORM (ID_CRITERIO, ID_CASO, ID_COMPONENTE, ID_PARAMETRO, ID_INDICADOR, VALOR) VALUES (4, 2, 1, 22, 1, '');
INSERT INTO T_MAEM_INDICADOR_FORM (ID_CRITERIO, ID_CASO, ID_COMPONENTE, ID_PARAMETRO, ID_INDICADOR, VALOR) VALUES (4, 2, 1, 23, 1, 'SISTEMA FORMAL PARA REPORTES DE LOS RESULTADOS DEL MONITOREO DE INDICADORES DE DESEMPEÑO ENERGÉTICO');
INSERT INTO T_MAEM_INDICADOR_FORM (ID_CRITERIO, ID_CASO, ID_COMPONENTE, ID_PARAMETRO, ID_INDICADOR, VALOR) VALUES (4, 2, 1, 24, 1, '');
INSERT INTO T_MAEM_INDICADOR_FORM (ID_CRITERIO, ID_CASO, ID_COMPONENTE, ID_PARAMETRO, ID_INDICADOR, VALOR) VALUES (4, 2, 1, 25, 1, '');

INSERT INTO T_MAEM_INDICADOR_FORM (ID_CRITERIO, ID_CASO, ID_COMPONENTE, ID_PARAMETRO, ID_INDICADOR, VALOR) VALUES (4, 2, 2, 26, 1, '');

INSERT INTO T_MAEM_INDICADOR_FORM (ID_CRITERIO, ID_CASO, ID_COMPONENTE, ID_PARAMETRO, ID_INDICADOR, VALOR) VALUES (4, 3, 1, 20, 1, '');
INSERT INTO T_MAEM_INDICADOR_FORM (ID_CRITERIO, ID_CASO, ID_COMPONENTE, ID_PARAMETRO, ID_INDICADOR, VALOR) VALUES (4, 3, 1, 21, 1, '');
INSERT INTO T_MAEM_INDICADOR_FORM (ID_CRITERIO, ID_CASO, ID_COMPONENTE, ID_PARAMETRO, ID_INDICADOR, VALOR) VALUES (4, 3, 1, 22, 1, '');
INSERT INTO T_MAEM_INDICADOR_FORM (ID_CRITERIO, ID_CASO, ID_COMPONENTE, ID_PARAMETRO, ID_INDICADOR, VALOR) VALUES (4, 3, 1, 23, 1, 'MONITOREO DE LOS INDICADORES DE DESEMPEÑO ENERGÉTICO');
INSERT INTO T_MAEM_INDICADOR_FORM (ID_CRITERIO, ID_CASO, ID_COMPONENTE, ID_PARAMETRO, ID_INDICADOR, VALOR) VALUES (4, 3, 1, 24, 1, '');
INSERT INTO T_MAEM_INDICADOR_FORM (ID_CRITERIO, ID_CASO, ID_COMPONENTE, ID_PARAMETRO, ID_INDICADOR, VALOR) VALUES (4, 3, 1, 25, 1, '');

INSERT INTO T_MAEM_INDICADOR_FORM (ID_CRITERIO, ID_CASO, ID_COMPONENTE, ID_PARAMETRO, ID_INDICADOR, VALOR) VALUES (4, 3, 2, 26, 1, '');

INSERT INTO T_MAEM_INDICADOR_FORM (ID_CRITERIO, ID_CASO, ID_COMPONENTE, ID_PARAMETRO, ID_INDICADOR, VALOR) VALUES (4, 3, 3, 27, 1, '');
INSERT INTO T_MAEM_INDICADOR_FORM (ID_CRITERIO, ID_CASO, ID_COMPONENTE, ID_PARAMETRO, ID_INDICADOR, VALOR) VALUES (4, 3, 3, 28, 1, '');
INSERT INTO T_MAEM_INDICADOR_FORM (ID_CRITERIO, ID_CASO, ID_COMPONENTE, ID_PARAMETRO, ID_INDICADOR, VALOR) VALUES (4, 3, 3, 29, 1, '');
INSERT INTO T_MAEM_INDICADOR_FORM (ID_CRITERIO, ID_CASO, ID_COMPONENTE, ID_PARAMETRO, ID_INDICADOR, VALOR) VALUES (4, 3, 3, 30, 1, '');
INSERT INTO T_MAEM_INDICADOR_FORM (ID_CRITERIO, ID_CASO, ID_COMPONENTE, ID_PARAMETRO, ID_INDICADOR, VALOR) VALUES (4, 3, 3, 31, 1, '');
--CRI N5 26-34
INSERT INTO T_MAEM_INDICADOR_FORM (ID_CRITERIO, ID_CASO, ID_COMPONENTE, ID_PARAMETRO, ID_INDICADOR, VALOR) VALUES (5, 1, 1, 32, 1, 'AUDITORÍA ENERGÉTICA NIVEL I');
INSERT INTO T_MAEM_INDICADOR_FORM (ID_CRITERIO, ID_CASO, ID_COMPONENTE, ID_PARAMETRO, ID_INDICADOR, VALOR) VALUES (5, 1, 1, 33, 1, '');
INSERT INTO T_MAEM_INDICADOR_FORM (ID_CRITERIO, ID_CASO, ID_COMPONENTE, ID_PARAMETRO, ID_INDICADOR, VALOR) VALUES (5, 1, 1, 34, 1, '');
INSERT INTO T_MAEM_INDICADOR_FORM (ID_CRITERIO, ID_CASO, ID_COMPONENTE, ID_PARAMETRO, ID_INDICADOR, VALOR) VALUES (5, 1, 1, 35, 1, '');
INSERT INTO T_MAEM_INDICADOR_FORM (ID_CRITERIO, ID_CASO, ID_COMPONENTE, ID_PARAMETRO, ID_INDICADOR, VALOR) VALUES (5, 1, 1, 36, 1, '');
INSERT INTO T_MAEM_INDICADOR_FORM (ID_CRITERIO, ID_CASO, ID_COMPONENTE, ID_PARAMETRO, ID_INDICADOR, VALOR) VALUES (5, 1, 1, 37, 1, '');
INSERT INTO T_MAEM_INDICADOR_FORM (ID_CRITERIO, ID_CASO, ID_COMPONENTE, ID_PARAMETRO, ID_INDICADOR, VALOR) VALUES (5, 1, 1, 38, 1, '');
INSERT INTO T_MAEM_INDICADOR_FORM (ID_CRITERIO, ID_CASO, ID_COMPONENTE, ID_PARAMETRO, ID_INDICADOR, VALOR) VALUES (5, 1, 1, 39, 1, '');
INSERT INTO T_MAEM_INDICADOR_FORM (ID_CRITERIO, ID_CASO, ID_COMPONENTE, ID_PARAMETRO, ID_INDICADOR, VALOR) VALUES (5, 1, 1, 40, 1, '');
--UPDATE T_MAEM_INDICADOR_FORM SET VALOR = 'AUDITORÍA ENERGÉTICA NIVEL III' WHERE ID_CRITERIO = 5 AND ID_CASO = 3 AND ID_COMPONENTE = 1 AND ID_PARAMETRO = 31; COMMIT;
INSERT INTO T_MAEM_INDICADOR_FORM (ID_CRITERIO, ID_CASO, ID_COMPONENTE, ID_PARAMETRO, ID_INDICADOR, VALOR) VALUES (5, 1, 2, 41, 1, '');

INSERT INTO T_MAEM_INDICADOR_FORM (ID_CRITERIO, ID_CASO, ID_COMPONENTE, ID_PARAMETRO, ID_INDICADOR, VALOR) VALUES (5, 2, 1, 32, 1, 'AUDITORÍA ENERGÉTICA NIVEL II');
INSERT INTO T_MAEM_INDICADOR_FORM (ID_CRITERIO, ID_CASO, ID_COMPONENTE, ID_PARAMETRO, ID_INDICADOR, VALOR) VALUES (5, 2, 1, 33, 1, '');
INSERT INTO T_MAEM_INDICADOR_FORM (ID_CRITERIO, ID_CASO, ID_COMPONENTE, ID_PARAMETRO, ID_INDICADOR, VALOR) VALUES (5, 2, 1, 34, 1, '');
INSERT INTO T_MAEM_INDICADOR_FORM (ID_CRITERIO, ID_CASO, ID_COMPONENTE, ID_PARAMETRO, ID_INDICADOR, VALOR) VALUES (5, 2, 1, 35, 1, '');
INSERT INTO T_MAEM_INDICADOR_FORM (ID_CRITERIO, ID_CASO, ID_COMPONENTE, ID_PARAMETRO, ID_INDICADOR, VALOR) VALUES (5, 2, 1, 36, 1, '');
INSERT INTO T_MAEM_INDICADOR_FORM (ID_CRITERIO, ID_CASO, ID_COMPONENTE, ID_PARAMETRO, ID_INDICADOR, VALOR) VALUES (5, 2, 1, 37, 1, '');
INSERT INTO T_MAEM_INDICADOR_FORM (ID_CRITERIO, ID_CASO, ID_COMPONENTE, ID_PARAMETRO, ID_INDICADOR, VALOR) VALUES (5, 2, 1, 38, 1, '');
INSERT INTO T_MAEM_INDICADOR_FORM (ID_CRITERIO, ID_CASO, ID_COMPONENTE, ID_PARAMETRO, ID_INDICADOR, VALOR) VALUES (5, 2, 1, 39, 1, '');
INSERT INTO T_MAEM_INDICADOR_FORM (ID_CRITERIO, ID_CASO, ID_COMPONENTE, ID_PARAMETRO, ID_INDICADOR, VALOR) VALUES (5, 2, 1, 40, 1, '');

INSERT INTO T_MAEM_INDICADOR_FORM (ID_CRITERIO, ID_CASO, ID_COMPONENTE, ID_PARAMETRO, ID_INDICADOR, VALOR) VALUES (5, 2, 2, 41, 1, '');

INSERT INTO T_MAEM_INDICADOR_FORM (ID_CRITERIO, ID_CASO, ID_COMPONENTE, ID_PARAMETRO, ID_INDICADOR, VALOR) VALUES (5, 3, 1, 32, 1, 'AUDITORÍA ENERGÉTICA NIVEL IIi');
INSERT INTO T_MAEM_INDICADOR_FORM (ID_CRITERIO, ID_CASO, ID_COMPONENTE, ID_PARAMETRO, ID_INDICADOR, VALOR) VALUES (5, 3, 1, 33, 1, '');
INSERT INTO T_MAEM_INDICADOR_FORM (ID_CRITERIO, ID_CASO, ID_COMPONENTE, ID_PARAMETRO, ID_INDICADOR, VALOR) VALUES (5, 3, 1, 34, 1, '');
INSERT INTO T_MAEM_INDICADOR_FORM (ID_CRITERIO, ID_CASO, ID_COMPONENTE, ID_PARAMETRO, ID_INDICADOR, VALOR) VALUES (5, 3, 1, 35, 1, '');
INSERT INTO T_MAEM_INDICADOR_FORM (ID_CRITERIO, ID_CASO, ID_COMPONENTE, ID_PARAMETRO, ID_INDICADOR, VALOR) VALUES (5, 3, 1, 36, 1, '');
INSERT INTO T_MAEM_INDICADOR_FORM (ID_CRITERIO, ID_CASO, ID_COMPONENTE, ID_PARAMETRO, ID_INDICADOR, VALOR) VALUES (5, 3, 1, 37, 1, '');
INSERT INTO T_MAEM_INDICADOR_FORM (ID_CRITERIO, ID_CASO, ID_COMPONENTE, ID_PARAMETRO, ID_INDICADOR, VALOR) VALUES (5, 3, 1, 38, 1, '');
INSERT INTO T_MAEM_INDICADOR_FORM (ID_CRITERIO, ID_CASO, ID_COMPONENTE, ID_PARAMETRO, ID_INDICADOR, VALOR) VALUES (5, 3, 1, 39, 1, '');
INSERT INTO T_MAEM_INDICADOR_FORM (ID_CRITERIO, ID_CASO, ID_COMPONENTE, ID_PARAMETRO, ID_INDICADOR, VALOR) VALUES (5, 3, 1, 40, 1, '');

INSERT INTO T_MAEM_INDICADOR_FORM (ID_CRITERIO, ID_CASO, ID_COMPONENTE, ID_PARAMETRO, ID_INDICADOR, VALOR) VALUES (5, 3, 2, 41, 1, '');
--CRI N6 35-43
INSERT INTO T_MAEM_INDICADOR_FORM (ID_CRITERIO, ID_CASO, ID_COMPONENTE, ID_PARAMETRO, ID_INDICADOR, VALOR) VALUES (6, 1, 1, 42, 1, '');
INSERT INTO T_MAEM_INDICADOR_FORM (ID_CRITERIO, ID_CASO, ID_COMPONENTE, ID_PARAMETRO, ID_INDICADOR, VALOR) VALUES (6, 1, 1, 43, 1, '');
INSERT INTO T_MAEM_INDICADOR_FORM (ID_CRITERIO, ID_CASO, ID_COMPONENTE, ID_PARAMETRO, ID_INDICADOR, VALOR) VALUES (6, 1, 1, 44, 1, '');
INSERT INTO T_MAEM_INDICADOR_FORM (ID_CRITERIO, ID_CASO, ID_COMPONENTE, ID_PARAMETRO, ID_INDICADOR, VALOR) VALUES (6, 1, 1, 45, 1, '');
INSERT INTO T_MAEM_INDICADOR_FORM (ID_CRITERIO, ID_CASO, ID_COMPONENTE, ID_PARAMETRO, ID_INDICADOR, VALOR) VALUES (6, 1, 1, 46, 1, '');
INSERT INTO T_MAEM_INDICADOR_FORM (ID_CRITERIO, ID_CASO, ID_COMPONENTE, ID_PARAMETRO, ID_INDICADOR, VALOR) VALUES (6, 1, 1, 47, 1, '');
INSERT INTO T_MAEM_INDICADOR_FORM (ID_CRITERIO, ID_CASO, ID_COMPONENTE, ID_PARAMETRO, ID_INDICADOR, VALOR) VALUES (6, 1, 1, 48, 1, '');
INSERT INTO T_MAEM_INDICADOR_FORM (ID_CRITERIO, ID_CASO, ID_COMPONENTE, ID_PARAMETRO, ID_INDICADOR, VALOR) VALUES (6, 1, 1, 49, 1, '');
INSERT INTO T_MAEM_INDICADOR_FORM (ID_CRITERIO, ID_CASO, ID_COMPONENTE, ID_PARAMETRO, ID_INDICADOR, VALOR) VALUES (6, 1, 1, 50, 1, '');

INSERT INTO T_MAEM_INDICADOR_FORM (ID_CRITERIO, ID_CASO, ID_COMPONENTE, ID_PARAMETRO, ID_INDICADOR, VALOR) VALUES (6, 2, 1, 42, 1, '');
INSERT INTO T_MAEM_INDICADOR_FORM (ID_CRITERIO, ID_CASO, ID_COMPONENTE, ID_PARAMETRO, ID_INDICADOR, VALOR) VALUES (6, 2, 1, 43, 1, '');
INSERT INTO T_MAEM_INDICADOR_FORM (ID_CRITERIO, ID_CASO, ID_COMPONENTE, ID_PARAMETRO, ID_INDICADOR, VALOR) VALUES (6, 2, 1, 44, 1, '');
INSERT INTO T_MAEM_INDICADOR_FORM (ID_CRITERIO, ID_CASO, ID_COMPONENTE, ID_PARAMETRO, ID_INDICADOR, VALOR) VALUES (6, 2, 1, 45, 1, '');
INSERT INTO T_MAEM_INDICADOR_FORM (ID_CRITERIO, ID_CASO, ID_COMPONENTE, ID_PARAMETRO, ID_INDICADOR, VALOR) VALUES (6, 2, 1, 46, 1, '');
INSERT INTO T_MAEM_INDICADOR_FORM (ID_CRITERIO, ID_CASO, ID_COMPONENTE, ID_PARAMETRO, ID_INDICADOR, VALOR) VALUES (6, 2, 1, 47, 1, '');
INSERT INTO T_MAEM_INDICADOR_FORM (ID_CRITERIO, ID_CASO, ID_COMPONENTE, ID_PARAMETRO, ID_INDICADOR, VALOR) VALUES (6, 2, 1, 48, 1, '');
INSERT INTO T_MAEM_INDICADOR_FORM (ID_CRITERIO, ID_CASO, ID_COMPONENTE, ID_PARAMETRO, ID_INDICADOR, VALOR) VALUES (6, 2, 1, 49, 1, '');
INSERT INTO T_MAEM_INDICADOR_FORM (ID_CRITERIO, ID_CASO, ID_COMPONENTE, ID_PARAMETRO, ID_INDICADOR, VALOR) VALUES (6, 2, 1, 50, 1, '');

INSERT INTO T_MAEM_INDICADOR_FORM (ID_CRITERIO, ID_CASO, ID_COMPONENTE, ID_PARAMETRO, ID_INDICADOR, VALOR) VALUES (6, 3, 1, 42, 1, '');
INSERT INTO T_MAEM_INDICADOR_FORM (ID_CRITERIO, ID_CASO, ID_COMPONENTE, ID_PARAMETRO, ID_INDICADOR, VALOR) VALUES (6, 3, 1, 43, 1, '');
INSERT INTO T_MAEM_INDICADOR_FORM (ID_CRITERIO, ID_CASO, ID_COMPONENTE, ID_PARAMETRO, ID_INDICADOR, VALOR) VALUES (6, 3, 1, 44, 1, '');
INSERT INTO T_MAEM_INDICADOR_FORM (ID_CRITERIO, ID_CASO, ID_COMPONENTE, ID_PARAMETRO, ID_INDICADOR, VALOR) VALUES (6, 3, 1, 45, 1, '');
INSERT INTO T_MAEM_INDICADOR_FORM (ID_CRITERIO, ID_CASO, ID_COMPONENTE, ID_PARAMETRO, ID_INDICADOR, VALOR) VALUES (6, 3, 1, 46, 1, '');
INSERT INTO T_MAEM_INDICADOR_FORM (ID_CRITERIO, ID_CASO, ID_COMPONENTE, ID_PARAMETRO, ID_INDICADOR, VALOR) VALUES (6, 3, 1, 47, 1, '');
INSERT INTO T_MAEM_INDICADOR_FORM (ID_CRITERIO, ID_CASO, ID_COMPONENTE, ID_PARAMETRO, ID_INDICADOR, VALOR) VALUES (6, 3, 1, 48, 1, '');
INSERT INTO T_MAEM_INDICADOR_FORM (ID_CRITERIO, ID_CASO, ID_COMPONENTE, ID_PARAMETRO, ID_INDICADOR, VALOR) VALUES (6, 3, 1, 49, 1, '');
INSERT INTO T_MAEM_INDICADOR_FORM (ID_CRITERIO, ID_CASO, ID_COMPONENTE, ID_PARAMETRO, ID_INDICADOR, VALOR) VALUES (6, 3, 1, 50, 1, '');
--CRI N7 44-49
INSERT INTO T_MAEM_INDICADOR_FORM (ID_CRITERIO, ID_CASO, ID_COMPONENTE, ID_PARAMETRO, ID_INDICADOR, VALOR) VALUES (7, 1, 1, 51, 1, '');
INSERT INTO T_MAEM_INDICADOR_FORM (ID_CRITERIO, ID_CASO, ID_COMPONENTE, ID_PARAMETRO, ID_INDICADOR, VALOR) VALUES (7, 1, 1, 52, 1, '');
INSERT INTO T_MAEM_INDICADOR_FORM (ID_CRITERIO, ID_CASO, ID_COMPONENTE, ID_PARAMETRO, ID_INDICADOR, VALOR) VALUES (7, 1, 1, 53, 1, '');
INSERT INTO T_MAEM_INDICADOR_FORM (ID_CRITERIO, ID_CASO, ID_COMPONENTE, ID_PARAMETRO, ID_INDICADOR, VALOR) VALUES (7, 1, 1, 54, 1, '');
INSERT INTO T_MAEM_INDICADOR_FORM (ID_CRITERIO, ID_CASO, ID_COMPONENTE, ID_PARAMETRO, ID_INDICADOR, VALOR) VALUES (7, 1, 1, 55, 1, '');
INSERT INTO T_MAEM_INDICADOR_FORM (ID_CRITERIO, ID_CASO, ID_COMPONENTE, ID_PARAMETRO, ID_INDICADOR, VALOR) VALUES (7, 1, 1, 56, 1, '');
--CRI N8 53-63
INSERT INTO T_MAEM_INDICADOR_FORM (ID_CRITERIO, ID_CASO, ID_COMPONENTE, ID_PARAMETRO, ID_INDICADOR, VALOR) VALUES (8, 1, 1, 57, 1, '');
INSERT INTO T_MAEM_INDICADOR_FORM (ID_CRITERIO, ID_CASO, ID_COMPONENTE, ID_PARAMETRO, ID_INDICADOR, VALOR) VALUES (8, 1, 1, 58, 1, '');
INSERT INTO T_MAEM_INDICADOR_FORM (ID_CRITERIO, ID_CASO, ID_COMPONENTE, ID_PARAMETRO, ID_INDICADOR, VALOR) VALUES (8, 1, 1, 59, 1, '');
INSERT INTO T_MAEM_INDICADOR_FORM (ID_CRITERIO, ID_CASO, ID_COMPONENTE, ID_PARAMETRO, ID_INDICADOR, VALOR) VALUES (8, 1, 1, 60, 1, '');
INSERT INTO T_MAEM_INDICADOR_FORM (ID_CRITERIO, ID_CASO, ID_COMPONENTE, ID_PARAMETRO, ID_INDICADOR, VALOR) VALUES (8, 1, 1, 61, 1, '');

INSERT INTO T_MAEM_INDICADOR_FORM (ID_CRITERIO, ID_CASO, ID_COMPONENTE, ID_PARAMETRO, ID_INDICADOR, VALOR) VALUES (8, 1, 2, 62, 1, '');
INSERT INTO T_MAEM_INDICADOR_FORM (ID_CRITERIO, ID_CASO, ID_COMPONENTE, ID_PARAMETRO, ID_INDICADOR, VALOR) VALUES (8, 1, 2, 63, 1, '');

INSERT INTO T_MAEM_INDICADOR_FORM (ID_CRITERIO, ID_CASO, ID_COMPONENTE, ID_PARAMETRO, ID_INDICADOR, VALOR) VALUES (8, 1, 3, 64, 1, '');
-----------------------------------------------------------------------------------

--T_GENM_DOCUMENTO
INSERT INTO T_GENM_DOCUMENTO (ID_CRITERIO, ID_DOCUMENTO, NOMBRE, DESCRIPCION, OBLIGATORIO) VALUES (1, 1, 'Copia de facturas de energía eléctrica de los últimos 12 meses, en el periodo de la mejora.', '', '0');
INSERT INTO T_GENM_DOCUMENTO (ID_CRITERIO, ID_DOCUMENTO, NOMBRE, DESCRIPCION, OBLIGATORIO) VALUES (1, 2, 'Ficha técnica de los equipos adquiridos por la empresa o entidad.', '', '0');
INSERT INTO T_GENM_DOCUMENTO (ID_CRITERIO, ID_DOCUMENTO, NOMBRE, DESCRIPCION, OBLIGATORIO) VALUES (1, 3, 'Memoria descriptiva de la implementación de mejora.', 'ESTRUCTURA: OBJETIVO, ALCANCE, DESARROLLO DE INGENIERÍA, NORMAS APLICABLES, UBICACIÓN DEL PROYECTO, ESPECIFICACIONES TÉCNICAS, MEMORIA DE CÁLCULO Y CONCLUSIONES.', '0');

INSERT INTO T_GENM_DOCUMENTO (ID_CRITERIO, ID_DOCUMENTO, NOMBRE, DESCRIPCION, OBLIGATORIO) VALUES (2, 1, 'Copia de facturas de energía eléctrica de los últimos 12 meses, en el periodo de la mejora.', '', '0');
INSERT INTO T_GENM_DOCUMENTO (ID_CRITERIO, ID_DOCUMENTO, NOMBRE, DESCRIPCION, OBLIGATORIO) VALUES (2, 2, 'Ficha técnica de los equipos adquiridos por la empresa o entidad.', '', '0');
INSERT INTO T_GENM_DOCUMENTO (ID_CRITERIO, ID_DOCUMENTO, NOMBRE, DESCRIPCION, OBLIGATORIO) VALUES (2, 3, 'Memoria descriptiva de la implementación de mejora.', 'ESTRUCTURA: OBJETIVO, ALCANCE, DESARROLLO DE INGENIERÍA, NORMAS APLICABLES, UBICACIÓN DEL PROYECTO, ESPECIFICACIONES TÉCNICAS, MEMORIA DE CÁLCULO Y CONCLUSIONES.', '0');

INSERT INTO T_GENM_DOCUMENTO (ID_CRITERIO, ID_DOCUMENTO, NOMBRE, DESCRIPCION, OBLIGATORIO) VALUES (3, 1, 'Descripción de las funciones que realiza el trabajador incorporado relacionado a la gestión de la energía, refrendado por el representante legal.', '', '0');
INSERT INTO T_GENM_DOCUMENTO (ID_CRITERIO, ID_DOCUMENTO, NOMBRE, DESCRIPCION, OBLIGATORIO) VALUES (3, 2, 'Copia del registro de planilla del trabajador y/o contrato.', 'Mínimo 6 meses de antigüedad en el mismo cargo laboral', '0');

INSERT INTO T_GENM_DOCUMENTO (ID_CRITERIO, ID_DOCUMENTO, NOMBRE, DESCRIPCION, OBLIGATORIO) VALUES (4, 1, 'Copia del manual de la entidad sobre el cumplimiento del Sistema de Gestión ISO 50001 refrendada por un Ingeniero responsable de la actividad o ingeniero externo calificado, colegiado y habilitado tal como: Ingeniero en Energía, Ingeniero Mecánico Eléctrico, Ingeniero Mecánico, Ingeniero Electricista o Ingeniero Químico o afines.', 'ESTRUCTURA MANUAL: Objeto y campo de aplicación, términos y definiciones, responsabilidad de la dirección, política energética, planificación energética, implementación y operación, verificación y revisión por la dirección.', '0');
INSERT INTO T_GENM_DOCUMENTO (ID_CRITERIO, ID_DOCUMENTO, NOMBRE, DESCRIPCION, OBLIGATORIO) VALUES (4, 2, 'Informe validado por un Ingeniero responsable de la actividad.', 'ESTRUCTURA: Resumen ejecutivo, indicadores de desempeño energéticos monitoreados Y verificados, descripción del sistema formal (formato de fichas, plataforma u otra metodología) para reporte de resultados del monitoreo de indicadores de desempeño, mejoramiento de indicadores de desempeño energético y data estadística de una antigüedad de 12 meses de indicadores de desempeño energético.', '0');
INSERT INTO T_GENM_DOCUMENTO (ID_CRITERIO, ID_DOCUMENTO, NOMBRE, DESCRIPCION, OBLIGATORIO) VALUES (4, 3, 'Informe elaborado por el profesional responsable de la actividad y refrendado por el representante legal.', 'ESTRUCTURA: Resumen ejecutivo, indicadores de desempeño energéticos monitoreados, reporte estadístico de una antigüedad de 12 meses de indicadores de desempeño energético y documento de reporte de línea base energética.', '0');

INSERT INTO T_GENM_DOCUMENTO (ID_CRITERIO, ID_DOCUMENTO, NOMBRE, DESCRIPCION, OBLIGATORIO) VALUES (5, 1, 'Documentación refrendada por el representante legal de la entidad.', 'ESTRUCTURA: Resumen ejecutivo, objetivo, reportes de facturas, inventario energético, indicadores de desempeño obtenidos.', '0');
INSERT INTO T_GENM_DOCUMENTO (ID_CRITERIO, ID_DOCUMENTO, NOMBRE, DESCRIPCION, OBLIGATORIO) VALUES (5, 2, 'Documentación refrendada por un Ingeniero responsable de la entidad o profesional externo calificado, colegiado y habilitado tal como: Ingeniero en Energía, Ingeniero Mecánico Eléctrico, Ingeniero Mecánico, Ingeniero Electricista o Ingeniero Químico o afines.', 'ESTRUCTURA: Resumen ejecutivo, objetivo, descripción de procesos, cálculos justificados, instrumentos usados en la medición, propuesta de medidas de energía sostenible y registro fotográfico.', '0');
INSERT INTO T_GENM_DOCUMENTO (ID_CRITERIO, ID_DOCUMENTO, NOMBRE, DESCRIPCION, OBLIGATORIO) VALUES (5, 3, 'Documentación refrendada por un Ingeniero responsable de la entidad o profesional externo calificado, colegiado y habilitado tal como: Ingeniero en Energía, Ingeniero Mecánico Eléctrico, Ingeniero Mecánico, Ingeniero Electricista o Ingeniero Químico o afines.', 'ESTRUCTURA: Resumen ejecutivo, objetivo, descripción de procesos, cálculos justificados, instrumentos usados en la medición, propuesta de medidas de energía sostenible, propuesta de cálculos económicos, apertura de partida de eficiencia energética en el presupuesto de la empresa o fuentes de financiamiento y registro fotográfico.', '0');

INSERT INTO T_GENM_DOCUMENTO (ID_CRITERIO, ID_DOCUMENTO, NOMBRE, DESCRIPCION, OBLIGATORIO) VALUES (6, 1, 'Reconocimiento de la plataforma del MINAM - Diploma de Huella de Carbono Perú.', '', '0');
INSERT INTO T_GENM_DOCUMENTO (ID_CRITERIO, ID_DOCUMENTO, NOMBRE, DESCRIPCION, OBLIGATORIO) VALUES (6, 2, 'Reporte de emisiones de la plataforma Huella de Carbono Perú - MINAM.', '', '0');
INSERT INTO T_GENM_DOCUMENTO (ID_CRITERIO, ID_DOCUMENTO, NOMBRE, DESCRIPCION, OBLIGATORIO) VALUES (6, 3, 'Certificado de verificación.', '', '0');
INSERT INTO T_GENM_DOCUMENTO (ID_CRITERIO, ID_DOCUMENTO, NOMBRE, DESCRIPCION, OBLIGATORIO) VALUES (6, 4, 'Reporte de reducción de la plataforma Huella de Carbono Perú - MINAM.', '', '0');

INSERT INTO T_GENM_DOCUMENTO (ID_CRITERIO, ID_DOCUMENTO, NOMBRE, DESCRIPCION, OBLIGATORIO) VALUES (7, 1, 'Declaración jurada simple de cumplimiento del criterio firmada por el titular de la empresa.', '', '0');
INSERT INTO T_GENM_DOCUMENTO (ID_CRITERIO, ID_DOCUMENTO, NOMBRE, DESCRIPCION, OBLIGATORIO) VALUES (7, 2, 'Documentos con las actividades relacionadas a la gestión de la energía para los trabajadores de la entidad.', '', '0');
INSERT INTO T_GENM_DOCUMENTO (ID_CRITERIO, ID_DOCUMENTO, NOMBRE, DESCRIPCION, OBLIGATORIO) VALUES (7, 3, 'Documentos con los registros de asistencia de las actividades relacionadas a la gestión de la energía.', '', '0');
INSERT INTO T_GENM_DOCUMENTO (ID_CRITERIO, ID_DOCUMENTO, NOMBRE, DESCRIPCION, OBLIGATORIO) VALUES (7, 4, 'Registro fotográfico de la actividad relacionada a la gestión de la energía.', '', '0');

INSERT INTO T_GENM_DOCUMENTO (ID_CRITERIO, ID_DOCUMENTO, NOMBRE, DESCRIPCION, OBLIGATORIO) VALUES (8, 1, 'Documento con la descripción de las funciones que realiza el trabajador incorporado relacionado a la gestión de la energía, refrendado por el representante legal.', '', '0');
INSERT INTO T_GENM_DOCUMENTO (ID_CRITERIO, ID_DOCUMENTO, NOMBRE, DESCRIPCION, OBLIGATORIO) VALUES (8, 2, 'Registro de planilla del personal femenino y/o contrato.', 'Mínimo 6 meses de antigüedad en el mismo cargo laboral', '0');
INSERT INTO T_GENM_DOCUMENTO (ID_CRITERIO, ID_DOCUMENTO, NOMBRE, DESCRIPCION, OBLIGATORIO) VALUES (8, 3, 'Reporte del número de trabajadores de la empresa, refrendado por el titular de la empresa o entidad y validado por reporte de Ministerio de Trabajo.', 'Indicar el porcentaje de mujeres y hombres', '0');
----------------------

INSERT INTO T_MAEM_FORMULA_PARAMETRO (ID_CRITERIO, ID_CASO, ID_COMPONENTE, ID_PARAMETRO, COMPORTAMIENTO, FORMULA) VALUES (1,1,1,4,'=','[P2]-[P3]');
INSERT INTO T_MAEM_FORMULA_PARAMETRO (ID_CRITERIO, ID_CASO, ID_COMPONENTE, ID_PARAMETRO, COMPORTAMIENTO, FORMULA) VALUES (1,1,1,5,'=','[P4]*[C0.4119]');
INSERT INTO T_MAEM_FORMULA_PARAMETRO (ID_CRITERIO, ID_CASO, ID_COMPONENTE, ID_PARAMETRO, COMPORTAMIENTO, FORMULA) VALUES (1,1,1,6,'=','[P4]/[P2]');

INSERT INTO T_MAEM_FORMULA_PARAMETRO (ID_CRITERIO, ID_CASO, ID_COMPONENTE, ID_PARAMETRO, COMPORTAMIENTO, FORMULA) VALUES (8,1,1,61,'=','[P60]/[P59]');
-------------------------------------------------
commit;