------------------------------------------------------------------------------------------
CREATE SEQUENCE SISSELLO.SQ_MAE_SECTOR MINVALUE 1 MAXVALUE 9999999999999999999999999999 START WITH 3 INCREMENT BY 1;
CREATE SEQUENCE SISSELLO.SQ_GENM_INSTITUCION MINVALUE 1 MAXVALUE 9999999999999999999999999999 START WITH 2 INCREMENT BY 1;
CREATE SEQUENCE SISSELLO.SQ_GENM_USUARIO MINVALUE 1 MAXVALUE 9999999999999999999999999999 START WITH 2 INCREMENT BY 1;
CREATE SEQUENCE SISSELLO.SQ_GENM_CRITERIO MINVALUE 1 MAXVALUE 9999999999999999999999999999 START WITH 9 INCREMENT BY 1;
CREATE SEQUENCE SISSELLO.SQ_GENM_REQUERIMIENTO MINVALUE 1 MAXVALUE 9999999999999999999999999999 START WITH 8 INCREMENT BY 1;
CREATE SEQUENCE SISSELLO.SQ_GENM_ANNO MINVALUE 1 MAXVALUE 9999999999999999999999999999 START WITH 12 INCREMENT BY 1;
CREATE SEQUENCE SISSELLO.SQ_GENM_CONVOCATORIA MINVALUE 1 MAXVALUE 9999999999999999999999999999 START WITH 1 INCREMENT BY 1;
CREATE SEQUENCE SISSELLO.SQ_GENM_INSCRIPCION MINVALUE 1 MAXVALUE 9999999999999999999999999999 START WITH 1 INCREMENT BY 1;
CREATE SEQUENCE SISSELLO.SQ_GEND_CONVOCATORIA_TRAZA MINVALUE 1 MAXVALUE 9999999999999999999999999999 START WITH 1 INCREMENT BY 1;
CREATE SEQUENCE SISSELLO.SQ_GEND_INSCRIPCION_TRAZA MINVALUE 1 MAXVALUE 9999999999999999999999999999 START WITH 1 INCREMENT BY 1;
-------------------------------------------------------------------------------------------------------------------
CREATE TABLE T_MAE_SECTOR(
ID_SECTOR NUMBER,
NOMBRE VARCHAR2(50),
FLAG_ESTADO VARCHAR2(1) DEFAULT '1',
REG_USUARIO NUMBER,
REG_FECHA DATE DEFAULT SYSDATE,
UPD_USUARIO NUMBER,
UPD_FECHA DATE,
CONSTRAINT SECTOR_PK PRIMARY KEY(ID_SECTOR)
);

CREATE TABLE  T_GENM_INSTITUCION(
ID_INSTITUCION NUMBER,
RUC VARCHAR2(11),
RAZON_SOCIAL VARCHAR2(100),
NOMBRE_COMERCIAL VARCHAR2(20),
DESCRIPCION VARCHAR2(4000),
DOMICILIO_LEGAL VARCHAR2(120),
ID_SECTOR NUMBER,
LOGO VARCHAR2(100),
FLAG_ESTADO VARCHAR2(1) DEFAULT '1',
REG_USUARIO NUMBER,
REG_FECHA DATE DEFAULT SYSDATE,
UPD_USUARIO NUMBER,
UPD_FECHA DATE,
CONSTRAINT INSTITUCION_PK PRIMARY KEY(ID_INSTITUCION),
CONSTRAINT SECTOR_FK FOREIGN KEY (ID_SECTOR) REFERENCES T_MAE_SECTOR(ID_SECTOR)
);

CREATE TABLE T_MAE_ROL(
ID_ROL NUMBER,
NOMBRE VARCHAR(50),
FLAG_ESTADO VARCHAR2(1) DEFAULT '1',
REG_USUARIO NUMBER,
REG_FECHA DATE DEFAULT SYSDATE,
UPD_USUARIO NUMBER,
UPD_FECHA DATE,
CONSTRAINT ROL_PK PRIMARY KEY (ID_ROL)
);

CREATE TABLE T_GENM_USUARIO (
ID_USUARIO NUMBER,
NOMBRES VARCHAR2(30),
APELLIDOS VARCHAR2(50),
CORREO VARCHAR2(100),
CONTRASENA VARCHAR2(100),
TELEFONO VARCHAR2(10),
ANEXO VARCHAR2(6),
CELULAR VARCHAR2(12),
ID_INSTITUCION NUMBER,
ID_ROL NUMBER,
FLAG_ESTADO VARCHAR2(1) DEFAULT '1',
REG_USUARIO NUMBER,
REG_FECHA DATE DEFAULT SYSDATE,
UPD_USUARIO NUMBER,
UPD_FECHA DATE,
CONSTRAINT USUARIO_PK PRIMARY KEY (ID_USUARIO),
CONSTRAINT INSTITUCION_FK FOREIGN KEY (ID_INSTITUCION) REFERENCES T_GENM_INSTITUCION (ID_INSTITUCION),
CONSTRAINT ROL_FK FOREIGN KEY (ID_ROL) REFERENCES T_MAE_ROL (ID_ROL)
);

CREATE TABLE T_GENM_CRITERIO(
ID_CRITERIO NUMBER,
NOMBRE VARCHAR2(300),
ARCHIVO_BASE VARCHAR2(4000),
ARCHIVO_TIPO VARCHAR2(4000),
FLAG_ESTADO VARCHAR2(1) DEFAULT '1',
REG_USUARIO NUMBER,
REG_FECHA DATE DEFAULT SYSDATE,
UPD_USUARIO NUMBER,
UPD_FECHA DATE,
CONSTRAINT CRITERIO_PK PRIMARY KEY (ID_CRITERIO)
);

CREATE TABLE T_GENM_REQUERIMIENTO(
ID_REQUERIMIENTO NUMBER,
NOMBRE VARCHAR2(300),
FLAG_ESTADO VARCHAR2(1) DEFAULT '1',
REG_USUARIO NUMBER,
REG_FECHA DATE DEFAULT SYSDATE,
UPD_USUARIO NUMBER,
UPD_FECHA DATE,
CONSTRAINT REQUERIMIENTO_PK PRIMARY KEY (ID_REQUERIMIENTO)
);

CREATE TABLE T_MAE_PROCESO(
ID_PROCESO NUMBER,
NOMBRE VARCHAR2(200),
FLAG_ESTADO VARCHAR2(1) DEFAULT '1',
REG_USUARIO NUMBER,
REG_FECHA DATE DEFAULT SYSDATE,
UPD_USUARIO NUMBER,
UPD_FECHA DATE,
CONSTRAINT PROCESO_PK PRIMARY KEY (ID_PROCESO)
);

CREATE TABLE T_MAE_ETAPA(
ID_ETAPA NUMBER,
NOMBRE VARCHAR2(200),
ID_PROCESO NUMBER,
FLAG_ESTADO VARCHAR2(1) DEFAULT '1',
REG_USUARIO NUMBER,
REG_FECHA DATE DEFAULT SYSDATE,
UPD_USUARIO NUMBER,
UPD_FECHA DATE,
CONSTRAINT ETAPA_PK PRIMARY KEY (ID_ETAPA),
CONSTRAINT PROCESO_FK FOREIGN KEY (ID_PROCESO) REFERENCES T_MAE_PROCESO (ID_PROCESO)
);

CREATE TABLE T_MAE_ANNO(
ID_ANNO NUMBER,
NOMBRE VARCHAR2(10),
FLAG_ESTADO VARCHAR2(1) DEFAULT '1',
REG_USUARIO NUMBER,
REG_FECHA DATE DEFAULT SYSDATE,
UPD_USUARIO NUMBER,
UPD_FECHA DATE,
CONSTRAINT ANNO_PK PRIMARY KEY (ID_ANNO)
);

CREATE TABLE T_GENM_CONVOCATORIA(
ID_CONVOCATORIA NUMBER,
NOMBRE VARCHAR2(200),
DESCRIPCION VARCHAR2(4000),
FECHA_INICIO DATE,
FECHA_FIN DATE,
LIMITE_POSTULANTE NUMBER,
NRO_INFORME VARCHAR2(50),
ID_ETAPA NUMBER,--ADD
FLAG_ESTADO VARCHAR2(1) DEFAULT '1',
REG_USUARIO NUMBER,
REG_FECHA DATE DEFAULT SYSDATE,
UPD_USUARIO NUMBER,
UPD_FECHA DATE,
CONSTRAINT CONVOCATORIA_PK PRIMARY KEY (ID_CONVOCATORIA)
);

CREATE TABLE T_GEND_CONVOCATORIA_REQUERIM(
ID_CONVOCATORIA NUMBER,
ID_REQUERIMIENTO NUMBER,
--OBLIGATORIO VARCHAR(1),
FLAG_ESTADO VARCHAR2(1),
REG_USUARIO NUMBER,
REG_FECHA DATE DEFAULT SYSDATE,
UPD_USUARIO NUMBER,
UPD_FECHA DATE,
CONSTRAINT CONV_R_FK FOREIGN KEY (ID_CONVOCATORIA) REFERENCES T_GENM_CONVOCATORIA (ID_CONVOCATORIA),
CONSTRAINT REQ_C_FK FOREIGN KEY (ID_REQUERIMIENTO) REFERENCES T_GENM_REQUERIMIENTO (ID_REQUERIMIENTO),
CONSTRAINT CONV_REQ_PK PRIMARY KEY (ID_CONVOCATORIA, ID_REQUERIMIENTO)
);

CREATE TABLE T_GEND_CONVOCATORIA_CRITERIO(
ID_CONVOCATORIA NUMBER,
ID_CRITERIO NUMBER,
FLAG_ESTADO VARCHAR2(1),
REG_USUARIO NUMBER,
REG_FECHA DATE DEFAULT SYSDATE,
UPD_USUARIO NUMBER,
UPD_FECHA DATE,
CONSTRAINT CONV_C_FK FOREIGN KEY (ID_CONVOCATORIA) REFERENCES T_GENM_CONVOCATORIA (ID_CONVOCATORIA),
CONSTRAINT CRI_C_FK FOREIGN KEY (ID_CRITERIO) REFERENCES T_GENM_CRITERIO (ID_CRITERIO),
CONSTRAINT CONV_CRI_PK PRIMARY KEY (ID_CONVOCATORIA, ID_CRITERIO)
);

CREATE TABLE T_GEND_CONVOCATORIA_EVALUADOR(
ID_CONVOCATORIA NUMBER,
ID_USUARIO NUMBER,
FLAG_ESTADO VARCHAR2(1),
REG_USUARIO NUMBER,
REG_FECHA DATE DEFAULT SYSDATE,
UPD_USUARIO NUMBER,
UPD_FECHA DATE,
CONSTRAINT CONV_U_FK FOREIGN KEY (ID_CONVOCATORIA) REFERENCES T_GENM_CONVOCATORIA (ID_CONVOCATORIA),
CONSTRAINT USU_C_FK FOREIGN KEY (ID_USUARIO) REFERENCES T_GENM_USUARIO (ID_USUARIO),
CONSTRAINT CONV_USU_PK PRIMARY KEY (ID_CONVOCATORIA, ID_USUARIO)
);

CREATE TABLE T_GEND_CONVOCATORIA_ETAPA(
ID_CONVOCATORIA NUMBER,
ID_ETAPA NUMBER,
DIAS NUMBER,
FLAG_ESTADO VARCHAR2(1),
REG_USUARIO NUMBER,
REG_FECHA DATE DEFAULT SYSDATE,
UPD_USUARIO NUMBER,
UPD_FECHA DATE,
CONSTRAINT CONV_E_FK FOREIGN KEY (ID_CONVOCATORIA) REFERENCES T_GENM_CONVOCATORIA (ID_CONVOCATORIA),
CONSTRAINT ETA_C_FK FOREIGN KEY (ID_ETAPA) REFERENCES T_MAE_ETAPA (ID_ETAPA),
CONSTRAINT CONV_ETA_PK PRIMARY KEY (ID_CONVOCATORIA, ID_ETAPA)
);

----add
CREATE TABLE T_GENM_CASO(
ID_CASO NUMBER,
NOMBRE VARCHAR2(300),
ID_CRITERIO NUMBER,
FLAG_ESTADO VARCHAR2(1) DEFAULT '1',
REG_USUARIO NUMBER,
REG_FECHA DATE DEFAULT SYSDATE,
UPD_USUARIO NUMBER,
UPD_FECHA DATE,
CONSTRAINT CAS_C_FK FOREIGN KEY (ID_CRITERIO) REFERENCES T_GENM_CRITERIO (ID_CRITERIO),
CONSTRAINT CASO_PK PRIMARY KEY (ID_CRITERIO, ID_CASO)
);

CREATE TABLE T_GENM_COMPONENTE(
ID_COMPONENTE NUMBER NOT NULL,
NOMBRE VARCHAR2(300),
INCREMENTABLE VARCHAR2(1),
ID_CASO NUMBER NOT NULL,
ID_CRITERIO NUMBER NOT NULL,
FLAG_ESTADO VARCHAR2(1) DEFAULT '1',
REG_USUARIO NUMBER,
REG_FECHA DATE DEFAULT SYSDATE,
UPD_USUARIO NUMBER,
UPD_FECHA DATE,
CONSTRAINT COM_CS_FK FOREIGN KEY (ID_CRITERIO, ID_CASO) REFERENCES T_GENM_CASO (ID_CRITERIO, ID_CASO),
CONSTRAINT COMPONENTE_PK PRIMARY KEY (ID_CRITERIO, ID_CASO, ID_COMPONENTE)
);

CREATE TABLE T_MAE_TIPO_CONTROL(
ID_TIPO_CONTROL NUMBER,
NOMBRE VARCHAR2(50),
FLAG_ESTADO VARCHAR2(1) DEFAULT '1',
REG_USUARIO NUMBER,
REG_FECHA DATE DEFAULT SYSDATE,
UPD_USUARIO NUMBER,
UPD_FECHA DATE,
CONSTRAINT TIPO_CONTROL_PK PRIMARY KEY (ID_TIPO_CONTROL)
);

CREATE TABLE T_MAE_TIPO_DATO(
ID_TIPO_DATO NUMBER,
NOMBRE VARCHAR2(50),
FLAG_ESTADO VARCHAR2(1) DEFAULT '1',
REG_USUARIO NUMBER,
REG_FECHA DATE DEFAULT SYSDATE,
UPD_USUARIO NUMBER,
UPD_FECHA DATE,
CONSTRAINT TIPO_DATO_PK PRIMARY KEY (ID_TIPO_DATO)
);

CREATE TABLE T_MAEM_PARAMETRO(
ID_PARAMETRO NUMBER,
NOMBRE VARCHAR2(300),
ETIQUETA VARCHAR2(300),
ID_TIPO_CONTROL NUMBER,
ID_TIPO_DATO NUMBER,
DECIMAL_V VARCHAR2(1),
VERIFICABLE VARCHAR2(1),
EDITABLE VARCHAR2(1),
OBTENIBLE VARCHAR2(1),
ESTATICO VARCHAR2(1),
FILTRO VARCHAR2(50),
RESULTADO VARCHAR2(1),
TAMANO NUMBER,
DESCRIPCION VARCHAR2(300),
UNIDAD VARCHAR(50),
FLAG_ESTADO VARCHAR2(1) DEFAULT '1',
REG_USUARIO NUMBER,
REG_FECHA DATE DEFAULT SYSDATE,
UPD_USUARIO NUMBER,
UPD_FECHA DATE,
CONSTRAINT PARAMETRO_PK PRIMARY KEY (ID_PARAMETRO),
CONSTRAINT TIPO_DATO_FK FOREIGN KEY (ID_TIPO_DATO) REFERENCES T_MAE_TIPO_DATO (ID_TIPO_DATO),
CONSTRAINT TIPO_CONTROL_FK FOREIGN KEY (ID_TIPO_CONTROL) REFERENCES T_MAE_TIPO_CONTROL (ID_TIPO_CONTROL)
);

CREATE TABLE T_MAED_PARAMETRO(
ID_DETALLE NUMBER,
ID_PARAMETRO NUMBER,
NOMBRE VARCHAR2(300),
FLAG_ESTADO VARCHAR2(1) DEFAULT '1',
REG_USUARIO NUMBER,
REG_FECHA DATE DEFAULT SYSDATE,
UPD_USUARIO NUMBER,
UPD_FECHA DATE,
CONSTRAINT PARAM_DET_FK FOREIGN KEY (ID_PARAMETRO) REFERENCES T_MAEM_PARAMETRO (ID_PARAMETRO),
CONSTRAINT DETALLE_PK PRIMARY KEY (ID_PARAMETRO, ID_DETALLE)
);

CREATE TABLE T_MAED_PARAMETRO_RELACION(
ID_PARAMETRO NUMBER,
ID_DETALLE NUMBER,
PARAMETROS VARCHAR2(100),
DETALLES VARCHAR2(100),
FLAG_ESTADO VARCHAR2(1) DEFAULT '1',
REG_USUARIO NUMBER,
REG_FECHA DATE DEFAULT SYSDATE,
UPD_USUARIO NUMBER,
UPD_FECHA DATE,
PRIMARY KEY (ID_PARAMETRO, ID_DETALLE, PARAMETROS, DETALLES)
);

CREATE TABLE T_MAEM_INDICADOR(
ID_CRITERIO NUMBER,
ID_CASO NUMBER,
ID_COMPONENTE NUMBER,
ID_PARAMETRO NUMBER,
ORDEN NUMBER,
FLAG_ESTADO VARCHAR2(1) DEFAULT '1',
REG_USUARIO NUMBER,
REG_FECHA DATE DEFAULT SYSDATE,
UPD_USUARIO NUMBER,
UPD_FECHA DATE,
CONSTRAINT IND_COM_FK FOREIGN KEY (ID_CRITERIO, ID_CASO, ID_COMPONENTE) REFERENCES T_GENM_COMPONENTE (ID_CRITERIO, ID_CASO, ID_COMPONENTE),
CONSTRAINT INDICADOR_PK PRIMARY KEY (ID_CRITERIO, ID_CASO, ID_COMPONENTE, ID_PARAMETRO)
);

CREATE TABLE T_MAEM_INDICADOR_FORM(
ID_CRITERIO NUMBER,
ID_CASO NUMBER,
ID_COMPONENTE NUMBER,
ID_PARAMETRO NUMBER,
ID_INDICADOR NUMBER,
VALOR VARCHAR2(1000),
FLAG_ESTADO VARCHAR2(1) DEFAULT '1',
REG_USUARIO NUMBER,
REG_FECHA DATE DEFAULT SYSDATE,
UPD_USUARIO NUMBER,
UPD_FECHA DATE,
CONSTRAINT IND_PAM_FK FOREIGN KEY (ID_CRITERIO, ID_CASO, ID_COMPONENTE, ID_PARAMETRO) REFERENCES T_MAEM_INDICADOR (ID_CRITERIO, ID_CASO, ID_COMPONENTE, ID_PARAMETRO),
CONSTRAINT IND_FORM_PK PRIMARY KEY (ID_CRITERIO, ID_CASO, ID_COMPONENTE, ID_PARAMETRO, ID_INDICADOR)
);

CREATE TABLE T_MAEM_INDICADOR_DATA(
ID_CRITERIO NUMBER,
ID_CASO NUMBER,
ID_COMPONENTE NUMBER,
ID_PARAMETRO NUMBER,
ID_INDICADOR NUMBER,
ID_INSCRIPCION NUMBER,
VALOR VARCHAR2(1000),
FLAG_ESTADO VARCHAR2(1) DEFAULT '1',
REG_USUARIO NUMBER,
REG_FECHA DATE DEFAULT SYSDATE,
UPD_USUARIO NUMBER,
UPD_FECHA DATE,
CONSTRAINT IND_PAM_DATA_FK FOREIGN KEY (ID_CRITERIO, ID_CASO, ID_COMPONENTE, ID_PARAMETRO) REFERENCES T_MAEM_INDICADOR (ID_CRITERIO, ID_CASO, ID_COMPONENTE, ID_PARAMETRO),
CONSTRAINT IND_DATA_PK PRIMARY KEY (ID_CRITERIO, ID_CASO, ID_COMPONENTE, ID_PARAMETRO, ID_INDICADOR, ID_INSCRIPCION)
);

CREATE TABLE T_MAE_TIPO_EVALUACION(
ID_TIPO_EVALUACION NUMBER,
NOMBRE VARCHAR2(50),
FLAG_ESTADO VARCHAR2(1) DEFAULT '1',
CONSTRAINT TIPO_EVA_PK PRIMARY KEY (ID_TIPO_EVALUACION)
);

-------------------------------------------
CREATE TABLE T_GENM_INSCRIPCION
(
ID_INSCRIPCION         NUMBER,
ID_CONVOCATORIA        NUMBER,
ID_INSTITUCION         NUMBER,
FLAG_ANULAR            NUMBER(1) DEFAULT 0,
NRO_INFORME_PRELIMINAR VARCHAR2(50),
ID_TIPO_EVALUACION     NUMBER, --ADD
OBSERVACION            VARCHAR2(500), --ADD
FLAG_ESTADO            VARCHAR2(1) DEFAULT '1',
REG_USUARIO            NUMBER,
REG_FECHA              DATE DEFAULT SYSDATE,
UPD_USUARIO            NUMBER,
UPD_FECHA              DATE,
PRIMARY KEY (ID_INSCRIPCION)
);

CREATE TABLE T_GEND_INSCRIPCION_REQUERIR
(
ID_CONVOCATORIA  NUMBER,
ID_INSCRIPCION   NUMBER,
ID_REQUERIMIENTO NUMBER,
ARCHIVO_BASE     VARCHAR2(4000),
ARCHIVO_CIFRADO  VARCHAR2(4000),
VALIDO           NUMBER(1),
OBSERVACION      VARCHAR2(4000),
REG_USUARIO      NUMBER,
REG_FECHA        DATE DEFAULT SYSDATE,
UPD_USUARIO      NUMBER,
UPD_FECHA        DATE,
PRIMARY KEY (ID_CONVOCATORIA, ID_INSCRIPCION, ID_REQUERIMIENTO)
);

CREATE TABLE T_GEND_CONVOCATORIA_TRAZA
(
ID_CONVOCATORIA NUMBER,
ID_TRAZABILIDAD NUMBER,
DESCRIPCION     VARCHAR2(4000),
REG_USUARIO     NUMBER,
REG_FECHA       DATE DEFAULT SYSDATE,
PRIMARY KEY (ID_CONVOCATORIA, ID_TRAZABILIDAD)
);

CREATE TABLE T_GEND_INSCRIPCION_TRAZA
(
ID_INSCRIPCION  NUMBER,
ID_TRAZABILIDAD NUMBER,
DESCRIPCION     VARCHAR2(4000),
REG_USUARIO     NUMBER,
REG_FECHA       DATE DEFAULT SYSDATE,
PRIMARY KEY (ID_INSCRIPCION, ID_TRAZABILIDAD)
);

CREATE TABLE T_GEND_CONVOCATORIA_CRI_REQUER
(
  ID_CONVOCATORIA  NUMBER,
  ID_CRITERIO      NUMBER,
  ID_REQUERIMIENTO NUMBER,
  OBLIGATORIO      VARCHAR2(1),
  FLAG_ESTADO      VARCHAR2(1) DEFAULT '1',
  REG_USUARIO      NUMBER,
  REG_FECHA        DATE DEFAULT SYSDATE,
  UPD_USUARIO      NUMBER,
  UPD_FECHA        DATE,
  PRIMARY KEY (ID_CONVOCATORIA, ID_CRITERIO, ID_REQUERIMIENTO)
);
-------------------------------------------------------------------------------
CREATE TABLE T_GENM_DOCUMENTO(
ID_DOCUMENTO NUMBER,
NOMBRE VARCHAR2(500),
DESCRIPCION VARCHAR2(500),
OBLIGATORIO VARCHAR2(1),
ID_CRITERIO NUMBER,
FLAG_ESTADO VARCHAR2(1) DEFAULT '1',
REG_USUARIO NUMBER,
REG_FECHA DATE DEFAULT SYSDATE,
UPD_USUARIO NUMBER,
UPD_FECHA DATE,
CONSTRAINT CRI_DOC_FK FOREIGN KEY (ID_CRITERIO) REFERENCES T_GENM_CRITERIO (ID_CRITERIO),
CONSTRAINT DOC_PK PRIMARY KEY (ID_CRITERIO, ID_DOCUMENTO)
);

CREATE TABLE T_GEND_CONV_CRI_CASO(
ID_CASO NUMBER,
ID_CONVOCATORIA NUMBER,
ID_CRITERIO NUMBER,
FLAG_ESTADO VARCHAR2(1),
REG_USUARIO NUMBER,
REG_FECHA DATE DEFAULT SYSDATE,
UPD_USUARIO NUMBER,
UPD_FECHA DATE,
PRIMARY KEY (ID_CONVOCATORIA, ID_CRITERIO, ID_CASO)
);

CREATE TABLE T_GEND_CONV_CRI_CASO_DOC(
ID_DOCUMENTO NUMBER,
ID_CASO NUMBER,
ID_CONVOCATORIA NUMBER,
ID_CRITERIO NUMBER,
FLAG_ESTADO VARCHAR2(1),
REG_USUARIO NUMBER,
REG_FECHA DATE DEFAULT SYSDATE,
UPD_USUARIO NUMBER,
UPD_FECHA DATE,
PRIMARY KEY (ID_CONVOCATORIA, ID_CRITERIO, ID_CASO, ID_DOCUMENTO)
);

CREATE TABLE T_GEND_CONV_CRI_CASO_DOC_INSC(
ID_CONVOCATORIA NUMBER,
ID_CRITERIO NUMBER,
ID_CASO NUMBER,
ID_DOCUMENTO NUMBER,
ID_INSCRIPCION NUMBER,
ARCHIVO_BASE VARCHAR2(4000),
ARCHIVO_TIPO VARCHAR2(4000),
ID_TIPO_EVALUACION NUMBER,--ADD
FLAG_ESTADO VARCHAR2(1) DEFAULT '1',
REG_USUARIO NUMBER,
REG_FECHA DATE DEFAULT SYSDATE,
UPD_USUARIO NUMBER,
UPD_FECHA DATE,
PRIMARY KEY (ID_CONVOCATORIA, ID_CRITERIO, ID_CASO, ID_DOCUMENTO)
);

CREATE TABLE T_GEND_CONV_CRI_CASO_INSC_DATA(
ID_CONVOCATORIA NUMBER,
ID_CASO NUMBER,
ID_CRITERIO NUMBER,
ID_INSCRIPCION NUMBER,
INGRESO_DATOS VARCHAR2(2),
PUNTAJE NUMBER,
FLAG_ESTADO VARCHAR2(1) DEFAULT '1',
REG_USUARIO NUMBER,
REG_FECHA DATE DEFAULT SYSDATE,
UPD_USUARIO NUMBER,
UPD_FECHA DATE,
PRIMARY KEY (ID_CONVOCATORIA, ID_CRITERIO, ID_CASO, ID_INSCRIPCION)
);

CREATE TABLE T_MAEM_FORMULA_PARAMETRO(
ID_CRITERIO NUMBER,
ID_CASO NUMBER,
ID_COMPONENTE NUMBER,
ID_PARAMETRO NUMBER,
COMPORTAMIENTO VARCHAR2(1),
VALOR NUMBER,
FORMULA VARCHAR2(500),
FORMULA_ARMADO VARCHAR2(500),
FLAG_ESTADO VARCHAR2(1) DEFAULT '1',
REG_USUARIO NUMBER,
REG_FECHA DATE DEFAULT SYSDATE,
UPD_USUARIO NUMBER,
UPD_FECHA DATE,
PRIMARY KEY (ID_CRITERIO, ID_CASO, ID_COMPONENTE, ID_PARAMETRO)
);

CREATE TABLE T_MAEM_FACTOR(
ID_FACTOR NUMBER,
NOMBRE VARCHAR2(100),
SOBRE_NOMBRE VARCHAR2(100),
FLAG_ESTADO VARCHAR2(1) DEFAULT '1',
REG_USUARIO NUMBER,
REG_FECHA DATE DEFAULT SYSDATE,
UPD_USUARIO NUMBER,
UPD_FECHA DATE,
PRIMARY KEY (ID_FACTOR)
);

CREATE TABLE T_MAEM_FACTOR_PARAMETRO(
ID_FACTOR NUMBER,
ID_DETALLE NUMBER,
--ID_TIPO_CONTROL NUMBER,
--ID_TIPO_DATO NUMBER,
NOMBRE_DETALLE VARCHAR2(100),
ID_PARAMETRO NUMBER,
ORDEN NUMBER,
FLAG_ESTADO VARCHAR2(1) DEFAULT '1',
REG_USUARIO NUMBER,
REG_FECHA DATE DEFAULT SYSDATE,
UPD_USUARIO NUMBER,
UPD_FECHA DATE,
FOREIGN KEY (ID_FACTOR) REFERENCES T_MAEM_FACTOR (ID_FACTOR),
--FOREIGN KEY (ID_TIPO_CONTROL) REFERENCES T_MAE_TIPO_CONTROL (ID_TIPO_CONTROL),
--FOREIGN KEY (ID_TIPO_DATO) REFERENCES T_MAE_TIPO_DATO (ID_TIPO_DATO),
FOREIGN KEY (ID_PARAMETRO) REFERENCES T_MAEM_PARAMETRO (ID_PARAMETRO),
PRIMARY KEY (ID_FACTOR, ID_DETALLE)
);

CREATE TABLE T_MAEM_FACTOR_DATA(
ID_FACTOR NUMBER,
ID_DETALLE NUMBER,
ID_PARAMETROS VARCHAR2(50),
VALORES VARCHAR2(50),
FACTOR NUMBER(32,15),
UNIDAD VARCHAR2(100),
FLAG_ESTADO VARCHAR2(1) DEFAULT '1',
REG_USUARIO NUMBER,
REG_FECHA DATE DEFAULT SYSDATE,
UPD_USUARIO NUMBER,
UPD_FECHA DATE,
FOREIGN KEY (ID_FACTOR) REFERENCES T_MAEM_FACTOR (ID_FACTOR),
PRIMARY KEY (ID_FACTOR, ID_DETALLE)
);

CREATE TABLE T_GEND_CRITERIO_PUNTAJE(
ID_CRITERIO NUMBER,
ID_DETALLE NUMBER,
DESCRIPCION VARCHAR2(200),
PUNTAJE NUMBER,
FLAG_ESTADO VARCHAR2(1) DEFAULT '1',
REG_USUARIO NUMBER,
REG_FECHA DATE DEFAULT SYSDATE,
UPD_USUARIO NUMBER,
UPD_FECHA DATE,
CONSTRAINT CRI_PUNTAJE_FK FOREIGN KEY (ID_CRITERIO) REFERENCES T_GENM_CRITERIO (ID_CRITERIO),
CONSTRAINT CRI_PUNT_PK PRIMARY KEY (ID_CRITERIO, ID_DETALLE)
);

CREATE TABLE T_GEND_CONV_CRI_PUNTAJE(
ID_CONVOCATORIA NUMBER,
ID_CRITERIO NUMBER,
ID_DETALLE NUMBER,
DESCRIPCION VARCHAR2(200),
PUNTAJE NUMBER,
FLAG_ESTADO VARCHAR2(1) DEFAULT '1',
REG_USUARIO NUMBER,
REG_FECHA DATE DEFAULT SYSDATE,
UPD_USUARIO NUMBER,
UPD_FECHA DATE,
CONSTRAINT CONV_PUNT_FK FOREIGN KEY (ID_CONVOCATORIA) REFERENCES T_GENM_CONVOCATORIA (ID_CONVOCATORIA),
CONSTRAINT CRI_CONV_PUNT_FK FOREIGN KEY (ID_CRITERIO) REFERENCES T_GENM_CRITERIO (ID_CRITERIO),
CONSTRAINT CONV_CRI__PUNT_PK PRIMARY KEY (ID_CONVOCATORIA, ID_CRITERIO, ID_DETALLE)
);

CREATE TABLE T_GEND_CONV_CRI_PUNT_INSC(
ID_CONVOCATORIA NUMBER,
ID_CRITERIO NUMBER,
ID_DETALLE NUMBER,
ID_INSCRIPCION NUMBER,
ID_TIPO_EVALUACION NUMBER,
OBSERVACION VARCHAR2(500),
FLAG_ESTADO VARCHAR2(1) DEFAULT '1',
REG_USUARIO NUMBER,
REG_FECHA DATE DEFAULT SYSDATE,
UPD_USUARIO NUMBER,
UPD_FECHA DATE,
CONSTRAINT CONV_CRI_PUNT_FK FOREIGN KEY (ID_CONVOCATORIA, ID_CRITERIO, ID_DETALLE) REFERENCES T_GEND_CONV_CRI_PUNTAJE (ID_CONVOCATORIA, ID_CRITERIO, ID_DETALLE),
CONSTRAINT TIPO_EVA_CONV_CRI_FK FOREIGN KEY (ID_TIPO_EVALUACION) REFERENCES T_MAE_TIPO_EVALUACION (ID_TIPO_EVALUACION),
CONSTRAINT CONV_CRI_PUNT_INS_PK PRIMARY KEY (ID_CONVOCATORIA, ID_CRITERIO, ID_DETALLE, ID_INSCRIPCION)
);

CREATE TABLE T_GEND_CONV_EVA_INST(
ID_CONVOCATORIA NUMBER,
ID_USUARIO NUMBER,
ID_INSTITUCION NUMBER,
FLAG_ESTADO VARCHAR2(1) DEFAULT '1',
REG_USUARIO NUMBER,
REG_FECHA DATE DEFAULT SYSDATE,
UPD_USUARIO NUMBER,
UPD_FECHA DATE,
CONSTRAINT CONV_EVA_FK FOREIGN KEY (ID_CONVOCATORIA, ID_USUARIO) REFERENCES T_GEND_CONVOCATORIA_EVALUADOR (ID_CONVOCATORIA, ID_USUARIO),
CONSTRAINT INST_CONV_EVA_FK FOREIGN KEY (ID_INSTITUCION) REFERENCES T_GENM_INSTITUCION (ID_INSTITUCION),
CONSTRAINT CONV_USU_INST_PK PRIMARY KEY (ID_CONVOCATORIA, ID_USUARIO, ID_INSTITUCION)
);

CREATE TABLE T_GEND_CONV_ETA_INSC(
ID_CONVOCATORIA NUMBER,
ID_ETAPA NUMBER,
ID_INSCRIPCION NUMBER,
REALIZADO VARCHAR2(1),
ID_TIPO_EVALUACION NUMBER,
OBSERVACION VARCHAR2(600),
FLAG_ESTADO VARCHAR2(1) DEFAULT '1',
REG_USUARIO NUMBER,
REG_FECHA DATE DEFAULT SYSDATE,
UPD_USUARIO NUMBER,
UPD_FECHA DATE,
CONSTRAINT CONV_ETA_FK FOREIGN KEY (ID_CONVOCATORIA, ID_ETAPA) REFERENCES T_GEND_CONVOCATORIA_ETAPA (ID_CONVOCATORIA, ID_ETAPA),
CONSTRAINT INSC_CONV_E_FK FOREIGN KEY (ID_INSCRIPCION) REFERENCES T_GENM_INSCRIPCION (ID_INSCRIPCION),
CONSTRAINT CONV_ETA_INSC_PK PRIMARY KEY (ID_CONVOCATORIA, ID_ETAPA, ID_INSCRIPCION)
);

------------------------------------------
--T_MAE_SECTOR
INSERT INTO T_MAE_SECTOR (ID_SECTOR, NOMBRE, REG_USUARIO) VALUES (1, 'SECTOR PÚBLICO', 1);
INSERT INTO T_MAE_SECTOR (ID_SECTOR, NOMBRE, REG_USUARIO) VALUES (2, 'SECTOR PRIVADO', 1);

--T_GENM_INSTITUCION
INSERT INTO T_GENM_INSTITUCION (ID_INSTITUCION, RUC, RAZON_SOCIAL, DOMICILIO_LEGAL, ID_SECTOR, REG_USUARIO) 
VALUES (1, '20103040501', 'Minesterio de Energía y Minas', 'Av Javier Prado 724', 1, 1);

--T_MAE_ROL
INSERT INTO T_MAE_ROL (ID_ROL, NOMBRE, REG_USUARIO) VALUES (1, 'ADMINISTRADOR', 0);
INSERT INTO T_MAE_ROL (ID_ROL, NOMBRE, REG_USUARIO) VALUES (2, 'EVALUADOR', 1);
INSERT INTO T_MAE_ROL (ID_ROL, NOMBRE, REG_USUARIO) VALUES (3, 'POSTULANTE', 1);

--T_GENM_USUARIO
INSERT INTO T_GENM_USUARIO (ID_USUARIO, NOMBRES, APELLIDOS, CORREO, CONTRASENA, TELEFONO, ANEXO, CELULAR, ID_INSTITUCION, ID_ROL, REG_USUARIO)
VALUES (1, 'Carlos', 'Galdos', 'carlos@grupo-zuniga.com', 'AK6/N7RQH5kHaUb1RDlVFzBkupiWnfger8B3053UodvdNnMdZqCWYcQs17U2i9Cujw==', '3785212', '1010', '925478365', 1, 1, 1);

--T_GENM_CRITERIO
INSERT INTO T_GENM_CRITERIO (ID_CRITERIO, NOMBRE, ARCHIVO_BASE) VALUES (1, 'Ahorro de energía eléctrica total', 'criterio-01.png');
INSERT INTO T_GENM_CRITERIO (ID_CRITERIO, NOMBRE, ARCHIVO_BASE) VALUES (2, 'Ahorro de consumo de combustible', 'criterio-02.png');
INSERT INTO T_GENM_CRITERIO (ID_CRITERIO, NOMBRE, ARCHIVO_BASE) VALUES (3, 'Generación de puestos de trabajo relacionado a la gestión de la energía', 'criterio-03.png');
INSERT INTO T_GENM_CRITERIO (ID_CRITERIO, NOMBRE, ARCHIVO_BASE) VALUES (4, 'Implementación de un sistema de gestión de la energía', 'criterio-04.png');
INSERT INTO T_GENM_CRITERIO (ID_CRITERIO, NOMBRE, ARCHIVO_BASE) VALUES (5, 'Diagnóstico energético', 'criterio-05.png');
INSERT INTO T_GENM_CRITERIO (ID_CRITERIO, NOMBRE, ARCHIVO_BASE) VALUES (6, 'Cálculo de la huella de carbono', 'criterio-06.png');
INSERT INTO T_GENM_CRITERIO (ID_CRITERIO, NOMBRE, ARCHIVO_BASE) VALUES (7, 'Fortalecimiento de capacidades para el buen uso de la energía', 'criterio-07.png');
INSERT INTO T_GENM_CRITERIO (ID_CRITERIO, NOMBRE, ARCHIVO_BASE) VALUES (8, 'Enfoque transversal de género', 'criterio-08.png');

--T_GENM_REQUERIMIENTO
INSERT INTO T_GENM_REQUERIMIENTO (ID_REQUERIMIENTO, NOMBRE) VALUES (1, 'Documento de saneamiento legal físico.');
INSERT INTO T_GENM_REQUERIMIENTO (ID_REQUERIMIENTO, NOMBRE) VALUES (2, 'Documento de condición activo en la plataforma de la SUNAT.');
INSERT INTO T_GENM_REQUERIMIENTO (ID_REQUERIMIENTO, NOMBRE) VALUES (3, 'Documento sustentatorio relacionado a si la empresa está libre de problemas fiscales y judiciales.');
INSERT INTO T_GENM_REQUERIMIENTO (ID_REQUERIMIENTO, NOMBRE) VALUES (4, 'Constancia de INFOCORP.');
INSERT INTO T_GENM_REQUERIMIENTO (ID_REQUERIMIENTO, NOMBRE) VALUES (5, 'Documento con la firma de compromiso sobre el acceso a la información y confidencialidad.');
INSERT INTO T_GENM_REQUERIMIENTO (ID_REQUERIMIENTO, NOMBRE) VALUES (6, 'Documento con el compromiso de postulación debidamente firmada por el titular o representante legal.');
INSERT INTO T_GENM_REQUERIMIENTO (ID_REQUERIMIENTO, NOMBRE) VALUES (7, 'Copia de constitución de la empresa.');

--T_MAE_PROCESO
INSERT INTO T_MAE_PROCESO (ID_PROCESO, NOMBRE) VALUES (1, 'Publicación y difusión');
INSERT INTO T_MAE_PROCESO (ID_PROCESO, NOMBRE) VALUES (2, 'Postulación');
INSERT INTO T_MAE_PROCESO (ID_PROCESO, NOMBRE) VALUES (3, 'Recopilación de información');
INSERT INTO T_MAE_PROCESO (ID_PROCESO, NOMBRE) VALUES (4, 'Evaluación');
INSERT INTO T_MAE_PROCESO (ID_PROCESO, NOMBRE) VALUES (5, 'Invitación a ceremonia premiación');

--T_MAE_ETAPA
INSERT INTO T_MAE_ETAPA (ID_ETAPA, NOMBRE, ID_PROCESO) VALUES (1, 'Publicación y difusión', 1);
INSERT INTO T_MAE_ETAPA (ID_ETAPA, NOMBRE, ID_PROCESO) VALUES (2, 'Postulación', 2);
INSERT INTO T_MAE_ETAPA (ID_ETAPA, NOMBRE, ID_PROCESO) VALUES (3, 'Recopilación de información', 3);
INSERT INTO T_MAE_ETAPA (ID_ETAPA, NOMBRE, ID_PROCESO) VALUES (4, 'Coordinación', 4);
INSERT INTO T_MAE_ETAPA (ID_ETAPA, NOMBRE, ID_PROCESO) VALUES (5, 'Revisión N1', 4);
INSERT INTO T_MAE_ETAPA (ID_ETAPA, NOMBRE, ID_PROCESO) VALUES (6, 'Informe preliminar', 4);
INSERT INTO T_MAE_ETAPA (ID_ETAPA, NOMBRE, ID_PROCESO) VALUES (7, 'Levantamiento de observaciones', 4);
INSERT INTO T_MAE_ETAPA (ID_ETAPA, NOMBRE, ID_PROCESO) VALUES (8, 'Revisión N2', 4);
INSERT INTO T_MAE_ETAPA (ID_ETAPA, NOMBRE, ID_PROCESO) VALUES (9, 'Informe final', 4);
INSERT INTO T_MAE_ETAPA (ID_ETAPA, NOMBRE, ID_PROCESO) VALUES (10, 'Comunicación de resultados', 4);
INSERT INTO T_MAE_ETAPA (ID_ETAPA, NOMBRE, ID_PROCESO) VALUES (11, 'Invitación a ceremonia premiación',5);

-- T_MAE_ANNO
INSERT INTO T_MAE_ANNO (ID_ANNO, NOMBRE) VALUES (1, '2020');
INSERT INTO T_MAE_ANNO (ID_ANNO, NOMBRE) VALUES (2, '2021');
INSERT INTO T_MAE_ANNO (ID_ANNO, NOMBRE) VALUES (3, '2022');
INSERT INTO T_MAE_ANNO (ID_ANNO, NOMBRE) VALUES (4, '2023');
INSERT INTO T_MAE_ANNO (ID_ANNO, NOMBRE) VALUES (5, '2024');
INSERT INTO T_MAE_ANNO (ID_ANNO, NOMBRE) VALUES (6, '2025');
INSERT INTO T_MAE_ANNO (ID_ANNO, NOMBRE) VALUES (7, '2026');
INSERT INTO T_MAE_ANNO (ID_ANNO, NOMBRE) VALUES (8, '2027');
INSERT INTO T_MAE_ANNO (ID_ANNO, NOMBRE) VALUES (9, '2028');
INSERT INTO T_MAE_ANNO (ID_ANNO, NOMBRE) VALUES (10, '2029');
INSERT INTO T_MAE_ANNO (ID_ANNO, NOMBRE) VALUES (11, '2030');

--T_MAE_TIPO_EVALUACION
INSERT INTO T_MAE_TIPO_EVALUACION (ID_TIPO_EVALUACION, NOMBRE) VALUES (1, 'APROBADO');
INSERT INTO T_MAE_TIPO_EVALUACION (ID_TIPO_EVALUACION, NOMBRE) VALUES (2, 'DESAPROBADO');

--T_GENM_CASO
--CRI 1
INSERT INTO T_GENM_CASO (ID_CRITERIO, ID_CASO, NOMBRE) VALUES (1, 1, 'Ahorro de energía eléctrica');
--CRI 2
INSERT INTO T_GENM_CASO (ID_CRITERIO, ID_CASO, NOMBRE) VALUES (2, 1, 'Iniciativa con cambio de combustible');
INSERT INTO T_GENM_CASO (ID_CRITERIO, ID_CASO, NOMBRE) VALUES (2, 2, 'Iniciativa aplicando eficiencia energética');
INSERT INTO T_GENM_CASO (ID_CRITERIO, ID_CASO, NOMBRE) VALUES (2, 3, 'Vehículos eléctricos');
--CRI 3
INSERT INTO T_GENM_CASO (ID_CRITERIO, ID_CASO, NOMBRE) VALUES (3, 1, 'Personal dedicados a Gestión de la Energía');
--CRI 4
---CASO 1
INSERT INTO T_GENM_CASO (ID_CRITERIO, ID_CASO, NOMBRE) VALUES (4, 1, 'Implementación de la norma ISO 50001 - SGE');
---CASO 2
INSERT INTO T_GENM_CASO (ID_CRITERIO, ID_CASO, NOMBRE) VALUES (4, 2, 'Sistema formal para los reportes de los resultados del monitoreo de indicadores de desempeño energético');
---CASO 3
INSERT INTO T_GENM_CASO (ID_CRITERIO, ID_CASO, NOMBRE) VALUES (4, 3, 'Monitoreo de los indicadores de desempeño energético');
--CRI 5
--CASO 1
INSERT INTO T_GENM_CASO (ID_CRITERIO, ID_CASO, NOMBRE) VALUES (5, 1, 'Auditoría energética nivel I');
--CASO 2
INSERT INTO T_GENM_CASO (ID_CRITERIO, ID_CASO, NOMBRE) VALUES (5, 2, 'Auditoría energética nivel II');
--CASO 3
INSERT INTO T_GENM_CASO (ID_CRITERIO, ID_CASO, NOMBRE) VALUES (5, 3, 'Auditoría energética nivel III');
--CRI 6
--CASO 1
INSERT INTO T_GENM_CASO (ID_CRITERIO, ID_CASO, NOMBRE) VALUES (6, 1, 'Huella de Carbono calculado');
--CASO 2
INSERT INTO T_GENM_CASO (ID_CRITERIO, ID_CASO, NOMBRE) VALUES (6, 2, 'Huella de Carbono calculado y verificado');
--CASO 3
INSERT INTO T_GENM_CASO (ID_CRITERIO, ID_CASO, NOMBRE) VALUES (6, 3, 'Huella de Carbono calculado, compensado y verificado');
--CRI 7
INSERT INTO T_GENM_CASO (ID_CRITERIO, ID_CASO, NOMBRE) VALUES (7, 1, 'Fortalecimiento de capacidades');
--CRI 8
INSERT INTO T_GENM_CASO (ID_CRITERIO, ID_CASO, NOMBRE) VALUES (8, 1, 'Igualdad de género');

--T_GENM_COMPONENTE
INSERT INTO T_GENM_COMPONENTE (ID_CRITERIO, ID_CASO, ID_COMPONENTE, NOMBRE, INCREMENTABLE) VALUES (1, 1, 1, 'CRIT1_CAS1_COMP1', '1');
INSERT INTO T_GENM_COMPONENTE (ID_CRITERIO, ID_CASO, ID_COMPONENTE, NOMBRE, INCREMENTABLE) VALUES (1, 1, 2, 'CRIT1_CAS1_COMP2', '0');
INSERT INTO T_GENM_COMPONENTE (ID_CRITERIO, ID_CASO, ID_COMPONENTE, NOMBRE, INCREMENTABLE) VALUES (2, 1, 1, 'CRIT2_CAS1_COMP1', '1');
INSERT INTO T_GENM_COMPONENTE (ID_CRITERIO, ID_CASO, ID_COMPONENTE, NOMBRE, INCREMENTABLE) VALUES (2, 1, 2, 'CRIT2_CAS1_COMP2', '0');
INSERT INTO T_GENM_COMPONENTE (ID_CRITERIO, ID_CASO, ID_COMPONENTE, NOMBRE, INCREMENTABLE) VALUES (2, 2, 1, 'CRIT2_CAS2_COMP1', '1');
INSERT INTO T_GENM_COMPONENTE (ID_CRITERIO, ID_CASO, ID_COMPONENTE, NOMBRE, INCREMENTABLE) VALUES (2, 2, 2, 'CRIT2_CAS2_COMP2', '0');
INSERT INTO T_GENM_COMPONENTE (ID_CRITERIO, ID_CASO, ID_COMPONENTE, NOMBRE, INCREMENTABLE) VALUES (2, 2, 3, 'CRIT2_CAS2_COMP3', '0');
INSERT INTO T_GENM_COMPONENTE (ID_CRITERIO, ID_CASO, ID_COMPONENTE, NOMBRE, INCREMENTABLE) VALUES (2, 3, 1, 'CRIT2_CAS3_COMP1', '1');
INSERT INTO T_GENM_COMPONENTE (ID_CRITERIO, ID_CASO, ID_COMPONENTE, NOMBRE, INCREMENTABLE) VALUES (2, 3, 2, 'CRIT2_CAS3_COMP2', '1');
INSERT INTO T_GENM_COMPONENTE (ID_CRITERIO, ID_CASO, ID_COMPONENTE, NOMBRE, INCREMENTABLE) VALUES (2, 3, 3, 'CRIT2_CAS3_COMP3', '1');
INSERT INTO T_GENM_COMPONENTE (ID_CRITERIO, ID_CASO, ID_COMPONENTE, NOMBRE, INCREMENTABLE) VALUES (2, 3, 4, 'CRIT2_CAS3_COMP4', '1');
INSERT INTO T_GENM_COMPONENTE (ID_CRITERIO, ID_CASO, ID_COMPONENTE, NOMBRE, INCREMENTABLE) VALUES (3, 1, 1, 'CRIT3_CAS1_COMP1', '0');
INSERT INTO T_GENM_COMPONENTE (ID_CRITERIO, ID_CASO, ID_COMPONENTE, NOMBRE, INCREMENTABLE) VALUES (3, 1, 2, 'CRIT3_CAS1_COMP2', '0');
INSERT INTO T_GENM_COMPONENTE (ID_CRITERIO, ID_CASO, ID_COMPONENTE, NOMBRE, INCREMENTABLE) VALUES (3, 1, 3, 'CRIT3_CAS1_COMP3', '1');
INSERT INTO T_GENM_COMPONENTE (ID_CRITERIO, ID_CASO, ID_COMPONENTE, NOMBRE, INCREMENTABLE) VALUES (4, 1, 1, 'CRIT4_CAS1_COMP1', '0');
INSERT INTO T_GENM_COMPONENTE (ID_CRITERIO, ID_CASO, ID_COMPONENTE, NOMBRE, INCREMENTABLE) VALUES (4, 1, 2, 'CRIT4_CAS1_COMP2', '0');
INSERT INTO T_GENM_COMPONENTE (ID_CRITERIO, ID_CASO, ID_COMPONENTE, NOMBRE, INCREMENTABLE) VALUES (4, 1, 3, 'CRIT4_CAS1_COMP3', '0');
INSERT INTO T_GENM_COMPONENTE (ID_CRITERIO, ID_CASO, ID_COMPONENTE, NOMBRE, INCREMENTABLE) VALUES (4, 2, 1, 'CRIT4_CAS2_COMP1', '0');
INSERT INTO T_GENM_COMPONENTE (ID_CRITERIO, ID_CASO, ID_COMPONENTE, NOMBRE, INCREMENTABLE) VALUES (4, 2, 2, 'CRIT4_CAS2_COMP2', '0');
INSERT INTO T_GENM_COMPONENTE (ID_CRITERIO, ID_CASO, ID_COMPONENTE, NOMBRE, INCREMENTABLE) VALUES (4, 2, 3, 'CRIT4_CAS2_COMP3', '0');
INSERT INTO T_GENM_COMPONENTE (ID_CRITERIO, ID_CASO, ID_COMPONENTE, NOMBRE, INCREMENTABLE) VALUES (4, 3, 1, 'CRIT4_CAS3_COMP1', '0');
INSERT INTO T_GENM_COMPONENTE (ID_CRITERIO, ID_CASO, ID_COMPONENTE, NOMBRE, INCREMENTABLE) VALUES (4, 3, 2, 'CRIT4_CAS3_COMP2', '0');
INSERT INTO T_GENM_COMPONENTE (ID_CRITERIO, ID_CASO, ID_COMPONENTE, NOMBRE, INCREMENTABLE) VALUES (4, 3, 3, 'CRIT4_CAS3_COMP3', '1');
INSERT INTO T_GENM_COMPONENTE (ID_CRITERIO, ID_CASO, ID_COMPONENTE, NOMBRE, INCREMENTABLE) VALUES (4, 3, 4, 'CRIT4_CAS3_COMP4', '0');
INSERT INTO T_GENM_COMPONENTE (ID_CRITERIO, ID_CASO, ID_COMPONENTE, NOMBRE, INCREMENTABLE) VALUES (5, 1, 1, 'CRIT5_CAS1_COMP1', '0');
INSERT INTO T_GENM_COMPONENTE (ID_CRITERIO, ID_CASO, ID_COMPONENTE, NOMBRE, INCREMENTABLE) VALUES (5, 1, 2, 'CRIT5_CAS1_COMP2', '0');
INSERT INTO T_GENM_COMPONENTE (ID_CRITERIO, ID_CASO, ID_COMPONENTE, NOMBRE, INCREMENTABLE) VALUES (5, 1, 3, 'CRIT5_CAS1_COMP3', '0');
INSERT INTO T_GENM_COMPONENTE (ID_CRITERIO, ID_CASO, ID_COMPONENTE, NOMBRE, INCREMENTABLE) VALUES (5, 1, 4, 'CRIT5_CAS1_COMP4', '0');
INSERT INTO T_GENM_COMPONENTE (ID_CRITERIO, ID_CASO, ID_COMPONENTE, NOMBRE, INCREMENTABLE) VALUES (5, 2, 1, 'CRIT5_CAS2_COMP1', '0');
INSERT INTO T_GENM_COMPONENTE (ID_CRITERIO, ID_CASO, ID_COMPONENTE, NOMBRE, INCREMENTABLE) VALUES (5, 2, 2, 'CRIT5_CAS2_COMP2', '0');
INSERT INTO T_GENM_COMPONENTE (ID_CRITERIO, ID_CASO, ID_COMPONENTE, NOMBRE, INCREMENTABLE) VALUES (5, 2, 3, 'CRIT5_CAS2_COMP3', '0');
INSERT INTO T_GENM_COMPONENTE (ID_CRITERIO, ID_CASO, ID_COMPONENTE, NOMBRE, INCREMENTABLE) VALUES (5, 2, 4, 'CRIT5_CAS2_COMP4', '0');
INSERT INTO T_GENM_COMPONENTE (ID_CRITERIO, ID_CASO, ID_COMPONENTE, NOMBRE, INCREMENTABLE) VALUES (5, 3, 1, 'CRIT5_CAS3_COMP1', '0');
INSERT INTO T_GENM_COMPONENTE (ID_CRITERIO, ID_CASO, ID_COMPONENTE, NOMBRE, INCREMENTABLE) VALUES (5, 3, 2, 'CRIT5_CAS3_COMP2', '0');
INSERT INTO T_GENM_COMPONENTE (ID_CRITERIO, ID_CASO, ID_COMPONENTE, NOMBRE, INCREMENTABLE) VALUES (5, 3, 3, 'CRIT5_CAS3_COMP3', '0');
INSERT INTO T_GENM_COMPONENTE (ID_CRITERIO, ID_CASO, ID_COMPONENTE, NOMBRE, INCREMENTABLE) VALUES (5, 3, 4, 'CRIT5_CAS3_COMP4', '0');
INSERT INTO T_GENM_COMPONENTE (ID_CRITERIO, ID_CASO, ID_COMPONENTE, NOMBRE, INCREMENTABLE) VALUES (6, 1, 1, 'CRIT6_CAS1_COMP1', '0');
INSERT INTO T_GENM_COMPONENTE (ID_CRITERIO, ID_CASO, ID_COMPONENTE, NOMBRE, INCREMENTABLE) VALUES (6, 1, 2, 'CRIT6_CAS1_COMP2', '0');
INSERT INTO T_GENM_COMPONENTE (ID_CRITERIO, ID_CASO, ID_COMPONENTE, NOMBRE, INCREMENTABLE) VALUES (6, 2, 1, 'CRIT6_CAS2_COMP1', '0');
INSERT INTO T_GENM_COMPONENTE (ID_CRITERIO, ID_CASO, ID_COMPONENTE, NOMBRE, INCREMENTABLE) VALUES (6, 2, 2, 'CRIT6_CAS2_COMP2', '0');
INSERT INTO T_GENM_COMPONENTE (ID_CRITERIO, ID_CASO, ID_COMPONENTE, NOMBRE, INCREMENTABLE) VALUES (6, 3, 1, 'CRIT6_CAS3_COMP1', '0');
INSERT INTO T_GENM_COMPONENTE (ID_CRITERIO, ID_CASO, ID_COMPONENTE, NOMBRE, INCREMENTABLE) VALUES (6, 3, 2, 'CRIT6_CAS3_COMP2', '0');
INSERT INTO T_GENM_COMPONENTE (ID_CRITERIO, ID_CASO, ID_COMPONENTE, NOMBRE, INCREMENTABLE) VALUES (7, 1, 1, 'CRIT7_CAS1_COMP1', '0');
INSERT INTO T_GENM_COMPONENTE (ID_CRITERIO, ID_CASO, ID_COMPONENTE, NOMBRE, INCREMENTABLE) VALUES (7, 1, 2, 'CRIT7_CAS1_COMP2', '1');
INSERT INTO T_GENM_COMPONENTE (ID_CRITERIO, ID_CASO, ID_COMPONENTE, NOMBRE, INCREMENTABLE) VALUES (8, 1, 1, 'CRIT8_CAS1_COMP1', '0');
INSERT INTO T_GENM_COMPONENTE (ID_CRITERIO, ID_CASO, ID_COMPONENTE, NOMBRE, INCREMENTABLE) VALUES (8, 1, 2, 'CRIT8_CAS1_COMP2', '0');
INSERT INTO T_GENM_COMPONENTE (ID_CRITERIO, ID_CASO, ID_COMPONENTE, NOMBRE, INCREMENTABLE) VALUES (8, 1, 3, 'CRIT8_CAS1_COMP3', '1');
INSERT INTO T_GENM_COMPONENTE (ID_CRITERIO, ID_CASO, ID_COMPONENTE, NOMBRE, INCREMENTABLE) VALUES (8, 1, 4, 'CRIT8_CAS1_COMP4', '0');

--T_MAE_TIPO_CONTROL
INSERT INTO T_MAE_TIPO_CONTROL (ID_TIPO_CONTROL, NOMBRE) VALUES (1, 'LISTA');
INSERT INTO T_MAE_TIPO_CONTROL (ID_TIPO_CONTROL, NOMBRE) VALUES (2, 'TEXTO');

--T_MAE_TIPO_DATO
INSERT INTO T_MAE_TIPO_DATO (ID_TIPO_DATO, NOMBRE) VALUES (1, 'NUMERO');
INSERT INTO T_MAE_TIPO_DATO (ID_TIPO_DATO, NOMBRE) VALUES (2, 'ALFANUMERICO');
INSERT INTO T_MAE_TIPO_DATO (ID_TIPO_DATO, NOMBRE) VALUES (3, 'FECHA');

--T_MAEM_PARAMETRO
--CRITERIO N1
INSERT INTO T_MAEM_PARAMETRO (ID_PARAMETRO, NOMBRE, ETIQUETA, ID_TIPO_CONTROL, ID_TIPO_DATO, DECIMAL_V, VERIFICABLE, EDITABLE, OBTENIBLE, ESTATICO, FILTRO, RESULTADO, TAMANO, DESCRIPCION, UNIDAD) VALUES (1, 'Empresa', 'P1CR1CS1CM1', 2, 2, NULL, '0', '1', '0', '0', NULL, '0', 60,'Colocar la razón social de la empresa', '');
INSERT INTO T_MAEM_PARAMETRO (ID_PARAMETRO, NOMBRE, ETIQUETA, ID_TIPO_CONTROL, ID_TIPO_DATO, DECIMAL_V, VERIFICABLE, EDITABLE, OBTENIBLE, ESTATICO, FILTRO, RESULTADO, TAMANO, DESCRIPCION, UNIDAD) VALUES (2, 'Sede', 'P2CR1CS1CM1',2, 2, NULL, '0', '1', '0', '0',  NULL, '0', 60,'Ingresar la Sede de la empresa donde se realizó la implementación de mejora', '');
INSERT INTO T_MAEM_PARAMETRO (ID_PARAMETRO, NOMBRE, ETIQUETA, ID_TIPO_CONTROL, ID_TIPO_DATO, DECIMAL_V, VERIFICABLE, EDITABLE, OBTENIBLE, ESTATICO, FILTRO, RESULTADO, TAMANO, DESCRIPCION, UNIDAD) VALUES (3, 'Tipo de Institución', 'P2CR1CS1CM1',1, NULL, NULL, '0', '1', '0', '0',  '4', '0', NULL,'Seleccionar el tipo de institución a la que pertenece', '');
INSERT INTO T_MAEM_PARAMETRO (ID_PARAMETRO, NOMBRE, ETIQUETA, ID_TIPO_CONTROL, ID_TIPO_DATO, DECIMAL_V, VERIFICABLE, EDITABLE, OBTENIBLE, ESTATICO, FILTRO, RESULTADO, TAMANO, DESCRIPCION, UNIDAD) VALUES (4, 'Sector', 'P2CR1CS1CM1',1, NULL, NULL, '0', '1', '0', '0',  '6', '0', NULL,'Seleccionar el sector al que pertenece', '');
INSERT INTO T_MAEM_PARAMETRO (ID_PARAMETRO, NOMBRE, ETIQUETA, ID_TIPO_CONTROL, ID_TIPO_DATO, DECIMAL_V, VERIFICABLE, EDITABLE, OBTENIBLE, ESTATICO, FILTRO, RESULTADO, TAMANO, DESCRIPCION, UNIDAD) VALUES (5, 'Otro sector', 'P2CR1CS1CM1',2,2, NULL, '0', '1', '0', '0',  NULL, '0', 100, '', '');
INSERT INTO T_MAEM_PARAMETRO (ID_PARAMETRO, NOMBRE, ETIQUETA, ID_TIPO_CONTROL, ID_TIPO_DATO, DECIMAL_V, VERIFICABLE, EDITABLE, OBTENIBLE, ESTATICO, FILTRO, RESULTADO, TAMANO, DESCRIPCION, UNIDAD) VALUES (6, 'Sub Sector', 'P2CR1CS1CM1',1, NULL, NULL, '0', '1', '0', '0',  '7|9', '0', NULL,'Seleccionar el subsector al que pertenece', '');
INSERT INTO T_MAEM_PARAMETRO (ID_PARAMETRO, NOMBRE, ETIQUETA, ID_TIPO_CONTROL, ID_TIPO_DATO, DECIMAL_V, VERIFICABLE, EDITABLE, OBTENIBLE, ESTATICO, FILTRO, RESULTADO, TAMANO, DESCRIPCION, UNIDAD) VALUES (7, 'Indicador', 'P2CR1CS1CM1',1, NULL, NULL, '0', '1', '0', '0',  '9', '0', NULL,'', '');
INSERT INTO T_MAEM_PARAMETRO (ID_PARAMETRO, NOMBRE, ETIQUETA, ID_TIPO_CONTROL, ID_TIPO_DATO, DECIMAL_V, VERIFICABLE, EDITABLE, OBTENIBLE, ESTATICO, FILTRO, RESULTADO, TAMANO, DESCRIPCION, UNIDAD) VALUES (8, 'Otro Indicador', 'P1CR1CS1CM1', 2, 2, NULL, '0', '1', '0', '0', NULL, '0', 100,'', '');
INSERT INTO T_MAEM_PARAMETRO (ID_PARAMETRO, NOMBRE, ETIQUETA, ID_TIPO_CONTROL, ID_TIPO_DATO, DECIMAL_V, VERIFICABLE, EDITABLE, OBTENIBLE, ESTATICO, FILTRO, RESULTADO, TAMANO, DESCRIPCION, UNIDAD) VALUES (9, 'Unidad', 'P2CR1CS1CM1',1, NULL, NULL, '0', '1', '0', '0', NULL, '0', NULL,'', '');
INSERT INTO T_MAEM_PARAMETRO (ID_PARAMETRO, NOMBRE, ETIQUETA, ID_TIPO_CONTROL, ID_TIPO_DATO, DECIMAL_V, VERIFICABLE, EDITABLE, OBTENIBLE, ESTATICO, FILTRO, RESULTADO, TAMANO, DESCRIPCION, UNIDAD) VALUES (10, 'Otra Unidad', 'P1CR1CS1CM1', 2, 2, NULL, '0', '1', '0', '0', NULL, '0', 60, '', '');
INSERT INTO T_MAEM_PARAMETRO (ID_PARAMETRO, NOMBRE, ETIQUETA, ID_TIPO_CONTROL, ID_TIPO_DATO, DECIMAL_V, VERIFICABLE, EDITABLE, OBTENIBLE, ESTATICO, FILTRO, RESULTADO, TAMANO, DESCRIPCION, UNIDAD) VALUES (11, 'Valor', 'P1CR1CS1CM1', 2, 1, '1', '0', '1', '0', '0', NULL, '0', 60, '', '');
INSERT INTO T_MAEM_PARAMETRO (ID_PARAMETRO, NOMBRE, ETIQUETA, ID_TIPO_CONTROL, ID_TIPO_DATO, DECIMAL_V, VERIFICABLE, EDITABLE, OBTENIBLE, ESTATICO, FILTRO, RESULTADO, TAMANO, DESCRIPCION, UNIDAD) VALUES (12, 'Consumo energía eléctrica (1)', 'P1CR1CS1CM1', 2, 2, '1', '1', '1', '0', '0', NULL, '0', 15,'Consumo energía eléctrica antes de la implementación ( Total)', 'kWh/año');
INSERT INTO T_MAEM_PARAMETRO (ID_PARAMETRO, NOMBRE, ETIQUETA, ID_TIPO_CONTROL, ID_TIPO_DATO, DECIMAL_V, VERIFICABLE, EDITABLE, OBTENIBLE, ESTATICO, FILTRO, RESULTADO, TAMANO, DESCRIPCION, UNIDAD) VALUES (13, 'Emisiones (1)', 'P1CR1CS1CM1', 2, 1, '1', '0', '0', '0', '0', NULL, '1', 15,'Consumo energía eléctrica antes de la implementación ( Total)', 'kWh/año');
INSERT INTO T_MAEM_PARAMETRO (ID_PARAMETRO, NOMBRE, ETIQUETA, ID_TIPO_CONTROL, ID_TIPO_DATO, DECIMAL_V, VERIFICABLE, EDITABLE, OBTENIBLE, ESTATICO, FILTRO, RESULTADO, TAMANO, DESCRIPCION, UNIDAD) VALUES (14, 'Año de implementación', 'P1CR1CS1CM1', 2, 1, '0', '0', '1', '0', '0', NULL, '0', 4,'', '');
INSERT INTO T_MAEM_PARAMETRO (ID_PARAMETRO, NOMBRE, ETIQUETA, ID_TIPO_CONTROL, ID_TIPO_DATO, DECIMAL_V, VERIFICABLE, EDITABLE, OBTENIBLE, ESTATICO, FILTRO, RESULTADO, TAMANO, DESCRIPCION, UNIDAD) VALUES (15, 'Consumo energía eléctrica (2)', 'P3CR1CS1CM1',2,1, '1', '1', '1', '0', '0',  NULL, '0', 15,'','kWh/año');
INSERT INTO T_MAEM_PARAMETRO (ID_PARAMETRO, NOMBRE, ETIQUETA, ID_TIPO_CONTROL, ID_TIPO_DATO, DECIMAL_V, VERIFICABLE, EDITABLE, OBTENIBLE, ESTATICO, FILTRO, RESULTADO, TAMANO, DESCRIPCION, UNIDAD) VALUES (16, 'Ahorro energético', 'P4CR1CS1CM1',2,1, '1', '0', '0', '0', '0', NULL, '1', 15,'','kWh/año');
INSERT INTO T_MAEM_PARAMETRO (ID_PARAMETRO, NOMBRE, ETIQUETA, ID_TIPO_CONTROL, ID_TIPO_DATO, DECIMAL_V, VERIFICABLE, EDITABLE, OBTENIBLE, ESTATICO, FILTRO, RESULTADO, TAMANO, DESCRIPCION, UNIDAD) VALUES (17, 'Reducción de emisiones (2)', 'P5CR1CS1CM1',2,1, '1', '0', '0', '0', '0', NULL, '1', 15, '','kgCO2');
INSERT INTO T_MAEM_PARAMETRO (ID_PARAMETRO, NOMBRE, ETIQUETA, ID_TIPO_CONTROL, ID_TIPO_DATO, DECIMAL_V, VERIFICABLE, EDITABLE, OBTENIBLE, ESTATICO, FILTRO, RESULTADO, TAMANO, DESCRIPCION, UNIDAD) VALUES (18, 'Porcentaje', 'P6CR1CS1CM1',2,1, '1', '0', '0', '0', '0', NULL, '1', 15, '','%');

INSERT INTO T_MAEM_PARAMETRO (ID_PARAMETRO, NOMBRE, ETIQUETA, ID_TIPO_CONTROL, ID_TIPO_DATO, DECIMAL_V, VERIFICABLE, EDITABLE, OBTENIBLE, ESTATICO, FILTRO, RESULTADO, TAMANO, DESCRIPCION, UNIDAD) VALUES (19, 'Tipo de Institución', 'P2CR1CS1CM1',1, NULL, NULL, '0', '1', '0', '0',  '4', '0', NULL,'Seleccionar el tipo de institución a la que pertenece', '');
INSERT INTO T_MAEM_PARAMETRO (ID_PARAMETRO, NOMBRE, ETIQUETA, ID_TIPO_CONTROL, ID_TIPO_DATO, DECIMAL_V, VERIFICABLE, EDITABLE, OBTENIBLE, ESTATICO, FILTRO, RESULTADO, TAMANO, DESCRIPCION, UNIDAD) VALUES (20, 'Sector', 'P2CR1CS1CM1',1, NULL, NULL, '0', '1', '0', '0',  '22', '0', NULL,'Seleccionar el sector al que pertenece', '');
INSERT INTO T_MAEM_PARAMETRO (ID_PARAMETRO, NOMBRE, ETIQUETA, ID_TIPO_CONTROL, ID_TIPO_DATO, DECIMAL_V, VERIFICABLE, EDITABLE, OBTENIBLE, ESTATICO, FILTRO, RESULTADO, TAMANO, DESCRIPCION, UNIDAD) VALUES (21, 'Otro sector', 'P2CR1CS1CM1',2,2, NULL, '0', '1', '0', '0',  NULL, '0', 100, '', '');
INSERT INTO T_MAEM_PARAMETRO (ID_PARAMETRO, NOMBRE, ETIQUETA, ID_TIPO_CONTROL, ID_TIPO_DATO, DECIMAL_V, VERIFICABLE, EDITABLE, OBTENIBLE, ESTATICO, FILTRO, RESULTADO, TAMANO, DESCRIPCION, UNIDAD) VALUES (22, 'Sub Sector', 'P2CR1CS1CM1',1, NULL, NULL, '0', '1', '0', '0',  '7|9|23|25', '0', NULL,'Seleccionar el subsector al que pertenece', '');
INSERT INTO T_MAEM_PARAMETRO (ID_PARAMETRO, NOMBRE, ETIQUETA, ID_TIPO_CONTROL, ID_TIPO_DATO, DECIMAL_V, VERIFICABLE, EDITABLE, OBTENIBLE, ESTATICO, FILTRO, RESULTADO, TAMANO, DESCRIPCION, UNIDAD) VALUES (23, 'Indicador (2)', 'P2CR1CS1CM1',1, NULL, NULL, '0', '1', '0', '0',  '25', '0', NULL,'', '');
INSERT INTO T_MAEM_PARAMETRO (ID_PARAMETRO, NOMBRE, ETIQUETA, ID_TIPO_CONTROL, ID_TIPO_DATO, DECIMAL_V, VERIFICABLE, EDITABLE, OBTENIBLE, ESTATICO, FILTRO, RESULTADO, TAMANO, DESCRIPCION, UNIDAD) VALUES (24, 'Otro Indicador (2)', 'P1CR1CS1CM1', 2, 2, NULL, '0', '1', '0', '0', NULL, '0', 100,'', '');
INSERT INTO T_MAEM_PARAMETRO (ID_PARAMETRO, NOMBRE, ETIQUETA, ID_TIPO_CONTROL, ID_TIPO_DATO, DECIMAL_V, VERIFICABLE, EDITABLE, OBTENIBLE, ESTATICO, FILTRO, RESULTADO, TAMANO, DESCRIPCION, UNIDAD) VALUES (25, 'Unidad (2)', 'P2CR1CS1CM1',1, NULL, NULL, '0', '1', '0', '0', NULL, '0', NULL,'', '');
INSERT INTO T_MAEM_PARAMETRO (ID_PARAMETRO, NOMBRE, ETIQUETA, ID_TIPO_CONTROL, ID_TIPO_DATO, DECIMAL_V, VERIFICABLE, EDITABLE, OBTENIBLE, ESTATICO, FILTRO, RESULTADO, TAMANO, DESCRIPCION, UNIDAD) VALUES (26, 'Otra Unidad (2)', 'P1CR1CS1CM1', 2, 2, NULL, '0', '1', '0', '0', NULL, '0', 60, '', '');
INSERT INTO T_MAEM_PARAMETRO (ID_PARAMETRO, NOMBRE, ETIQUETA, ID_TIPO_CONTROL, ID_TIPO_DATO, DECIMAL_V, VERIFICABLE, EDITABLE, OBTENIBLE, ESTATICO, FILTRO, RESULTADO, TAMANO, DESCRIPCION, UNIDAD) VALUES (27, 'Valor (2)', 'P1CR1CS1CM1', 2, 1, '1', '0', '1', '0', '0', NULL, '0', 60, '', '');
INSERT INTO T_MAEM_PARAMETRO (ID_PARAMETRO, NOMBRE, ETIQUETA, ID_TIPO_CONTROL, ID_TIPO_DATO, DECIMAL_V, VERIFICABLE, EDITABLE, OBTENIBLE, ESTATICO, FILTRO, RESULTADO, TAMANO, DESCRIPCION, UNIDAD) VALUES (28, 'Fuente de energía (1)', 'P2CR1CS1CM1',1, NULL, NULL, '1', '1', '0', '0',  NULL, '0', NULL,'Es la fuente que usa para el funcionamiento de su institución', '');
INSERT INTO T_MAEM_PARAMETRO (ID_PARAMETRO, NOMBRE, ETIQUETA, ID_TIPO_CONTROL, ID_TIPO_DATO, DECIMAL_V, VERIFICABLE, EDITABLE, OBTENIBLE, ESTATICO, FILTRO, RESULTADO, TAMANO, DESCRIPCION, UNIDAD) VALUES (29, 'Consumo anual (1)', 'P2CR1CS1CM1',2, 1, '1', '1', '1', '0', '0',  NULL, '0', 15,'Cantidad de combustible que se consumió durante un año de operaciones antes de la implementación de mejora', '');
INSERT INTO T_MAEM_PARAMETRO (ID_PARAMETRO, NOMBRE, ETIQUETA, ID_TIPO_CONTROL, ID_TIPO_DATO, DECIMAL_V, VERIFICABLE, EDITABLE, OBTENIBLE, ESTATICO, FILTRO, RESULTADO, TAMANO, DESCRIPCION, UNIDAD) VALUES (30, 'Unidad de consumo (1)', 'P2CR1CS1CM1',1, NULL, NULL, '1', '1', '0', '0',  NULL, '0', NULL,'Refiere a las unidades del energético consumido', '');
INSERT INTO T_MAEM_PARAMETRO (ID_PARAMETRO, NOMBRE, ETIQUETA, ID_TIPO_CONTROL, ID_TIPO_DATO, DECIMAL_V, VERIFICABLE, EDITABLE, OBTENIBLE, ESTATICO, FILTRO, RESULTADO, TAMANO, DESCRIPCION, UNIDAD) VALUES (31, 'Año de implementación', 'P2CR1CS1CM1',2, 1, '0', '0', '1', '0', '0',  NULL, '0', 4,'Año donde se implemento la medida de eficiencia energética ', '');
INSERT INTO T_MAEM_PARAMETRO (ID_PARAMETRO, NOMBRE, ETIQUETA, ID_TIPO_CONTROL, ID_TIPO_DATO, DECIMAL_V, VERIFICABLE, EDITABLE, OBTENIBLE, ESTATICO, FILTRO, RESULTADO, TAMANO, DESCRIPCION, UNIDAD) VALUES (32, 'Fuente de energía (2)', 'P2CR1CS1CM1',1, NULL, NULL, '1', '1', '0', '0',  NULL, '0', NULL,'Es la fuente que usa para el funcionamiento de su institución', '');
INSERT INTO T_MAEM_PARAMETRO (ID_PARAMETRO, NOMBRE, ETIQUETA, ID_TIPO_CONTROL, ID_TIPO_DATO, DECIMAL_V, VERIFICABLE, EDITABLE, OBTENIBLE, ESTATICO, FILTRO, RESULTADO, TAMANO, DESCRIPCION, UNIDAD) VALUES (33, 'Consumo anual (2)', 'P2CR1CS1CM1',2, 1, '1', '1', '1', '0', '0',  NULL, '0', 15,'Cantidad de combustible que se consumió durante un año de operaciones después de la implementación de mejora', '');
INSERT INTO T_MAEM_PARAMETRO (ID_PARAMETRO, NOMBRE, ETIQUETA, ID_TIPO_CONTROL, ID_TIPO_DATO, DECIMAL_V, VERIFICABLE, EDITABLE, OBTENIBLE, ESTATICO, FILTRO, RESULTADO, TAMANO, DESCRIPCION, UNIDAD) VALUES (34, 'Unidad de consumo (2)', 'P2CR1CS1CM1',1, NULL, NULL, '1', '1', '0', '0',  NULL, '0', NULL,'Refiere a las unidades del energético consumido', '');
INSERT INTO T_MAEM_PARAMETRO (ID_PARAMETRO, NOMBRE, ETIQUETA, ID_TIPO_CONTROL, ID_TIPO_DATO, DECIMAL_V, VERIFICABLE, EDITABLE, OBTENIBLE, ESTATICO, FILTRO, RESULTADO, TAMANO, DESCRIPCION, UNIDAD) VALUES (35, 'Ahorro energético', 'P4CR1CS1CM1',2,1, '1', '0', '0', '0', '0', NULL, '1', 15,'','Tj/año');
INSERT INTO T_MAEM_PARAMETRO (ID_PARAMETRO, NOMBRE, ETIQUETA, ID_TIPO_CONTROL, ID_TIPO_DATO, DECIMAL_V, VERIFICABLE, EDITABLE, OBTENIBLE, ESTATICO, FILTRO, RESULTADO, TAMANO, DESCRIPCION, UNIDAD) VALUES (36, 'Reducción de emisiones (2)', 'P5CR1CS1CM1',2,1, '1', '0', '0', '0', '0', NULL, '1', 15, '','kgCO2');
INSERT INTO T_MAEM_PARAMETRO (ID_PARAMETRO, NOMBRE, ETIQUETA, ID_TIPO_CONTROL, ID_TIPO_DATO, DECIMAL_V, VERIFICABLE, EDITABLE, OBTENIBLE, ESTATICO, FILTRO, RESULTADO, TAMANO, DESCRIPCION, UNIDAD) VALUES (37, 'Porcentaje', 'P6CR1CS1CM1',2,1, '1', '0', '0', '0', '0', NULL, '1', 15, '','%');

INSERT INTO T_MAEM_PARAMETRO (ID_PARAMETRO, NOMBRE, ETIQUETA, ID_TIPO_CONTROL, ID_TIPO_DATO, DECIMAL_V, VERIFICABLE, EDITABLE, OBTENIBLE, ESTATICO, FILTRO, RESULTADO, TAMANO, DESCRIPCION, UNIDAD) VALUES (38, 'Año', 'P2CR1CS1CM1',1, NULL, NULL, '1', '1', '0', '0',  NULL, '0', NULL,'Año al que corresponde el registro', '');
INSERT INTO T_MAEM_PARAMETRO (ID_PARAMETRO, NOMBRE, ETIQUETA, ID_TIPO_CONTROL, ID_TIPO_DATO, DECIMAL_V, VERIFICABLE, EDITABLE, OBTENIBLE, ESTATICO, FILTRO, RESULTADO, TAMANO, DESCRIPCION, UNIDAD) VALUES (39, 'Tipo de Vehículo', 'P2CR1CS1CM1',1, NULL, NULL, '1', '1', '0', '0',  NULL, '0', NULL,'Es la fuente que usa para el funcionamiento de su institución', '');
INSERT INTO T_MAEM_PARAMETRO (ID_PARAMETRO, NOMBRE, ETIQUETA, ID_TIPO_CONTROL, ID_TIPO_DATO, DECIMAL_V, VERIFICABLE, EDITABLE, OBTENIBLE, ESTATICO, FILTRO, RESULTADO, TAMANO, DESCRIPCION, UNIDAD) VALUES (40, 'KRV', 'P6CR1CS1CM1',2,1, '1', '1', '1', '0', '0', NULL, '0', 15, '','km.año');
INSERT INTO T_MAEM_PARAMETRO (ID_PARAMETRO, NOMBRE, ETIQUETA, ID_TIPO_CONTROL, ID_TIPO_DATO, DECIMAL_V, VERIFICABLE, EDITABLE, OBTENIBLE, ESTATICO, FILTRO, RESULTADO, TAMANO, DESCRIPCION, UNIDAD) VALUES (41, 'Combustible línea base', 'P2CR1CS1CM1',1, NULL, NULL, '1', '1', '0', '0',  NULL, '0', NULL,'Es la fuente que usa para el funcionamiento de su institución', '');
INSERT INTO T_MAEM_PARAMETRO (ID_PARAMETRO, NOMBRE, ETIQUETA, ID_TIPO_CONTROL, ID_TIPO_DATO, DECIMAL_V, VERIFICABLE, EDITABLE, OBTENIBLE, ESTATICO, FILTRO, RESULTADO, TAMANO, DESCRIPCION, UNIDAD) VALUES (42, 'Placa del vehículo', 'P1CR1CS1CM1', 2, 2, NULL, '0', '1', '0', '0', NULL, '0', 8, '', '');
INSERT INTO T_MAEM_PARAMETRO (ID_PARAMETRO, NOMBRE, ETIQUETA, ID_TIPO_CONTROL, ID_TIPO_DATO, DECIMAL_V, VERIFICABLE, EDITABLE, OBTENIBLE, ESTATICO, FILTRO, RESULTADO, TAMANO, DESCRIPCION, UNIDAD) VALUES (43, 'KRV eléctrico', 'P6CR1CS1CM1',2,1, '1', '1', '1', '0', '0', NULL, '0', 15, 'Distancia recorrida anualmente por vehículo del proyecto','km.año');
INSERT INTO T_MAEM_PARAMETRO (ID_PARAMETRO, NOMBRE, ETIQUETA, ID_TIPO_CONTROL, ID_TIPO_DATO, DECIMAL_V, VERIFICABLE, EDITABLE, OBTENIBLE, ESTATICO, FILTRO, RESULTADO, TAMANO, DESCRIPCION, UNIDAD) VALUES (44, 'KRV combustible', 'P6CR1CS1CM1',2,1, '1', '1', '1', '0', '0', NULL, '0', 15, 'Distancia recorrida anualmente por vehículo del proyecto','km.año');
INSERT INTO T_MAEM_PARAMETRO (ID_PARAMETRO, NOMBRE, ETIQUETA, ID_TIPO_CONTROL, ID_TIPO_DATO, DECIMAL_V, VERIFICABLE, EDITABLE, OBTENIBLE, ESTATICO, FILTRO, RESULTADO, TAMANO, DESCRIPCION, UNIDAD) VALUES (45, 'Rendimiento', 'P6CR1CS1CM1',2,1, '1', '1', '1', '1', '0', NULL, '0', 15, 'Distancia recorrida anualmente por vehículo del proyecto','kWh/km');
INSERT INTO T_MAEM_PARAMETRO (ID_PARAMETRO, NOMBRE, ETIQUETA, ID_TIPO_CONTROL, ID_TIPO_DATO, DECIMAL_V, VERIFICABLE, EDITABLE, OBTENIBLE, ESTATICO, FILTRO, RESULTADO, TAMANO, DESCRIPCION, UNIDAD) VALUES (46, 'Combustible proyecto', 'P2CR1CS1CM1',1, NULL, NULL, '1', '1', '0', '0',  NULL, '0', NULL,'Combustible fósil del vehículo híbrido', '');
INSERT INTO T_MAEM_PARAMETRO (ID_PARAMETRO, NOMBRE, ETIQUETA, ID_TIPO_CONTROL, ID_TIPO_DATO, DECIMAL_V, VERIFICABLE, EDITABLE, OBTENIBLE, ESTATICO, FILTRO, RESULTADO, TAMANO, DESCRIPCION, UNIDAD) VALUES (47, 'Consumo electricidad', 'P6CR1CS1CM1',2,1, '1', '1', '1', '0', '0', NULL, '0', 15, '','MWh.año');
INSERT INTO T_MAEM_PARAMETRO (ID_PARAMETRO, NOMBRE, ETIQUETA, ID_TIPO_CONTROL, ID_TIPO_DATO, DECIMAL_V, VERIFICABLE, EDITABLE, OBTENIBLE, ESTATICO, FILTRO, RESULTADO, TAMANO, DESCRIPCION, UNIDAD) VALUES (48, 'Consumo combustible', 'P6CR1CS1CM1',2,1, '1', '1', '1', '0', '0', NULL, '0', 15, '','gal.año');
INSERT INTO T_MAEM_PARAMETRO (ID_PARAMETRO, NOMBRE, ETIQUETA, ID_TIPO_CONTROL, ID_TIPO_DATO, DECIMAL_V, VERIFICABLE, EDITABLE, OBTENIBLE, ESTATICO, FILTRO, RESULTADO, TAMANO, DESCRIPCION, UNIDAD) VALUES (49, 'Línea Base emisiones GEI', 'P5CR1CS1CM1',2,1, '1', '0', '0', '0', '0', NULL, '1', 15, '','tCO2');
INSERT INTO T_MAEM_PARAMETRO (ID_PARAMETRO, NOMBRE, ETIQUETA, ID_TIPO_CONTROL, ID_TIPO_DATO, DECIMAL_V, VERIFICABLE, EDITABLE, OBTENIBLE, ESTATICO, FILTRO, RESULTADO, TAMANO, DESCRIPCION, UNIDAD) VALUES (50, 'Proyecto emisiones GEI', 'P5CR1CS1CM1',2,1, '1', '0', '0', '0', '0', NULL, '1', 15, '','tCO2');
INSERT INTO T_MAEM_PARAMETRO (ID_PARAMETRO, NOMBRE, ETIQUETA, ID_TIPO_CONTROL, ID_TIPO_DATO, DECIMAL_V, VERIFICABLE, EDITABLE, OBTENIBLE, ESTATICO, FILTRO, RESULTADO, TAMANO, DESCRIPCION, UNIDAD) VALUES (51, 'Reducción de emisiones', 'P5CR1CS1CM1',2,1, '1', '0', '0', '0', '0', NULL, '1', 15, '','tCO2');
INSERT INTO T_MAEM_PARAMETRO (ID_PARAMETRO, NOMBRE, ETIQUETA, ID_TIPO_CONTROL, ID_TIPO_DATO, DECIMAL_V, VERIFICABLE, EDITABLE, OBTENIBLE, ESTATICO, FILTRO, RESULTADO, TAMANO, DESCRIPCION, UNIDAD) VALUES (52, 'Energía línea base', 'P5CR1CS1CM1',2,1, '1', '0', '0', '0', '0', NULL, '1', 15, '','TJ');
INSERT INTO T_MAEM_PARAMETRO (ID_PARAMETRO, NOMBRE, ETIQUETA, ID_TIPO_CONTROL, ID_TIPO_DATO, DECIMAL_V, VERIFICABLE, EDITABLE, OBTENIBLE, ESTATICO, FILTRO, RESULTADO, TAMANO, DESCRIPCION, UNIDAD) VALUES (53, 'Energía Proyecto', 'P5CR1CS1CM1',2,1, '1', '0', '0', '0', '0', NULL, '1', 15, '','TJ');
INSERT INTO T_MAEM_PARAMETRO (ID_PARAMETRO, NOMBRE, ETIQUETA, ID_TIPO_CONTROL, ID_TIPO_DATO, DECIMAL_V, VERIFICABLE, EDITABLE, OBTENIBLE, ESTATICO, FILTRO, RESULTADO, TAMANO, DESCRIPCION, UNIDAD) VALUES (54, 'Energía ahorrada', 'P5CR1CS1CM1',2,1, '1', '0', '0', '0', '0', NULL, '1', 15, 'Energía que se ahorró','TJ');
INSERT INTO T_MAEM_PARAMETRO (ID_PARAMETRO, NOMBRE, ETIQUETA, ID_TIPO_CONTROL, ID_TIPO_DATO, DECIMAL_V, VERIFICABLE, EDITABLE, OBTENIBLE, ESTATICO, FILTRO, RESULTADO, TAMANO, DESCRIPCION, UNIDAD) VALUES (55, 'Ahorro', 'P5CR1CS1CM1',2,1, '1', '0', '0', '0', '0', NULL, '1', 15, 'Ahorro porcentual de energía','%');
INSERT INTO T_MAEM_PARAMETRO (ID_PARAMETRO, NOMBRE, ETIQUETA, ID_TIPO_CONTROL, ID_TIPO_DATO, DECIMAL_V, VERIFICABLE, EDITABLE, OBTENIBLE, ESTATICO, FILTRO, RESULTADO, TAMANO, DESCRIPCION, UNIDAD) VALUES (96, 'Detallar si realizó una mejora de eficiencia energética', 'P24CR1CS1CM1',2,2, NULL, '0', '1', '0', '0', NULL, NULL, 500,'', '');

--CRITERIO N3
INSERT INTO T_MAEM_PARAMETRO (ID_PARAMETRO, NOMBRE, ETIQUETA, ID_TIPO_CONTROL, ID_TIPO_DATO, DECIMAL_V, VERIFICABLE, EDITABLE, OBTENIBLE, ESTATICO, FILTRO, RESULTADO, TAMANO, DESCRIPCION, UNIDAD) VALUES (56, 'Cantidad total de personal (1)', 'P14CR1CS1CM1',2 ,1, '0', '0', '1', '0', '0', NULL, '0', 8,'Hace referencia a todo el personal que trabaja en la institución', '');
INSERT INTO T_MAEM_PARAMETRO (ID_PARAMETRO, NOMBRE, ETIQUETA, ID_TIPO_CONTROL, ID_TIPO_DATO, DECIMAL_V, VERIFICABLE, EDITABLE, OBTENIBLE, ESTATICO, FILTRO, RESULTADO, TAMANO, DESCRIPCION, UNIDAD) VALUES (57, 'Cantidad total de personal dedicado a Gestión de la energía (1)', 'P15CR1CS1CM1',2,1, '0', '0', '1', '0', '0', NULL, '0', 7,'Hace referencia al personal que trabaja en gestión de la energía', '');
INSERT INTO T_MAEM_PARAMETRO (ID_PARAMETRO, NOMBRE, ETIQUETA, ID_TIPO_CONTROL, ID_TIPO_DATO, DECIMAL_V, VERIFICABLE, EDITABLE, OBTENIBLE, ESTATICO, FILTRO, RESULTADO, TAMANO, DESCRIPCION, UNIDAD) VALUES (58, 'Cantidad total de personal (2)', 'P16CR1CS1CM1',2,1, '0', '0', '1', '0', '0', NULL, '0', 8,'Hace referencia a todo el personal que trabaja en la institución', '');
INSERT INTO T_MAEM_PARAMETRO (ID_PARAMETRO, NOMBRE, ETIQUETA, ID_TIPO_CONTROL, ID_TIPO_DATO, DECIMAL_V, VERIFICABLE, EDITABLE, OBTENIBLE, ESTATICO, FILTRO, RESULTADO, TAMANO, DESCRIPCION, UNIDAD) VALUES (59, 'Cantidad total de personal dedicado a Gestión de la energía (2)', 'P17CR1CS1CM1',2,1, '0', '0', '1', '0', '0', NULL, '0', 7,'Hace referencia al personal que trabaja en gestión de la energía', '');
--caso 
INSERT INTO T_MAEM_PARAMETRO (ID_PARAMETRO, NOMBRE, ETIQUETA, ID_TIPO_CONTROL, ID_TIPO_DATO, DECIMAL_V, VERIFICABLE, EDITABLE, OBTENIBLE, ESTATICO, FILTRO, RESULTADO, TAMANO, DESCRIPCION, UNIDAD) VALUES (60, 'Nombres', 'P18CR1CS1CM1',2,2, NULL, '0', '1', '0', '0', NULL, NULL, 60,'', '');
INSERT INTO T_MAEM_PARAMETRO (ID_PARAMETRO, NOMBRE, ETIQUETA, ID_TIPO_CONTROL, ID_TIPO_DATO, DECIMAL_V, VERIFICABLE, EDITABLE, OBTENIBLE, ESTATICO, FILTRO, RESULTADO, TAMANO, DESCRIPCION, UNIDAD) VALUES (61, 'Actividad (1)', 'P19CR1CS1CM1',1,NULL, NULL, '0', '1', '0', '0', NULL, NULL, NULL,'Primera actividad, dedica el 80% de sus funciones a esta actividad', '');
INSERT INTO T_MAEM_PARAMETRO (ID_PARAMETRO, NOMBRE, ETIQUETA, ID_TIPO_CONTROL, ID_TIPO_DATO, DECIMAL_V, VERIFICABLE, EDITABLE, OBTENIBLE, ESTATICO, FILTRO, RESULTADO, TAMANO, DESCRIPCION, UNIDAD) VALUES (62, 'Actividad (2)', 'P19CR1CS1CM1',1,NULL, NULL, '0', '1', '0', '0', NULL, NULL, NULL,'Segunda actividad, dedica el 80% de sus funciones a esta actividad', '');
INSERT INTO T_MAEM_PARAMETRO (ID_PARAMETRO, NOMBRE, ETIQUETA, ID_TIPO_CONTROL, ID_TIPO_DATO, DECIMAL_V, VERIFICABLE, EDITABLE, OBTENIBLE, ESTATICO, FILTRO, RESULTADO, TAMANO, DESCRIPCION, UNIDAD) VALUES (63, 'Actividad (3)', 'P19CR1CS1CM1',1,NULL, NULL, '0', '1', '0', '0', NULL, NULL, NULL,'Tercera actividad, dedica el 80% de sus funciones a esta actividad', '');
--CRITERIO N4
INSERT INTO T_MAEM_PARAMETRO (ID_PARAMETRO, NOMBRE, ETIQUETA, ID_TIPO_CONTROL, ID_TIPO_DATO, DECIMAL_V, VERIFICABLE, EDITABLE, OBTENIBLE, ESTATICO, FILTRO, RESULTADO, TAMANO, DESCRIPCION, UNIDAD) VALUES (64, 'Implementación de un sistema de gestión de la energía', 'P23CR1CS1CM1',2,2, NULL, '0', '1', '0', '1', NULL, NULL, 120,'', '');
INSERT INTO T_MAEM_PARAMETRO (ID_PARAMETRO, NOMBRE, ETIQUETA, ID_TIPO_CONTROL, ID_TIPO_DATO, DECIMAL_V, VERIFICABLE, EDITABLE, OBTENIBLE, ESTATICO, FILTRO, RESULTADO, TAMANO, DESCRIPCION, UNIDAD) VALUES (65, 'Responsable de la información', 'P22CR1CS1CM1',2,2, NULL, '0', '1', '0', '0', NULL, NULL, 50,'Nombre de la empresa de servicios energéticos o persona natural que realizó la implementación', '');
INSERT INTO T_MAEM_PARAMETRO (ID_PARAMETRO, NOMBRE, ETIQUETA, ID_TIPO_CONTROL, ID_TIPO_DATO, DECIMAL_V, VERIFICABLE, EDITABLE, OBTENIBLE, ESTATICO, FILTRO, RESULTADO, TAMANO, DESCRIPCION, UNIDAD) VALUES (66, 'Fecha implementación inicio', 'P24CR1CS1CM1',2,3, NULL, '0', '1', '0', '0', NULL, NULL, NULL,'Fecha inicio de la implementación de la medida', '');
INSERT INTO T_MAEM_PARAMETRO (ID_PARAMETRO, NOMBRE, ETIQUETA, ID_TIPO_CONTROL, ID_TIPO_DATO, DECIMAL_V, VERIFICABLE, EDITABLE, OBTENIBLE, ESTATICO, FILTRO, RESULTADO, TAMANO, DESCRIPCION, UNIDAD) VALUES (67, 'Fecha implementación fin', 'P25CR1CS1CM1',2,3, NULL, '0', '1', '0', '0', NULL, NULL, NULL,'Fecha fin de la implementación de la medida', '');
INSERT INTO T_MAEM_PARAMETRO (ID_PARAMETRO, NOMBRE, ETIQUETA, ID_TIPO_CONTROL, ID_TIPO_DATO, DECIMAL_V, VERIFICABLE, EDITABLE, OBTENIBLE, ESTATICO, FILTRO, RESULTADO, TAMANO, DESCRIPCION, UNIDAD) VALUES (68, 'Detalles de la implementación de la medida', 'P24CR1CS1CM1',2,2, NULL, '0', '1', '0', '0', NULL, NULL, 300,'', '');

INSERT INTO T_MAEM_PARAMETRO (ID_PARAMETRO, NOMBRE, ETIQUETA, ID_TIPO_CONTROL, ID_TIPO_DATO, DECIMAL_V, VERIFICABLE, EDITABLE, OBTENIBLE, ESTATICO, FILTRO, RESULTADO, TAMANO, DESCRIPCION, UNIDAD) VALUES (69, 'Tipo de auditoría energética', 'P26CM1CS1CR1',2,2, NULL, '0', '1', '0', '1', NULL, NULL, 100,'Tipo de Auditoría energética practicada en la empresa/entidad o sede', '');
INSERT INTO T_MAEM_PARAMETRO (ID_PARAMETRO, NOMBRE, ETIQUETA, ID_TIPO_CONTROL, ID_TIPO_DATO, DECIMAL_V, VERIFICABLE, EDITABLE, OBTENIBLE, ESTATICO, FILTRO, RESULTADO, TAMANO, DESCRIPCION, UNIDAD) VALUES (70, 'Descripción', 'P26CM1CS1CR1',2,2, NULL, '0', '1', '0', '1', NULL, NULL, 800,'', '');
INSERT INTO T_MAEM_PARAMETRO (ID_PARAMETRO, NOMBRE, ETIQUETA, ID_TIPO_CONTROL, ID_TIPO_DATO, DECIMAL_V, VERIFICABLE, EDITABLE, OBTENIBLE, ESTATICO, FILTRO, RESULTADO, TAMANO, DESCRIPCION, UNIDAD) VALUES (71, 'Año', 'P31CR1CS1CM1',2,1, '0', '0', '1', '0', '0', NULL, '0', 4,'Año realizó la Auditoría Energética', '');
INSERT INTO T_MAEM_PARAMETRO (ID_PARAMETRO, NOMBRE, ETIQUETA, ID_TIPO_CONTROL, ID_TIPO_DATO, DECIMAL_V, VERIFICABLE, EDITABLE, OBTENIBLE, ESTATICO, FILTRO, RESULTADO, TAMANO, DESCRIPCION, UNIDAD) VALUES (72, 'Ahorro energético', 'P32CR1CS1CM1',2,1, '1', '0', '1', '0', '0', NULL, '0', 15,'Ahorro energético esperado en el informe de Auditoría', '');
INSERT INTO T_MAEM_PARAMETRO (ID_PARAMETRO, NOMBRE, ETIQUETA, ID_TIPO_CONTROL, ID_TIPO_DATO, DECIMAL_V, VERIFICABLE, EDITABLE, OBTENIBLE, ESTATICO, FILTRO, RESULTADO, TAMANO, DESCRIPCION, UNIDAD) VALUES (73, 'Emisiones reducidas', 'P33CR1CS1CM1',2,1, '1', '0', '1', '0', '0', NULL, '0', 15,'Reducción de emisiones esperadas en el informe de Auditoría', 'tCO2');
INSERT INTO T_MAEM_PARAMETRO (ID_PARAMETRO, NOMBRE, ETIQUETA, ID_TIPO_CONTROL, ID_TIPO_DATO, DECIMAL_V, VERIFICABLE, EDITABLE, OBTENIBLE, ESTATICO, FILTRO, RESULTADO, TAMANO, DESCRIPCION, UNIDAD) VALUES (74, 'Consultora externa', 'P34CR1CS1CM1',2,2, NULL, '0', '1', '0', '0', NULL, NULL, 60,'Empresa encargada del desarrollo de la Auditoría', '');
INSERT INTO T_MAEM_PARAMETRO (ID_PARAMETRO, NOMBRE, ETIQUETA, ID_TIPO_CONTROL, ID_TIPO_DATO, DECIMAL_V, VERIFICABLE, EDITABLE, OBTENIBLE, ESTATICO, FILTRO, RESULTADO, TAMANO, DESCRIPCION, UNIDAD) VALUES (75, 'Detalles Mejoras propuestas en el informe de Auditorías', 'P24CR1CS1CM1',2,2, NULL, '0', '1', '0', '0', NULL, NULL, 300,'', '');

INSERT INTO T_MAEM_PARAMETRO (ID_PARAMETRO, NOMBRE, ETIQUETA, ID_TIPO_CONTROL, ID_TIPO_DATO, DECIMAL_V, VERIFICABLE, EDITABLE, OBTENIBLE, ESTATICO, FILTRO, RESULTADO, TAMANO, DESCRIPCION, UNIDAD) VALUES (76, 'Reconocimiento adquirido', 'P35CR1CS1CM1',1,NULL, NULL, '0', '1', '0', '0', NULL, NULL, NULL,'Es el reconocimiento que se le ha brindado a la entidad o empresa de la Herramienta de Huella de Carbono Perú - MINAM', '');
INSERT INTO T_MAEM_PARAMETRO (ID_PARAMETRO, NOMBRE, ETIQUETA, ID_TIPO_CONTROL, ID_TIPO_DATO, DECIMAL_V, VERIFICABLE, EDITABLE, OBTENIBLE, ESTATICO, FILTRO, RESULTADO, TAMANO, DESCRIPCION, UNIDAD) VALUES (77, 'Año', 'P39CR1CS1CM1',2,1, '0', '0', '1', '0', '0', NULL, '0', 4,'Año donde se calculó la Huella de Carbono', '');
INSERT INTO T_MAEM_PARAMETRO (ID_PARAMETRO, NOMBRE, ETIQUETA, ID_TIPO_CONTROL, ID_TIPO_DATO, DECIMAL_V, VERIFICABLE, EDITABLE, OBTENIBLE, ESTATICO, FILTRO, RESULTADO, TAMANO, DESCRIPCION, UNIDAD) VALUES (78, 'Emisiones generadas', 'P40CR1CS1CM1',2,1, '1', '0', '1', '0', '0', NULL, '0', 15,'Cálculo de Huella de Carbono', 'tCO2');
INSERT INTO T_MAEM_PARAMETRO (ID_PARAMETRO, NOMBRE, ETIQUETA, ID_TIPO_CONTROL, ID_TIPO_DATO, DECIMAL_V, VERIFICABLE, EDITABLE, OBTENIBLE, ESTATICO, FILTRO, RESULTADO, TAMANO, DESCRIPCION, UNIDAD) VALUES (79, 'Certificado de verificación', 'P41CR1CS1CM1',1,NULL, NULL, '0', '1', '0', '0', NULL, NULL, NULL,'Solo si ha sido verificado por una entidad acreditada', '');
INSERT INTO T_MAEM_PARAMETRO (ID_PARAMETRO, NOMBRE, ETIQUETA, ID_TIPO_CONTROL, ID_TIPO_DATO, DECIMAL_V, VERIFICABLE, EDITABLE, OBTENIBLE, ESTATICO, FILTRO, RESULTADO, TAMANO, DESCRIPCION, UNIDAD) VALUES (80, 'Emisiones reducidas', 'P42CR1CS1CM1',2,1, '1', '0', '1', '0', '0', NULL, '0', 15,'Reducción de huellas o reducción de emisiones', 'tCO2');
INSERT INTO T_MAEM_PARAMETRO (ID_PARAMETRO, NOMBRE, ETIQUETA, ID_TIPO_CONTROL, ID_TIPO_DATO, DECIMAL_V, VERIFICABLE, EDITABLE, OBTENIBLE, ESTATICO, FILTRO, RESULTADO, TAMANO, DESCRIPCION, UNIDAD) VALUES (81, 'Consultora externa', 'P43CR1CS1CM1',2,2, NULL, '0', '1', '0', '0', NULL, NULL, 60,'Empresa encargada del cálculo', '');

INSERT INTO T_MAEM_PARAMETRO (ID_PARAMETRO, NOMBRE, ETIQUETA, ID_TIPO_CONTROL, ID_TIPO_DATO, DECIMAL_V, VERIFICABLE, EDITABLE, OBTENIBLE, ESTATICO, FILTRO, RESULTADO, TAMANO, DESCRIPCION, UNIDAD) VALUES (82, 'Actividad realizada', 'P45CR1CS1CM1',1,NULL, NULL, '0', '1', '0', '0', NULL, NULL, NULL,'Actividades relacionadas al uso eficiente de la energía y/o cambio climático', '');
INSERT INTO T_MAEM_PARAMETRO (ID_PARAMETRO, NOMBRE, ETIQUETA, ID_TIPO_CONTROL, ID_TIPO_DATO, DECIMAL_V, VERIFICABLE, EDITABLE, OBTENIBLE, ESTATICO, FILTRO, RESULTADO, TAMANO, DESCRIPCION, UNIDAD) VALUES (83, 'Otra actividad', 'P46CR1CS1CM1',2,2, NULL, '0', '1', '0', '0', NULL, NULL, 300,'', '');
INSERT INTO T_MAEM_PARAMETRO (ID_PARAMETRO, NOMBRE, ETIQUETA, ID_TIPO_CONTROL, ID_TIPO_DATO, DECIMAL_V, VERIFICABLE, EDITABLE, OBTENIBLE, ESTATICO, FILTRO, RESULTADO, TAMANO, DESCRIPCION, UNIDAD) VALUES (84, 'Responsable', 'P46CR1CS1CM1',2,2, NULL, '0', '1', '0', '0', NULL, NULL, 50,'Personal responsable de la ejecución de la medida', '');
INSERT INTO T_MAEM_PARAMETRO (ID_PARAMETRO, NOMBRE, ETIQUETA, ID_TIPO_CONTROL, ID_TIPO_DATO, DECIMAL_V, VERIFICABLE, EDITABLE, OBTENIBLE, ESTATICO, FILTRO, RESULTADO, TAMANO, DESCRIPCION, UNIDAD) VALUES (85, 'Cantidad personal', 'P47CR1CS1CM1',2,1, '0', '0', '1', '0', '0', NULL, '0', 8,'Cantidad de personal involucrado', '');
INSERT INTO T_MAEM_PARAMETRO (ID_PARAMETRO, NOMBRE, ETIQUETA, ID_TIPO_CONTROL, ID_TIPO_DATO, DECIMAL_V, VERIFICABLE, EDITABLE, OBTENIBLE, ESTATICO, FILTRO, RESULTADO, TAMANO, DESCRIPCION, UNIDAD) VALUES (86, 'Fecha', 'P48CR1CS1CM1',2,3, NULL, '0', '1', '0', '0', NULL, NULL, NULL,'Fecha de la actividad realizada', '');
INSERT INTO T_MAEM_PARAMETRO (ID_PARAMETRO, NOMBRE, ETIQUETA, ID_TIPO_CONTROL, ID_TIPO_DATO, DECIMAL_V, VERIFICABLE, EDITABLE, OBTENIBLE, ESTATICO, FILTRO, RESULTADO, TAMANO, DESCRIPCION, UNIDAD) VALUES (87, 'Número de actividades', 'P49CR1CS1CM1',2,1, '0', '0', '1', '0', '0', NULL, '0', 5,'Actividades realizadas durante el año', '');

INSERT INTO T_MAEM_PARAMETRO (ID_PARAMETRO, NOMBRE, ETIQUETA, ID_TIPO_CONTROL, ID_TIPO_DATO, DECIMAL_V, VERIFICABLE, EDITABLE, OBTENIBLE, ESTATICO, FILTRO, RESULTADO, TAMANO, DESCRIPCION, UNIDAD) VALUES (88, 'Cantidad total de personal (1)', 'P50CR1CS1CM1',2,1, '0', '0', '1', '0', '0', NULL, '0', 8,'Hace referencia antes de la implementación de la medida', '');
INSERT INTO T_MAEM_PARAMETRO (ID_PARAMETRO, NOMBRE, ETIQUETA, ID_TIPO_CONTROL, ID_TIPO_DATO, DECIMAL_V, VERIFICABLE, EDITABLE, OBTENIBLE, ESTATICO, FILTRO, RESULTADO, TAMANO, DESCRIPCION, UNIDAD) VALUES (89, 'Cantidad de mujeres con puestos relacionados a toma de decisiones relacionadas a Gestión de la energía (1)', 'P51CR1CS1CM1',2,2, NULL, '0', '1', '0', '0', NULL, '0', 7,'Hace referencia antes de la implementación de la medida', '');
INSERT INTO T_MAEM_PARAMETRO (ID_PARAMETRO, NOMBRE, ETIQUETA, ID_TIPO_CONTROL, ID_TIPO_DATO, DECIMAL_V, VERIFICABLE, EDITABLE, OBTENIBLE, ESTATICO, FILTRO, RESULTADO, TAMANO, DESCRIPCION, UNIDAD) VALUES (90, 'Cantidad total de personal (2)', 'P52CR1CS1CM1',2,1, '0', '1', '1', '0', '0', NULL, '0', 8,'Hace referencia despues de la implementación de la medida', '');
INSERT INTO T_MAEM_PARAMETRO (ID_PARAMETRO, NOMBRE, ETIQUETA, ID_TIPO_CONTROL, ID_TIPO_DATO, DECIMAL_V, VERIFICABLE, EDITABLE, OBTENIBLE, ESTATICO, FILTRO, RESULTADO, TAMANO, DESCRIPCION, UNIDAD) VALUES (91, 'Cantidad de mujeres con puestos relacionados a toma de decisiones relacionadas a Gestión de la energía (2)', 'P53CR1CS1CM1',2,2, NULL, '1', '1', '0', '0', NULL, '0', 7,'Hace referencia despues de la implementación de la medida', '');
INSERT INTO T_MAEM_PARAMETRO (ID_PARAMETRO, NOMBRE, ETIQUETA, ID_TIPO_CONTROL, ID_TIPO_DATO, DECIMAL_V, VERIFICABLE, EDITABLE, OBTENIBLE, ESTATICO, FILTRO, RESULTADO, TAMANO, DESCRIPCION, UNIDAD) VALUES (92, 'Porcentaje de mujeres en puestos relacionados a toma de decisiones relacionadas a Gestión de la energía', 'P54CR1CS1CM1',2,1, '1', '0', '0', '0', '0', NULL, '1', 15,'', '%');
INSERT INTO T_MAEM_PARAMETRO (ID_PARAMETRO, NOMBRE, ETIQUETA, ID_TIPO_CONTROL, ID_TIPO_DATO, DECIMAL_V, VERIFICABLE, EDITABLE, OBTENIBLE, ESTATICO, FILTRO, RESULTADO, TAMANO, DESCRIPCION, UNIDAD) VALUES (93, 'Personal', 'P26CM1CS1CR1',2,2, NULL, '0', '1', '0', '0', NULL, NULL, 60,'', '');
INSERT INTO T_MAEM_PARAMETRO (ID_PARAMETRO, NOMBRE, ETIQUETA, ID_TIPO_CONTROL, ID_TIPO_DATO, DECIMAL_V, VERIFICABLE, EDITABLE, OBTENIBLE, ESTATICO, FILTRO, RESULTADO, TAMANO, DESCRIPCION, UNIDAD) VALUES (94, 'Cargo', 'P27CM1CS1CR1',1, NULL, NULL, '0', '1', '1', '0', NULL, NULL, NULL,'','');
INSERT INTO T_MAEM_PARAMETRO (ID_PARAMETRO, NOMBRE, ETIQUETA, ID_TIPO_CONTROL, ID_TIPO_DATO, DECIMAL_V, VERIFICABLE, EDITABLE, OBTENIBLE, ESTATICO, FILTRO, RESULTADO, TAMANO, DESCRIPCION, UNIDAD) VALUES (95, 'Descripción de la actividad laboral relacionada con la toma de decisiones relacionadas a gestión de la energía', 'P24CR1CS1CM1',2,2, NULL, '0', '1', '0', '0', NULL, NULL, 300,'', '');

--T_MAED_PARAMETRO
INSERT INTO T_MAED_PARAMETRO (ID_PARAMETRO, ID_DETALLE, NOMBRE) VALUES (3, 1, 'Privado');
INSERT INTO T_MAED_PARAMETRO (ID_PARAMETRO, ID_DETALLE, NOMBRE) VALUES (3, 2, 'Público');

INSERT INTO T_MAED_PARAMETRO (ID_PARAMETRO, ID_DETALLE, NOMBRE) VALUES (4, 1, 'Residencial');
INSERT INTO T_MAED_PARAMETRO (ID_PARAMETRO, ID_DETALLE, NOMBRE) VALUES (4, 2, 'Productivo');
INSERT INTO T_MAED_PARAMETRO (ID_PARAMETRO, ID_DETALLE, NOMBRE) VALUES (4, 3, 'Servicios');
INSERT INTO T_MAED_PARAMETRO (ID_PARAMETRO, ID_DETALLE, NOMBRE) VALUES (4, 4, 'Transporte');
INSERT INTO T_MAED_PARAMETRO (ID_PARAMETRO, ID_DETALLE, NOMBRE) VALUES (4, 5, 'Salud');
INSERT INTO T_MAED_PARAMETRO (ID_PARAMETRO, ID_DETALLE, NOMBRE) VALUES (4, 6, 'Educación');
INSERT INTO T_MAED_PARAMETRO (ID_PARAMETRO, ID_DETALLE, NOMBRE) VALUES (4, 7, 'Seguridad');
INSERT INTO T_MAED_PARAMETRO (ID_PARAMETRO, ID_DETALLE, NOMBRE) VALUES (4, 8, 'Administrativo');

INSERT INTO T_MAED_PARAMETRO (ID_PARAMETRO, ID_DETALLE, NOMBRE) VALUES (6, 1, 'Urbano - Alto');
INSERT INTO T_MAED_PARAMETRO (ID_PARAMETRO, ID_DETALLE, NOMBRE) VALUES (6, 2, 'Urbano - Medio');
INSERT INTO T_MAED_PARAMETRO (ID_PARAMETRO, ID_DETALLE, NOMBRE) VALUES (6, 3, 'Urbano - Bajo');
INSERT INTO T_MAED_PARAMETRO (ID_PARAMETRO, ID_DETALLE, NOMBRE) VALUES (6, 4, 'Rural - Medio');
INSERT INTO T_MAED_PARAMETRO (ID_PARAMETRO, ID_DETALLE, NOMBRE) VALUES (6, 5, 'Rural - Bajo');
INSERT INTO T_MAED_PARAMETRO (ID_PARAMETRO, ID_DETALLE, NOMBRE) VALUES (6, 6, 'Agropecuario - Agrícola');
INSERT INTO T_MAED_PARAMETRO (ID_PARAMETRO, ID_DETALLE, NOMBRE) VALUES (6, 7, 'Agropecuario - Pecuario');
INSERT INTO T_MAED_PARAMETRO (ID_PARAMETRO, ID_DETALLE, NOMBRE) VALUES (6, 8, 'Pesqueria');
INSERT INTO T_MAED_PARAMETRO (ID_PARAMETRO, ID_DETALLE, NOMBRE) VALUES (6, 9, 'Mineria Metálica y No Metálica');
INSERT INTO T_MAED_PARAMETRO (ID_PARAMETRO, ID_DETALLE, NOMBRE) VALUES (6, 10, 'Hidrocarburos');
INSERT INTO T_MAED_PARAMETRO (ID_PARAMETRO, ID_DETALLE, NOMBRE) VALUES (6, 11, 'Manufactura - Procesadores de recursos primarios');
INSERT INTO T_MAED_PARAMETRO (ID_PARAMETRO, ID_DETALLE, NOMBRE) VALUES (6, 12, 'Manufactura no primaria');
INSERT INTO T_MAED_PARAMETRO (ID_PARAMETRO, ID_DETALLE, NOMBRE) VALUES (6, 13, 'Construcción');
INSERT INTO T_MAED_PARAMETRO (ID_PARAMETRO, ID_DETALLE, NOMBRE) VALUES (6, 14, 'Hoteles y Hostales');
INSERT INTO T_MAED_PARAMETRO (ID_PARAMETRO, ID_DETALLE, NOMBRE) VALUES (6, 15, 'Restaurantes');
INSERT INTO T_MAED_PARAMETRO (ID_PARAMETRO, ID_DETALLE, NOMBRE) VALUES (6, 16, 'Edificios centros comerciales, centros de esparcimiento');
INSERT INTO T_MAED_PARAMETRO (ID_PARAMETRO, ID_DETALLE, NOMBRE) VALUES (6, 17, 'Centros de Salud');
INSERT INTO T_MAED_PARAMETRO (ID_PARAMETRO, ID_DETALLE, NOMBRE) VALUES (6, 18, 'Educación Privada');
INSERT INTO T_MAED_PARAMETRO (ID_PARAMETRO, ID_DETALLE, NOMBRE) VALUES (6, 19, 'Transporte de pasajeros - Carros');
INSERT INTO T_MAED_PARAMETRO (ID_PARAMETRO, ID_DETALLE, NOMBRE) VALUES (6, 20, 'Transporte de pasajeros - Ómnibus');
INSERT INTO T_MAED_PARAMETRO (ID_PARAMETRO, ID_DETALLE, NOMBRE) VALUES (6, 21, 'Transporte de pasajeros - Station Wagon');
INSERT INTO T_MAED_PARAMETRO (ID_PARAMETRO, ID_DETALLE, NOMBRE) VALUES (6, 22, 'Transporte de pasajeros - Taxis y Mototaxis');
INSERT INTO T_MAED_PARAMETRO (ID_PARAMETRO, ID_DETALLE, NOMBRE) VALUES (6, 23, 'Transporte de pasajeros - Aéreo');
INSERT INTO T_MAED_PARAMETRO (ID_PARAMETRO, ID_DETALLE, NOMBRE) VALUES (6, 24, 'Transporte de pasajeros - Acuático');
INSERT INTO T_MAED_PARAMETRO (ID_PARAMETRO, ID_DETALLE, NOMBRE) VALUES (6, 25, 'Transporte de carga - Camionetas');
INSERT INTO T_MAED_PARAMETRO (ID_PARAMETRO, ID_DETALLE, NOMBRE) VALUES (6, 26, 'Transporte de carga - Camiones');
INSERT INTO T_MAED_PARAMETRO (ID_PARAMETRO, ID_DETALLE, NOMBRE) VALUES (6, 27, 'Transporte de carga - Ferrocarril');
INSERT INTO T_MAED_PARAMETRO (ID_PARAMETRO, ID_DETALLE, NOMBRE) VALUES (6, 28, 'Transporte de carga - Acuático');
INSERT INTO T_MAED_PARAMETRO (ID_PARAMETRO, ID_DETALLE, NOMBRE) VALUES (6, 29, 'Transporte de carga - Aéreo');
INSERT INTO T_MAED_PARAMETRO (ID_PARAMETRO, ID_DETALLE, NOMBRE) VALUES (6, 30, 'Salud');
INSERT INTO T_MAED_PARAMETRO (ID_PARAMETRO, ID_DETALLE, NOMBRE) VALUES (6, 31, 'Educación');
INSERT INTO T_MAED_PARAMETRO (ID_PARAMETRO, ID_DETALLE, NOMBRE) VALUES (6, 32, 'Seguridad');
INSERT INTO T_MAED_PARAMETRO (ID_PARAMETRO, ID_DETALLE, NOMBRE) VALUES (6, 33, 'Administrativo');

INSERT INTO T_MAED_PARAMETRO (ID_PARAMETRO, ID_DETALLE, NOMBRE) VALUES (7, 1, 'Consumo de energía anual per cápita');
INSERT INTO T_MAED_PARAMETRO (ID_PARAMETRO, ID_DETALLE, NOMBRE) VALUES (7, 2, 'Consumo de energía eléctrica promedio anual por usuario');
INSERT INTO T_MAED_PARAMETRO (ID_PARAMETRO, ID_DETALLE, NOMBRE) VALUES (7, 3, 'Consumo de gas anual por suministro');
INSERT INTO T_MAED_PARAMETRO (ID_PARAMETRO, ID_DETALLE, NOMBRE) VALUES (7, 4, 'Penetración de calentadores solares anual');
INSERT INTO T_MAED_PARAMETRO (ID_PARAMETRO, ID_DETALLE, NOMBRE) VALUES (7, 5, 'Consumo anual de biomasa por familia');
INSERT INTO T_MAED_PARAMETRO (ID_PARAMETRO, ID_DETALLE, NOMBRE) VALUES (7, 6, 'Consumo de energía anual / variable sub- sector');
INSERT INTO T_MAED_PARAMETRO (ID_PARAMETRO, ID_DETALLE, NOMBRE) VALUES (7, 7, 'Consumo de hidrocarburos anual/ variable sub- sector');
INSERT INTO T_MAED_PARAMETRO (ID_PARAMETRO, ID_DETALLE, NOMBRE) VALUES (7, 8, 'Consumo de gas anual / variable sub- sector');
INSERT INTO T_MAED_PARAMETRO (ID_PARAMETRO, ID_DETALLE, NOMBRE) VALUES (7, 9, 'Consumo de electricidad anual / variable sub- sector');
INSERT INTO T_MAED_PARAMETRO (ID_PARAMETRO, ID_DETALLE, NOMBRE) VALUES (7, 10, 'Consumo de biomasa anual / variable sub- sector');
INSERT INTO T_MAED_PARAMETRO (ID_PARAMETRO, ID_DETALLE, NOMBRE) VALUES (7, 11, 'Rendimiento promedio anual');
INSERT INTO T_MAED_PARAMETRO (ID_PARAMETRO, ID_DETALLE, NOMBRE) VALUES (7, 12, 'Penetración anual del gas natural');

INSERT INTO T_MAED_PARAMETRO (ID_PARAMETRO, ID_DETALLE, NOMBRE) VALUES (9, 1, 'J/habitante');
INSERT INTO T_MAED_PARAMETRO (ID_PARAMETRO, ID_DETALLE, NOMBRE) VALUES (9, 2, '(kW.h/mes)/usuario');
INSERT INTO T_MAED_PARAMETRO (ID_PARAMETRO, ID_DETALLE, NOMBRE) VALUES (9, 3, 'J/usuario');
INSERT INTO T_MAED_PARAMETRO (ID_PARAMETRO, ID_DETALLE, NOMBRE) VALUES (9, 4, 'm2 de colector / usuario');
INSERT INTO T_MAED_PARAMETRO (ID_PARAMETRO, ID_DETALLE, NOMBRE) VALUES (9, 5, 'kg/familia');
INSERT INTO T_MAED_PARAMETRO (ID_PARAMETRO, ID_DETALLE, NOMBRE) VALUES (9, 6, 'J/PBI Sectorial');
INSERT INTO T_MAED_PARAMETRO (ID_PARAMETRO, ID_DETALLE, NOMBRE) VALUES (9, 7, 'J/t de producción');
INSERT INTO T_MAED_PARAMETRO (ID_PARAMETRO, ID_DETALLE, NOMBRE) VALUES (9, 8, 'kW.h/PBI Sectorial');
INSERT INTO T_MAED_PARAMETRO (ID_PARAMETRO, ID_DETALLE, NOMBRE) VALUES (9, 9, 'kW.h/t de producción');
INSERT INTO T_MAED_PARAMETRO (ID_PARAMETRO, ID_DETALLE, NOMBRE) VALUES (9, 10, 'J/cama');
INSERT INTO T_MAED_PARAMETRO (ID_PARAMETRO, ID_DETALLE, NOMBRE) VALUES (9, 11, 'J/cliente');
INSERT INTO T_MAED_PARAMETRO (ID_PARAMETRO, ID_DETALLE, NOMBRE) VALUES (9, 12, 'J/m2');
INSERT INTO T_MAED_PARAMETRO (ID_PARAMETRO, ID_DETALLE, NOMBRE) VALUES (9, 13, 'kW.h/cama');
INSERT INTO T_MAED_PARAMETRO (ID_PARAMETRO, ID_DETALLE, NOMBRE) VALUES (9, 14, 'kW.h/cliente');
INSERT INTO T_MAED_PARAMETRO (ID_PARAMETRO, ID_DETALLE, NOMBRE) VALUES (9, 15, 'kW.h/m2');
INSERT INTO T_MAED_PARAMETRO (ID_PARAMETRO, ID_DETALLE, NOMBRE) VALUES (9, 16, 'm2 de colector/entidad');
INSERT INTO T_MAED_PARAMETRO (ID_PARAMETRO, ID_DETALLE, NOMBRE) VALUES (9, 17, 'J/mesa');
INSERT INTO T_MAED_PARAMETRO (ID_PARAMETRO, ID_DETALLE, NOMBRE) VALUES (9, 18, 'kW.h./mesa');
INSERT INTO T_MAED_PARAMETRO (ID_PARAMETRO, ID_DETALLE, NOMBRE) VALUES (9, 19, 'J/paciente');
INSERT INTO T_MAED_PARAMETRO (ID_PARAMETRO, ID_DETALLE, NOMBRE) VALUES (9, 20, 'kW.h/paciente');
INSERT INTO T_MAED_PARAMETRO (ID_PARAMETRO, ID_DETALLE, NOMBRE) VALUES (9, 21, 'J/alumno');
INSERT INTO T_MAED_PARAMETRO (ID_PARAMETRO, ID_DETALLE, NOMBRE) VALUES (9, 22, 'kW.h/alumno');
INSERT INTO T_MAED_PARAMETRO (ID_PARAMETRO, ID_DETALLE, NOMBRE) VALUES (9, 23, 'J/pasajero');
INSERT INTO T_MAED_PARAMETRO (ID_PARAMETRO, ID_DETALLE, NOMBRE) VALUES (9, 24, 'km/J');
INSERT INTO T_MAED_PARAMETRO (ID_PARAMETRO, ID_DETALLE, NOMBRE) VALUES (9, 25, 'Nro. Unidades a gas/parque total');
INSERT INTO T_MAED_PARAMETRO (ID_PARAMETRO, ID_DETALLE, NOMBRE) VALUES (9, 26, 'J/t');
INSERT INTO T_MAED_PARAMETRO (ID_PARAMETRO, ID_DETALLE, NOMBRE) VALUES (9, 27, 'J/Tm');
INSERT INTO T_MAED_PARAMETRO (ID_PARAMETRO, ID_DETALLE, NOMBRE) VALUES (9, 28, 'J/efectivo');
INSERT INTO T_MAED_PARAMETRO (ID_PARAMETRO, ID_DETALLE, NOMBRE) VALUES (9, 29, 'kW.h/efectivo');
INSERT INTO T_MAED_PARAMETRO (ID_PARAMETRO, ID_DETALLE, NOMBRE) VALUES (9, 30, 'J/trabajador');
INSERT INTO T_MAED_PARAMETRO (ID_PARAMETRO, ID_DETALLE, NOMBRE) VALUES (9, 31, 'kW.h/trabajador');

INSERT INTO T_MAED_PARAMETRO (ID_PARAMETRO, ID_DETALLE, NOMBRE) VALUES (19, 1, 'Privado');
INSERT INTO T_MAED_PARAMETRO (ID_PARAMETRO, ID_DETALLE, NOMBRE) VALUES (19, 2, 'Público');

INSERT INTO T_MAED_PARAMETRO (ID_PARAMETRO, ID_DETALLE, NOMBRE) VALUES (20, 1, 'Residencial');
INSERT INTO T_MAED_PARAMETRO (ID_PARAMETRO, ID_DETALLE, NOMBRE) VALUES (20, 2, 'Productivo');
INSERT INTO T_MAED_PARAMETRO (ID_PARAMETRO, ID_DETALLE, NOMBRE) VALUES (20, 3, 'Servicios');
INSERT INTO T_MAED_PARAMETRO (ID_PARAMETRO, ID_DETALLE, NOMBRE) VALUES (20, 4, 'Transporte');
INSERT INTO T_MAED_PARAMETRO (ID_PARAMETRO, ID_DETALLE, NOMBRE) VALUES (20, 5, 'Salud');
INSERT INTO T_MAED_PARAMETRO (ID_PARAMETRO, ID_DETALLE, NOMBRE) VALUES (20, 6, 'Educación');
INSERT INTO T_MAED_PARAMETRO (ID_PARAMETRO, ID_DETALLE, NOMBRE) VALUES (20, 7, 'Seguridad');
INSERT INTO T_MAED_PARAMETRO (ID_PARAMETRO, ID_DETALLE, NOMBRE) VALUES (20, 8, 'Administrativo');

INSERT INTO T_MAED_PARAMETRO (ID_PARAMETRO, ID_DETALLE, NOMBRE) VALUES (22, 1, 'Urbano - Alto');
INSERT INTO T_MAED_PARAMETRO (ID_PARAMETRO, ID_DETALLE, NOMBRE) VALUES (22, 2, 'Urbano - Medio');
INSERT INTO T_MAED_PARAMETRO (ID_PARAMETRO, ID_DETALLE, NOMBRE) VALUES (22, 3, 'Urbano - Bajo');
INSERT INTO T_MAED_PARAMETRO (ID_PARAMETRO, ID_DETALLE, NOMBRE) VALUES (22, 4, 'Rural - Medio');
INSERT INTO T_MAED_PARAMETRO (ID_PARAMETRO, ID_DETALLE, NOMBRE) VALUES (22, 5, 'Rural - Bajo');
INSERT INTO T_MAED_PARAMETRO (ID_PARAMETRO, ID_DETALLE, NOMBRE) VALUES (22, 6, 'Agropecuario - Agrícola');
INSERT INTO T_MAED_PARAMETRO (ID_PARAMETRO, ID_DETALLE, NOMBRE) VALUES (22, 7, 'Agropecuario - Pecuario');
INSERT INTO T_MAED_PARAMETRO (ID_PARAMETRO, ID_DETALLE, NOMBRE) VALUES (22, 8, 'Pesqueria');
INSERT INTO T_MAED_PARAMETRO (ID_PARAMETRO, ID_DETALLE, NOMBRE) VALUES (22, 9, 'Mineria Metálica y No Metálica');
INSERT INTO T_MAED_PARAMETRO (ID_PARAMETRO, ID_DETALLE, NOMBRE) VALUES (22, 10, 'Hidrocarburos');
INSERT INTO T_MAED_PARAMETRO (ID_PARAMETRO, ID_DETALLE, NOMBRE) VALUES (22, 11, 'Manufactura - Procesadores de recursos primarios');
INSERT INTO T_MAED_PARAMETRO (ID_PARAMETRO, ID_DETALLE, NOMBRE) VALUES (22, 12, 'Manufactura no primaria');
INSERT INTO T_MAED_PARAMETRO (ID_PARAMETRO, ID_DETALLE, NOMBRE) VALUES (22, 13, 'Construcción');
INSERT INTO T_MAED_PARAMETRO (ID_PARAMETRO, ID_DETALLE, NOMBRE) VALUES (22, 14, 'Hoteles y Hostales');
INSERT INTO T_MAED_PARAMETRO (ID_PARAMETRO, ID_DETALLE, NOMBRE) VALUES (22, 15, 'Restaurantes');
INSERT INTO T_MAED_PARAMETRO (ID_PARAMETRO, ID_DETALLE, NOMBRE) VALUES (22, 16, 'Edificios centros comerciales, centros de esparcimiento');
INSERT INTO T_MAED_PARAMETRO (ID_PARAMETRO, ID_DETALLE, NOMBRE) VALUES (22, 17, 'Centros de Salud');
INSERT INTO T_MAED_PARAMETRO (ID_PARAMETRO, ID_DETALLE, NOMBRE) VALUES (22, 18, 'Educación Privada');
INSERT INTO T_MAED_PARAMETRO (ID_PARAMETRO, ID_DETALLE, NOMBRE) VALUES (22, 19, 'Transporte de pasajeros - Carros');
INSERT INTO T_MAED_PARAMETRO (ID_PARAMETRO, ID_DETALLE, NOMBRE) VALUES (22, 20, 'Transporte de pasajeros - Ómnibus');
INSERT INTO T_MAED_PARAMETRO (ID_PARAMETRO, ID_DETALLE, NOMBRE) VALUES (22, 21, 'Transporte de pasajeros - Station Wagon');
INSERT INTO T_MAED_PARAMETRO (ID_PARAMETRO, ID_DETALLE, NOMBRE) VALUES (22, 22, 'Transporte de pasajeros - Taxis y Mototaxis');
INSERT INTO T_MAED_PARAMETRO (ID_PARAMETRO, ID_DETALLE, NOMBRE) VALUES (22, 23, 'Transporte de pasajeros - Aéreo');
INSERT INTO T_MAED_PARAMETRO (ID_PARAMETRO, ID_DETALLE, NOMBRE) VALUES (22, 24, 'Transporte de pasajeros - Acuático');
INSERT INTO T_MAED_PARAMETRO (ID_PARAMETRO, ID_DETALLE, NOMBRE) VALUES (22, 25, 'Transporte de carga - Camionetas');
INSERT INTO T_MAED_PARAMETRO (ID_PARAMETRO, ID_DETALLE, NOMBRE) VALUES (22, 26, 'Transporte de carga - Camiones');
INSERT INTO T_MAED_PARAMETRO (ID_PARAMETRO, ID_DETALLE, NOMBRE) VALUES (22, 27, 'Transporte de carga - Ferrocarril');
INSERT INTO T_MAED_PARAMETRO (ID_PARAMETRO, ID_DETALLE, NOMBRE) VALUES (22, 28, 'Transporte de carga - Acuático');
INSERT INTO T_MAED_PARAMETRO (ID_PARAMETRO, ID_DETALLE, NOMBRE) VALUES (22, 29, 'Transporte de carga - Aéreo');
INSERT INTO T_MAED_PARAMETRO (ID_PARAMETRO, ID_DETALLE, NOMBRE) VALUES (22, 30, 'Salud');
INSERT INTO T_MAED_PARAMETRO (ID_PARAMETRO, ID_DETALLE, NOMBRE) VALUES (22, 31, 'Educación');
INSERT INTO T_MAED_PARAMETRO (ID_PARAMETRO, ID_DETALLE, NOMBRE) VALUES (22, 32, 'Seguridad');
INSERT INTO T_MAED_PARAMETRO (ID_PARAMETRO, ID_DETALLE, NOMBRE) VALUES (22, 33, 'Administrativo');

INSERT INTO T_MAED_PARAMETRO (ID_PARAMETRO, ID_DETALLE, NOMBRE) VALUES (23, 1, 'Consumo de energía anual per cápita');
INSERT INTO T_MAED_PARAMETRO (ID_PARAMETRO, ID_DETALLE, NOMBRE) VALUES (23, 2, 'Consumo de energía eléctrica promedio anual por usuario');
INSERT INTO T_MAED_PARAMETRO (ID_PARAMETRO, ID_DETALLE, NOMBRE) VALUES (23, 3, 'Consumo de gas anual por suministro');
INSERT INTO T_MAED_PARAMETRO (ID_PARAMETRO, ID_DETALLE, NOMBRE) VALUES (23, 4, 'Penetración de calentadores solares anual');
INSERT INTO T_MAED_PARAMETRO (ID_PARAMETRO, ID_DETALLE, NOMBRE) VALUES (23, 5, 'Consumo anual de biomasa por familia');
INSERT INTO T_MAED_PARAMETRO (ID_PARAMETRO, ID_DETALLE, NOMBRE) VALUES (23, 6, 'Consumo de energía anual / variable sub- sector');
INSERT INTO T_MAED_PARAMETRO (ID_PARAMETRO, ID_DETALLE, NOMBRE) VALUES (23, 7, 'Consumo de hidrocarburos anual/ variable sub- sector');
INSERT INTO T_MAED_PARAMETRO (ID_PARAMETRO, ID_DETALLE, NOMBRE) VALUES (23, 8, 'Consumo de gas anual / variable sub- sector');
INSERT INTO T_MAED_PARAMETRO (ID_PARAMETRO, ID_DETALLE, NOMBRE) VALUES (23, 9, 'Consumo de electricidad anual / variable sub- sector');
INSERT INTO T_MAED_PARAMETRO (ID_PARAMETRO, ID_DETALLE, NOMBRE) VALUES (23, 10, 'Consumo de biomasa anual / variable sub- sector');
INSERT INTO T_MAED_PARAMETRO (ID_PARAMETRO, ID_DETALLE, NOMBRE) VALUES (23, 11, 'Rendimiento promedio anual');
INSERT INTO T_MAED_PARAMETRO (ID_PARAMETRO, ID_DETALLE, NOMBRE) VALUES (23, 12, 'Penetración anual del gas natural');

INSERT INTO T_MAED_PARAMETRO (ID_PARAMETRO, ID_DETALLE, NOMBRE) VALUES (25, 1, 'J/habitante');
INSERT INTO T_MAED_PARAMETRO (ID_PARAMETRO, ID_DETALLE, NOMBRE) VALUES (25, 2, '(kW.h/mes)/usuario');
INSERT INTO T_MAED_PARAMETRO (ID_PARAMETRO, ID_DETALLE, NOMBRE) VALUES (25, 3, 'J/usuario');
INSERT INTO T_MAED_PARAMETRO (ID_PARAMETRO, ID_DETALLE, NOMBRE) VALUES (25, 4, 'm2 de colector / usuario');
INSERT INTO T_MAED_PARAMETRO (ID_PARAMETRO, ID_DETALLE, NOMBRE) VALUES (25, 5, 'kg/familia');
INSERT INTO T_MAED_PARAMETRO (ID_PARAMETRO, ID_DETALLE, NOMBRE) VALUES (25, 6, 'J/PBI Sectorial');
INSERT INTO T_MAED_PARAMETRO (ID_PARAMETRO, ID_DETALLE, NOMBRE) VALUES (25, 7, 'J/t de producción');
INSERT INTO T_MAED_PARAMETRO (ID_PARAMETRO, ID_DETALLE, NOMBRE) VALUES (25, 8, 'kW.h/PBI Sectorial');
INSERT INTO T_MAED_PARAMETRO (ID_PARAMETRO, ID_DETALLE, NOMBRE) VALUES (25, 9, 'kW.h/t de producción');
INSERT INTO T_MAED_PARAMETRO (ID_PARAMETRO, ID_DETALLE, NOMBRE) VALUES (25, 10, 'J/cama');
INSERT INTO T_MAED_PARAMETRO (ID_PARAMETRO, ID_DETALLE, NOMBRE) VALUES (25, 11, 'J/cliente');
INSERT INTO T_MAED_PARAMETRO (ID_PARAMETRO, ID_DETALLE, NOMBRE) VALUES (25, 12, 'J/m2');
INSERT INTO T_MAED_PARAMETRO (ID_PARAMETRO, ID_DETALLE, NOMBRE) VALUES (25, 13, 'kW.h/cama');
INSERT INTO T_MAED_PARAMETRO (ID_PARAMETRO, ID_DETALLE, NOMBRE) VALUES (25, 14, 'kW.h/cliente');
INSERT INTO T_MAED_PARAMETRO (ID_PARAMETRO, ID_DETALLE, NOMBRE) VALUES (25, 15, 'kW.h/m2');
INSERT INTO T_MAED_PARAMETRO (ID_PARAMETRO, ID_DETALLE, NOMBRE) VALUES (25, 16, 'm2 de colector/entidad');
INSERT INTO T_MAED_PARAMETRO (ID_PARAMETRO, ID_DETALLE, NOMBRE) VALUES (25, 17, 'J/mesa');
INSERT INTO T_MAED_PARAMETRO (ID_PARAMETRO, ID_DETALLE, NOMBRE) VALUES (25, 18, 'kW.h./mesa');
INSERT INTO T_MAED_PARAMETRO (ID_PARAMETRO, ID_DETALLE, NOMBRE) VALUES (25, 19, 'J/paciente');
INSERT INTO T_MAED_PARAMETRO (ID_PARAMETRO, ID_DETALLE, NOMBRE) VALUES (25, 20, 'kW.h/paciente');
INSERT INTO T_MAED_PARAMETRO (ID_PARAMETRO, ID_DETALLE, NOMBRE) VALUES (25, 21, 'J/alumno');
INSERT INTO T_MAED_PARAMETRO (ID_PARAMETRO, ID_DETALLE, NOMBRE) VALUES (25, 22, 'kW.h/alumno');
INSERT INTO T_MAED_PARAMETRO (ID_PARAMETRO, ID_DETALLE, NOMBRE) VALUES (25, 23, 'J/pasajero');
INSERT INTO T_MAED_PARAMETRO (ID_PARAMETRO, ID_DETALLE, NOMBRE) VALUES (25, 24, 'km/J');
INSERT INTO T_MAED_PARAMETRO (ID_PARAMETRO, ID_DETALLE, NOMBRE) VALUES (25, 25, 'Nro. Unidades a gas/parque total');
INSERT INTO T_MAED_PARAMETRO (ID_PARAMETRO, ID_DETALLE, NOMBRE) VALUES (25, 26, 'J/t');
INSERT INTO T_MAED_PARAMETRO (ID_PARAMETRO, ID_DETALLE, NOMBRE) VALUES (25, 27, 'J/Tm');
INSERT INTO T_MAED_PARAMETRO (ID_PARAMETRO, ID_DETALLE, NOMBRE) VALUES (25, 28, 'J/efectivo');
INSERT INTO T_MAED_PARAMETRO (ID_PARAMETRO, ID_DETALLE, NOMBRE) VALUES (25, 29, 'kW.h/efectivo');
INSERT INTO T_MAED_PARAMETRO (ID_PARAMETRO, ID_DETALLE, NOMBRE) VALUES (25, 30, 'J/trabajador');
INSERT INTO T_MAED_PARAMETRO (ID_PARAMETRO, ID_DETALLE, NOMBRE) VALUES (25, 31, 'kW.h/trabajador');

INSERT INTO T_MAED_PARAMETRO (ID_PARAMETRO, ID_DETALLE, NOMBRE) VALUES (28, 1, 'Petróleo crudo');
INSERT INTO T_MAED_PARAMETRO (ID_PARAMETRO, ID_DETALLE, NOMBRE) VALUES (28, 2, 'Gas Natural Licuado');
INSERT INTO T_MAED_PARAMETRO (ID_PARAMETRO, ID_DETALLE, NOMBRE) VALUES (28, 3, 'Gasolina para motores');
INSERT INTO T_MAED_PARAMETRO (ID_PARAMETRO, ID_DETALLE, NOMBRE) VALUES (28, 4, 'Gasolina para la aviación');
INSERT INTO T_MAED_PARAMETRO (ID_PARAMETRO, ID_DETALLE, NOMBRE) VALUES (28, 5, 'Gasolina para motor a reacción');
INSERT INTO T_MAED_PARAMETRO (ID_PARAMETRO, ID_DETALLE, NOMBRE) VALUES (28, 6, 'Gas/Disesel Oil');
INSERT INTO T_MAED_PARAMETRO (ID_PARAMETRO, ID_DETALLE, NOMBRE) VALUES (28, 7, 'Fuelóleo residual');
INSERT INTO T_MAED_PARAMETRO (ID_PARAMETRO, ID_DETALLE, NOMBRE) VALUES (28, 8, 'Gases licuados de petróleo');
INSERT INTO T_MAED_PARAMETRO (ID_PARAMETRO, ID_DETALLE, NOMBRE) VALUES (28, 9, 'Lubricantes');
INSERT INTO T_MAED_PARAMETRO (ID_PARAMETRO, ID_DETALLE, NOMBRE) VALUES (28, 10, 'Gas de refinería');
INSERT INTO T_MAED_PARAMETRO (ID_PARAMETRO, ID_DETALLE, NOMBRE) VALUES (28, 11, 'Ceras de parafina');
INSERT INTO T_MAED_PARAMETRO (ID_PARAMETRO, ID_DETALLE, NOMBRE) VALUES (28, 12, 'Espíritu blanco y SBP');
INSERT INTO T_MAED_PARAMETRO (ID_PARAMETRO, ID_DETALLE, NOMBRE) VALUES (28, 13, 'Otros productos del petróleo');
INSERT INTO T_MAED_PARAMETRO (ID_PARAMETRO, ID_DETALLE, NOMBRE) VALUES (28, 14, 'Carbón sub-bituminoso');
INSERT INTO T_MAED_PARAMETRO (ID_PARAMETRO, ID_DETALLE, NOMBRE) VALUES (28, 15, 'Carbón de coque');
INSERT INTO T_MAED_PARAMETRO (ID_PARAMETRO, ID_DETALLE, NOMBRE) VALUES (28, 16, 'Gas natural');
INSERT INTO T_MAED_PARAMETRO (ID_PARAMETRO, ID_DETALLE, NOMBRE) VALUES (28, 17, 'Biogasolina');
INSERT INTO T_MAED_PARAMETRO (ID_PARAMETRO, ID_DETALLE, NOMBRE) VALUES (28, 18, 'Biodiesel');
INSERT INTO T_MAED_PARAMETRO (ID_PARAMETRO, ID_DETALLE, NOMBRE) VALUES (28, 19, 'Otros biocombustibles líquidos');
INSERT INTO T_MAED_PARAMETRO (ID_PARAMETRO, ID_DETALLE, NOMBRE) VALUES (28, 20, 'Otra biomasa sólida primaria');
INSERT INTO T_MAED_PARAMETRO (ID_PARAMETRO, ID_DETALLE, NOMBRE) VALUES (28, 21, 'Madera/Desechos de madera');
INSERT INTO T_MAED_PARAMETRO (ID_PARAMETRO, ID_DETALLE, NOMBRE) VALUES (28, 22, 'Carbón vegetal');
INSERT INTO T_MAED_PARAMETRO (ID_PARAMETRO, ID_DETALLE, NOMBRE) VALUES (28, 23, 'Gas de vertedero');

INSERT INTO T_MAED_PARAMETRO (ID_PARAMETRO, ID_DETALLE, NOMBRE) VALUES (32, 1, 'Petróleo crudo');
INSERT INTO T_MAED_PARAMETRO (ID_PARAMETRO, ID_DETALLE, NOMBRE) VALUES (32, 2, 'Gas Natural Licuado');
INSERT INTO T_MAED_PARAMETRO (ID_PARAMETRO, ID_DETALLE, NOMBRE) VALUES (32, 3, 'Gasolina para motores');
INSERT INTO T_MAED_PARAMETRO (ID_PARAMETRO, ID_DETALLE, NOMBRE) VALUES (32, 4, 'Gasolina para la aviación');
INSERT INTO T_MAED_PARAMETRO (ID_PARAMETRO, ID_DETALLE, NOMBRE) VALUES (32, 5, 'Gasolina para motor a reacción');
INSERT INTO T_MAED_PARAMETRO (ID_PARAMETRO, ID_DETALLE, NOMBRE) VALUES (32, 6, 'Gas/Disesel Oil');
INSERT INTO T_MAED_PARAMETRO (ID_PARAMETRO, ID_DETALLE, NOMBRE) VALUES (32, 7, 'Fuelóleo residual');
INSERT INTO T_MAED_PARAMETRO (ID_PARAMETRO, ID_DETALLE, NOMBRE) VALUES (32, 8, 'Gases licuados de petróleo');
INSERT INTO T_MAED_PARAMETRO (ID_PARAMETRO, ID_DETALLE, NOMBRE) VALUES (32, 9, 'Lubricantes');
INSERT INTO T_MAED_PARAMETRO (ID_PARAMETRO, ID_DETALLE, NOMBRE) VALUES (32, 10, 'Gas de refinería');
INSERT INTO T_MAED_PARAMETRO (ID_PARAMETRO, ID_DETALLE, NOMBRE) VALUES (32, 11, 'Ceras de parafina');
INSERT INTO T_MAED_PARAMETRO (ID_PARAMETRO, ID_DETALLE, NOMBRE) VALUES (32, 12, 'Espíritu blanco y SBP');
INSERT INTO T_MAED_PARAMETRO (ID_PARAMETRO, ID_DETALLE, NOMBRE) VALUES (32, 13, 'Otros productos del petróleo');
INSERT INTO T_MAED_PARAMETRO (ID_PARAMETRO, ID_DETALLE, NOMBRE) VALUES (32, 14, 'Carbón sub-bituminoso');
INSERT INTO T_MAED_PARAMETRO (ID_PARAMETRO, ID_DETALLE, NOMBRE) VALUES (32, 15, 'Carbón de coque');
INSERT INTO T_MAED_PARAMETRO (ID_PARAMETRO, ID_DETALLE, NOMBRE) VALUES (32, 16, 'Gas natural');
INSERT INTO T_MAED_PARAMETRO (ID_PARAMETRO, ID_DETALLE, NOMBRE) VALUES (32, 17, 'Biogasolina');
INSERT INTO T_MAED_PARAMETRO (ID_PARAMETRO, ID_DETALLE, NOMBRE) VALUES (32, 18, 'Biodiesel');
INSERT INTO T_MAED_PARAMETRO (ID_PARAMETRO, ID_DETALLE, NOMBRE) VALUES (32, 19, 'Otros biocombustibles líquidos');
INSERT INTO T_MAED_PARAMETRO (ID_PARAMETRO, ID_DETALLE, NOMBRE) VALUES (32, 20, 'Otra biomasa sólida primaria');
INSERT INTO T_MAED_PARAMETRO (ID_PARAMETRO, ID_DETALLE, NOMBRE) VALUES (32, 21, 'Madera/Desechos de madera');
INSERT INTO T_MAED_PARAMETRO (ID_PARAMETRO, ID_DETALLE, NOMBRE) VALUES (32, 22, 'Carbón vegetal');
INSERT INTO T_MAED_PARAMETRO (ID_PARAMETRO, ID_DETALLE, NOMBRE) VALUES (32, 23, 'Gas de vertedero');

INSERT INTO T_MAED_PARAMETRO (ID_PARAMETRO, ID_DETALLE, NOMBRE) VALUES (30, 1, 'gal');
INSERT INTO T_MAED_PARAMETRO (ID_PARAMETRO, ID_DETALLE, NOMBRE) VALUES (30, 2, 'm3');
INSERT INTO T_MAED_PARAMETRO (ID_PARAMETRO, ID_DETALLE, NOMBRE) VALUES (30, 3, 'l');

INSERT INTO T_MAED_PARAMETRO (ID_PARAMETRO, ID_DETALLE, NOMBRE) VALUES (34, 1, 'gal');
INSERT INTO T_MAED_PARAMETRO (ID_PARAMETRO, ID_DETALLE, NOMBRE) VALUES (34, 2, 'm3');
INSERT INTO T_MAED_PARAMETRO (ID_PARAMETRO, ID_DETALLE, NOMBRE) VALUES (34, 3, 'l');

INSERT INTO T_MAED_PARAMETRO (ID_PARAMETRO, ID_DETALLE, NOMBRE) VALUES (38, 1, '2010');
INSERT INTO T_MAED_PARAMETRO (ID_PARAMETRO, ID_DETALLE, NOMBRE) VALUES (38, 2, '2011');
INSERT INTO T_MAED_PARAMETRO (ID_PARAMETRO, ID_DETALLE, NOMBRE) VALUES (38, 3, '2012');
INSERT INTO T_MAED_PARAMETRO (ID_PARAMETRO, ID_DETALLE, NOMBRE) VALUES (38, 4, '2013');
INSERT INTO T_MAED_PARAMETRO (ID_PARAMETRO, ID_DETALLE, NOMBRE) VALUES (38, 5, '2014');
INSERT INTO T_MAED_PARAMETRO (ID_PARAMETRO, ID_DETALLE, NOMBRE) VALUES (38, 6, '2015');
INSERT INTO T_MAED_PARAMETRO (ID_PARAMETRO, ID_DETALLE, NOMBRE) VALUES (38, 7, '2016');
INSERT INTO T_MAED_PARAMETRO (ID_PARAMETRO, ID_DETALLE, NOMBRE) VALUES (38, 8, '2017');
INSERT INTO T_MAED_PARAMETRO (ID_PARAMETRO, ID_DETALLE, NOMBRE) VALUES (38, 9, '2018');
INSERT INTO T_MAED_PARAMETRO (ID_PARAMETRO, ID_DETALLE, NOMBRE) VALUES (38, 10, '2019');
INSERT INTO T_MAED_PARAMETRO (ID_PARAMETRO, ID_DETALLE, NOMBRE) VALUES (38, 11, '2020');
INSERT INTO T_MAED_PARAMETRO (ID_PARAMETRO, ID_DETALLE, NOMBRE) VALUES (38, 12, '2021');
INSERT INTO T_MAED_PARAMETRO (ID_PARAMETRO, ID_DETALLE, NOMBRE) VALUES (38, 13, '2022');
INSERT INTO T_MAED_PARAMETRO (ID_PARAMETRO, ID_DETALLE, NOMBRE) VALUES (38, 14, '2023');
INSERT INTO T_MAED_PARAMETRO (ID_PARAMETRO, ID_DETALLE, NOMBRE) VALUES (38, 15, '2024');
INSERT INTO T_MAED_PARAMETRO (ID_PARAMETRO, ID_DETALLE, NOMBRE) VALUES (38, 16, '2025');
INSERT INTO T_MAED_PARAMETRO (ID_PARAMETRO, ID_DETALLE, NOMBRE) VALUES (38, 17, '2026');
INSERT INTO T_MAED_PARAMETRO (ID_PARAMETRO, ID_DETALLE, NOMBRE) VALUES (38, 18, '2027');
INSERT INTO T_MAED_PARAMETRO (ID_PARAMETRO, ID_DETALLE, NOMBRE) VALUES (38, 19, '2028');
INSERT INTO T_MAED_PARAMETRO (ID_PARAMETRO, ID_DETALLE, NOMBRE) VALUES (38, 20, '2029');
INSERT INTO T_MAED_PARAMETRO (ID_PARAMETRO, ID_DETALLE, NOMBRE) VALUES (38, 21, '2030');

INSERT INTO T_MAED_PARAMETRO (ID_PARAMETRO, ID_DETALLE, NOMBRE) VALUES (39, 1, 'Auto eléctrico');
INSERT INTO T_MAED_PARAMETRO (ID_PARAMETRO, ID_DETALLE, NOMBRE) VALUES (39, 2, 'Bus eléctrico (9m)');
INSERT INTO T_MAED_PARAMETRO (ID_PARAMETRO, ID_DETALLE, NOMBRE) VALUES (39, 3, 'Bus eléctrico (12m)');
INSERT INTO T_MAED_PARAMETRO (ID_PARAMETRO, ID_DETALLE, NOMBRE) VALUES (39, 4, 'Bus eléctrico (18m)');
INSERT INTO T_MAED_PARAMETRO (ID_PARAMETRO, ID_DETALLE, NOMBRE) VALUES (39, 5, 'Moto taxi');
INSERT INTO T_MAED_PARAMETRO (ID_PARAMETRO, ID_DETALLE, NOMBRE) VALUES (39, 6, 'Moto');

INSERT INTO T_MAED_PARAMETRO (ID_PARAMETRO, ID_DETALLE, NOMBRE) VALUES (41, 1, 'GNV');
INSERT INTO T_MAED_PARAMETRO (ID_PARAMETRO, ID_DETALLE, NOMBRE) VALUES (41, 2, 'GLP');
INSERT INTO T_MAED_PARAMETRO (ID_PARAMETRO, ID_DETALLE, NOMBRE) VALUES (41, 3, 'Gasolina');
INSERT INTO T_MAED_PARAMETRO (ID_PARAMETRO, ID_DETALLE, NOMBRE) VALUES (41, 4, 'Diesel');

INSERT INTO T_MAED_PARAMETRO (ID_PARAMETRO, ID_DETALLE, NOMBRE) VALUES (46, 1, 'GNV');
INSERT INTO T_MAED_PARAMETRO (ID_PARAMETRO, ID_DETALLE, NOMBRE) VALUES (46, 2, 'GLP');
INSERT INTO T_MAED_PARAMETRO (ID_PARAMETRO, ID_DETALLE, NOMBRE) VALUES (46, 3, 'Gasolina');
INSERT INTO T_MAED_PARAMETRO (ID_PARAMETRO, ID_DETALLE, NOMBRE) VALUES (46, 4, 'Diesel');

INSERT INTO T_MAED_PARAMETRO (ID_PARAMETRO, ID_DETALLE, NOMBRE) VALUES (61, 1, 'Monitoreo de indicadores de desempeño energético');
INSERT INTO T_MAED_PARAMETRO (ID_PARAMETRO, ID_DETALLE, NOMBRE) VALUES (61, 2, 'Monitoreo de operatividad de equipos y proceso productivo');
INSERT INTO T_MAED_PARAMETRO (ID_PARAMETRO, ID_DETALLE, NOMBRE) VALUES (61, 3, 'Elaboración del Plan anual de gestión de la energía');
INSERT INTO T_MAED_PARAMETRO (ID_PARAMETRO, ID_DETALLE, NOMBRE) VALUES (61, 4, 'Revisión del plan de mantenimiento y confiablidad, con enfoque a la eficiencia energética');
INSERT INTO T_MAED_PARAMETRO (ID_PARAMETRO, ID_DETALLE, NOMBRE) VALUES (61, 5, 'Ejecutar auditorías internas y revisar periódicamente la eficacia de las acciones correctivas');
INSERT INTO T_MAED_PARAMETRO (ID_PARAMETRO, ID_DETALLE, NOMBRE) VALUES (61, 6, 'Coordinaciòn del Sistema de gestión en las auditorías externas del sistema de gestión');
INSERT INTO T_MAED_PARAMETRO (ID_PARAMETRO, ID_DETALLE, NOMBRE) VALUES (61, 7, 'Impartir inducción referente a la gestión de la energía a los demás trabajadores');
INSERT INTO T_MAED_PARAMETRO (ID_PARAMETRO, ID_DETALLE, NOMBRE) VALUES (61, 8, 'Propuesta de nuevos proyectos de eficiencia energética');
INSERT INTO T_MAED_PARAMETRO (ID_PARAMETRO, ID_DETALLE, NOMBRE) VALUES (61, 9, 'Control de los parámetros eléctricos y térmicos de un proceso con la finalidad de reducir los costos');

INSERT INTO T_MAED_PARAMETRO (ID_PARAMETRO, ID_DETALLE, NOMBRE) VALUES (62, 1, 'Monitoreo de indicadores de desempeño energético');
INSERT INTO T_MAED_PARAMETRO (ID_PARAMETRO, ID_DETALLE, NOMBRE) VALUES (62, 2, 'Monitoreo de operatividad de equipos y proceso productivo');
INSERT INTO T_MAED_PARAMETRO (ID_PARAMETRO, ID_DETALLE, NOMBRE) VALUES (62, 3, 'Elaboración del Plan anual de gestión de la energía');
INSERT INTO T_MAED_PARAMETRO (ID_PARAMETRO, ID_DETALLE, NOMBRE) VALUES (62, 4, 'Revisión del plan de mantenimiento y confiablidad, con enfoque a la eficiencia energética');
INSERT INTO T_MAED_PARAMETRO (ID_PARAMETRO, ID_DETALLE, NOMBRE) VALUES (62, 5, 'Ejecutar auditorías internas y revisar periódicamente la eficacia de las acciones correctivas');
INSERT INTO T_MAED_PARAMETRO (ID_PARAMETRO, ID_DETALLE, NOMBRE) VALUES (62, 6, 'Coordinaciòn del Sistema de gestión en las auditorías externas del sistema de gestión');
INSERT INTO T_MAED_PARAMETRO (ID_PARAMETRO, ID_DETALLE, NOMBRE) VALUES (62, 7, 'Impartir inducción referente a la gestión de la energía a los demás trabajadores');
INSERT INTO T_MAED_PARAMETRO (ID_PARAMETRO, ID_DETALLE, NOMBRE) VALUES (62, 8, 'Propuesta de nuevos proyectos de eficiencia energética');
INSERT INTO T_MAED_PARAMETRO (ID_PARAMETRO, ID_DETALLE, NOMBRE) VALUES (62, 9, 'Control de los parámetros eléctricos y térmicos de un proceso con la finalidad de reducir los costos');

INSERT INTO T_MAED_PARAMETRO (ID_PARAMETRO, ID_DETALLE, NOMBRE) VALUES (63, 1, 'Monitoreo de indicadores de desempeño energético');
INSERT INTO T_MAED_PARAMETRO (ID_PARAMETRO, ID_DETALLE, NOMBRE) VALUES (63, 2, 'Monitoreo de operatividad de equipos y proceso productivo');
INSERT INTO T_MAED_PARAMETRO (ID_PARAMETRO, ID_DETALLE, NOMBRE) VALUES (63, 3, 'Elaboración del Plan anual de gestión de la energía');
INSERT INTO T_MAED_PARAMETRO (ID_PARAMETRO, ID_DETALLE, NOMBRE) VALUES (63, 4, 'Revisión del plan de mantenimiento y confiablidad, con enfoque a la eficiencia energética');
INSERT INTO T_MAED_PARAMETRO (ID_PARAMETRO, ID_DETALLE, NOMBRE) VALUES (63, 5, 'Ejecutar auditorías internas y revisar periódicamente la eficacia de las acciones correctivas');
INSERT INTO T_MAED_PARAMETRO (ID_PARAMETRO, ID_DETALLE, NOMBRE) VALUES (63, 6, 'Coordinaciòn del Sistema de gestión en las auditorías externas del sistema de gestión');
INSERT INTO T_MAED_PARAMETRO (ID_PARAMETRO, ID_DETALLE, NOMBRE) VALUES (63, 7, 'Impartir inducción referente a la gestión de la energía a los demás trabajadores');
INSERT INTO T_MAED_PARAMETRO (ID_PARAMETRO, ID_DETALLE, NOMBRE) VALUES (63, 8, 'Propuesta de nuevos proyectos de eficiencia energética');
INSERT INTO T_MAED_PARAMETRO (ID_PARAMETRO, ID_DETALLE, NOMBRE) VALUES (63, 9, 'Control de los parámetros eléctricos y térmicos de un proceso con la finalidad de reducir los costos');

INSERT INTO T_MAED_PARAMETRO (ID_PARAMETRO, ID_DETALLE, NOMBRE) VALUES (76, 1, 'Huella de Carbono Perú - Primera estrella');
INSERT INTO T_MAED_PARAMETRO (ID_PARAMETRO, ID_DETALLE, NOMBRE) VALUES (76, 2, 'Huella de Carbono Perú - Segunda estrella');
INSERT INTO T_MAED_PARAMETRO (ID_PARAMETRO, ID_DETALLE, NOMBRE) VALUES (76, 3, 'Huella de Carbono Perú - Tercera estrella');
INSERT INTO T_MAED_PARAMETRO (ID_PARAMETRO, ID_DETALLE, NOMBRE) VALUES (76, 4, 'Huella de Carbono Perú - Cuarta estrella');

INSERT INTO T_MAED_PARAMETRO (ID_PARAMETRO, ID_DETALLE, NOMBRE) VALUES (79, 1, 'Si');
INSERT INTO T_MAED_PARAMETRO (ID_PARAMETRO, ID_DETALLE, NOMBRE) VALUES (79, 2, 'No');

INSERT INTO T_MAED_PARAMETRO (ID_PARAMETRO, ID_DETALLE, NOMBRE) VALUES (82, 1, 'Programas de capacitación interna tal como seminarios, charlas técnicas, conferencias relacionadas al sector energía');
INSERT INTO T_MAED_PARAMETRO (ID_PARAMETRO, ID_DETALLE, NOMBRE) VALUES (82, 2, 'Formación de grupos de interés, tal como la formación de un comité de gestión o control interno de la energía');
INSERT INTO T_MAED_PARAMETRO (ID_PARAMETRO, ID_DETALLE, NOMBRE) VALUES (82, 3, 'Difusión de beneficios de la eficiencia energética, a través de medios de comunicación interna de la empresa tal como: boletines, trípticos, periódico mural, revistas, etc., de tal forma que se verifique una comunicación masiva interna');
INSERT INTO T_MAED_PARAMETRO (ID_PARAMETRO, ID_DETALLE, NOMBRE) VALUES (82, 4, 'Informe de los comités de ECOEFICIENCIA de la empresa con resultados tangibles según lo establecido por el D.S N° 009-2009-MINAM o aplicación de la Guía de la Ecoeficiencia para el sector público');
INSERT INTO T_MAED_PARAMETRO (ID_PARAMETRO, ID_DETALLE, NOMBRE) VALUES (82, 5, 'Otras actividades relacionadas');

INSERT INTO T_MAED_PARAMETRO (ID_PARAMETRO, ID_DETALLE, NOMBRE) VALUES (94, 1, 'Directivo');
INSERT INTO T_MAED_PARAMETRO (ID_PARAMETRO, ID_DETALLE, NOMBRE) VALUES (94, 2, 'Gerencia');
INSERT INTO T_MAED_PARAMETRO (ID_PARAMETRO, ID_DETALLE, NOMBRE) VALUES (94, 3, 'Jefatura');
INSERT INTO T_MAED_PARAMETRO (ID_PARAMETRO, ID_DETALLE, NOMBRE) VALUES (94, 4, 'Supervisora');
INSERT INTO T_MAED_PARAMETRO (ID_PARAMETRO, ID_DETALLE, NOMBRE) VALUES (94, 5, 'Coordinadora');
INSERT INTO T_MAED_PARAMETRO (ID_PARAMETRO, ID_DETALLE, NOMBRE) VALUES (94, 6, 'Especialista');
INSERT INTO T_MAED_PARAMETRO (ID_PARAMETRO, ID_DETALLE, NOMBRE) VALUES (94, 7, 'Planificadora');
INSERT INTO T_MAED_PARAMETRO (ID_PARAMETRO, ID_DETALLE, NOMBRE) VALUES (94, 8, 'Analista');
INSERT INTO T_MAED_PARAMETRO (ID_PARAMETRO, ID_DETALLE, NOMBRE) VALUES (94, 9, 'Asistente');

--T_MAED_PARAMETRO_RELACION
INSERT INTO T_MAED_PARAMETRO_RELACION(ID_PARAMETRO, ID_DETALLE, PARAMETROS, DETALLES) VALUES (4, 1, '3', '1');
INSERT INTO T_MAED_PARAMETRO_RELACION(ID_PARAMETRO, ID_DETALLE, PARAMETROS, DETALLES) VALUES (4, 2, '3', '1');
INSERT INTO T_MAED_PARAMETRO_RELACION(ID_PARAMETRO, ID_DETALLE, PARAMETROS, DETALLES) VALUES (4, 3, '3', '1');
INSERT INTO T_MAED_PARAMETRO_RELACION(ID_PARAMETRO, ID_DETALLE, PARAMETROS, DETALLES) VALUES (4, 4, '3', '1');
INSERT INTO T_MAED_PARAMETRO_RELACION(ID_PARAMETRO, ID_DETALLE, PARAMETROS, DETALLES) VALUES (4, 5, '3', '2');
INSERT INTO T_MAED_PARAMETRO_RELACION(ID_PARAMETRO, ID_DETALLE, PARAMETROS, DETALLES) VALUES (4, 6, '3', '2');
INSERT INTO T_MAED_PARAMETRO_RELACION(ID_PARAMETRO, ID_DETALLE, PARAMETROS, DETALLES) VALUES (4, 7, '3', '2');
INSERT INTO T_MAED_PARAMETRO_RELACION(ID_PARAMETRO, ID_DETALLE, PARAMETROS, DETALLES) VALUES (4, 8, '3', '2');

INSERT INTO T_MAED_PARAMETRO_RELACION(ID_PARAMETRO, ID_DETALLE, PARAMETROS, DETALLES) VALUES (6, 1, '4', '1');
INSERT INTO T_MAED_PARAMETRO_RELACION(ID_PARAMETRO, ID_DETALLE, PARAMETROS, DETALLES) VALUES (6, 2, '4', '1');
INSERT INTO T_MAED_PARAMETRO_RELACION(ID_PARAMETRO, ID_DETALLE, PARAMETROS, DETALLES) VALUES (6, 3, '4', '1');
INSERT INTO T_MAED_PARAMETRO_RELACION(ID_PARAMETRO, ID_DETALLE, PARAMETROS, DETALLES) VALUES (6, 4, '4', '1');
INSERT INTO T_MAED_PARAMETRO_RELACION(ID_PARAMETRO, ID_DETALLE, PARAMETROS, DETALLES) VALUES (6, 5, '4', '1');
INSERT INTO T_MAED_PARAMETRO_RELACION(ID_PARAMETRO, ID_DETALLE, PARAMETROS, DETALLES) VALUES (6, 6, '4', '2');
INSERT INTO T_MAED_PARAMETRO_RELACION(ID_PARAMETRO, ID_DETALLE, PARAMETROS, DETALLES) VALUES (6, 7, '4', '2');
INSERT INTO T_MAED_PARAMETRO_RELACION(ID_PARAMETRO, ID_DETALLE, PARAMETROS, DETALLES) VALUES (6, 8, '4', '2');
INSERT INTO T_MAED_PARAMETRO_RELACION(ID_PARAMETRO, ID_DETALLE, PARAMETROS, DETALLES) VALUES (6, 9, '4', '2');
INSERT INTO T_MAED_PARAMETRO_RELACION(ID_PARAMETRO, ID_DETALLE, PARAMETROS, DETALLES) VALUES (6, 10, '4', '2');
INSERT INTO T_MAED_PARAMETRO_RELACION(ID_PARAMETRO, ID_DETALLE, PARAMETROS, DETALLES) VALUES (6, 11, '4', '2');
INSERT INTO T_MAED_PARAMETRO_RELACION(ID_PARAMETRO, ID_DETALLE, PARAMETROS, DETALLES) VALUES (6, 12, '4', '2');
INSERT INTO T_MAED_PARAMETRO_RELACION(ID_PARAMETRO, ID_DETALLE, PARAMETROS, DETALLES) VALUES (6, 13, '4', '2');
INSERT INTO T_MAED_PARAMETRO_RELACION(ID_PARAMETRO, ID_DETALLE, PARAMETROS, DETALLES) VALUES (6, 14, '4', '3');
INSERT INTO T_MAED_PARAMETRO_RELACION(ID_PARAMETRO, ID_DETALLE, PARAMETROS, DETALLES) VALUES (6, 15, '4', '3');
INSERT INTO T_MAED_PARAMETRO_RELACION(ID_PARAMETRO, ID_DETALLE, PARAMETROS, DETALLES) VALUES (6, 16, '4', '3');
INSERT INTO T_MAED_PARAMETRO_RELACION(ID_PARAMETRO, ID_DETALLE, PARAMETROS, DETALLES) VALUES (6, 17, '4', '3');
INSERT INTO T_MAED_PARAMETRO_RELACION(ID_PARAMETRO, ID_DETALLE, PARAMETROS, DETALLES) VALUES (6, 18, '4', '3');
INSERT INTO T_MAED_PARAMETRO_RELACION(ID_PARAMETRO, ID_DETALLE, PARAMETROS, DETALLES) VALUES (6, 19, '4', '4');
INSERT INTO T_MAED_PARAMETRO_RELACION(ID_PARAMETRO, ID_DETALLE, PARAMETROS, DETALLES) VALUES (6, 20, '4', '4');
INSERT INTO T_MAED_PARAMETRO_RELACION(ID_PARAMETRO, ID_DETALLE, PARAMETROS, DETALLES) VALUES (6, 21, '4', '4');
INSERT INTO T_MAED_PARAMETRO_RELACION(ID_PARAMETRO, ID_DETALLE, PARAMETROS, DETALLES) VALUES (6, 22, '4', '4');
INSERT INTO T_MAED_PARAMETRO_RELACION(ID_PARAMETRO, ID_DETALLE, PARAMETROS, DETALLES) VALUES (6, 23, '4', '4');
INSERT INTO T_MAED_PARAMETRO_RELACION(ID_PARAMETRO, ID_DETALLE, PARAMETROS, DETALLES) VALUES (6, 24, '4', '4');
INSERT INTO T_MAED_PARAMETRO_RELACION(ID_PARAMETRO, ID_DETALLE, PARAMETROS, DETALLES) VALUES (6, 25, '4', '4');
INSERT INTO T_MAED_PARAMETRO_RELACION(ID_PARAMETRO, ID_DETALLE, PARAMETROS, DETALLES) VALUES (6, 26, '4', '4');
INSERT INTO T_MAED_PARAMETRO_RELACION(ID_PARAMETRO, ID_DETALLE, PARAMETROS, DETALLES) VALUES (6, 27, '4', '4');
INSERT INTO T_MAED_PARAMETRO_RELACION(ID_PARAMETRO, ID_DETALLE, PARAMETROS, DETALLES) VALUES (6, 28, '4', '4');
INSERT INTO T_MAED_PARAMETRO_RELACION(ID_PARAMETRO, ID_DETALLE, PARAMETROS, DETALLES) VALUES (6, 29, '4', '4');
INSERT INTO T_MAED_PARAMETRO_RELACION(ID_PARAMETRO, ID_DETALLE, PARAMETROS, DETALLES) VALUES (6, 30, '4', '5');
INSERT INTO T_MAED_PARAMETRO_RELACION(ID_PARAMETRO, ID_DETALLE, PARAMETROS, DETALLES) VALUES (6, 31, '4', '6');
INSERT INTO T_MAED_PARAMETRO_RELACION(ID_PARAMETRO, ID_DETALLE, PARAMETROS, DETALLES) VALUES (6, 32, '4', '7');
INSERT INTO T_MAED_PARAMETRO_RELACION(ID_PARAMETRO, ID_DETALLE, PARAMETROS, DETALLES) VALUES (6, 33, '4', '8');

INSERT INTO T_MAED_PARAMETRO_RELACION(ID_PARAMETRO, ID_DETALLE, PARAMETROS, DETALLES) VALUES (7, 1, '6', '1');
INSERT INTO T_MAED_PARAMETRO_RELACION(ID_PARAMETRO, ID_DETALLE, PARAMETROS, DETALLES) VALUES (7, 2, '6', '1');
INSERT INTO T_MAED_PARAMETRO_RELACION(ID_PARAMETRO, ID_DETALLE, PARAMETROS, DETALLES) VALUES (7, 3, '6', '1');
INSERT INTO T_MAED_PARAMETRO_RELACION(ID_PARAMETRO, ID_DETALLE, PARAMETROS, DETALLES) VALUES (7, 4, '6', '1');
INSERT INTO T_MAED_PARAMETRO_RELACION(ID_PARAMETRO, ID_DETALLE, PARAMETROS, DETALLES) VALUES (7, 1, '6', '2');
INSERT INTO T_MAED_PARAMETRO_RELACION(ID_PARAMETRO, ID_DETALLE, PARAMETROS, DETALLES) VALUES (7, 2, '6', '2');
INSERT INTO T_MAED_PARAMETRO_RELACION(ID_PARAMETRO, ID_DETALLE, PARAMETROS, DETALLES) VALUES (7, 3, '6', '2');
INSERT INTO T_MAED_PARAMETRO_RELACION(ID_PARAMETRO, ID_DETALLE, PARAMETROS, DETALLES) VALUES (7, 4, '6', '2');
INSERT INTO T_MAED_PARAMETRO_RELACION(ID_PARAMETRO, ID_DETALLE, PARAMETROS, DETALLES) VALUES (7, 1, '6', '3');
INSERT INTO T_MAED_PARAMETRO_RELACION(ID_PARAMETRO, ID_DETALLE, PARAMETROS, DETALLES) VALUES (7, 2, '6', '3');
INSERT INTO T_MAED_PARAMETRO_RELACION(ID_PARAMETRO, ID_DETALLE, PARAMETROS, DETALLES) VALUES (7, 3, '6', '3');
INSERT INTO T_MAED_PARAMETRO_RELACION(ID_PARAMETRO, ID_DETALLE, PARAMETROS, DETALLES) VALUES (7, 4, '6', '3');
INSERT INTO T_MAED_PARAMETRO_RELACION(ID_PARAMETRO, ID_DETALLE, PARAMETROS, DETALLES) VALUES (7, 1, '6', '4');
INSERT INTO T_MAED_PARAMETRO_RELACION(ID_PARAMETRO, ID_DETALLE, PARAMETROS, DETALLES) VALUES (7, 2, '6', '4');
INSERT INTO T_MAED_PARAMETRO_RELACION(ID_PARAMETRO, ID_DETALLE, PARAMETROS, DETALLES) VALUES (7, 5, '6', '4');
INSERT INTO T_MAED_PARAMETRO_RELACION(ID_PARAMETRO, ID_DETALLE, PARAMETROS, DETALLES) VALUES (7, 4, '6', '4');
INSERT INTO T_MAED_PARAMETRO_RELACION(ID_PARAMETRO, ID_DETALLE, PARAMETROS, DETALLES) VALUES (7, 1, '6', '5');
INSERT INTO T_MAED_PARAMETRO_RELACION(ID_PARAMETRO, ID_DETALLE, PARAMETROS, DETALLES) VALUES (7, 2, '6', '5');
INSERT INTO T_MAED_PARAMETRO_RELACION(ID_PARAMETRO, ID_DETALLE, PARAMETROS, DETALLES) VALUES (7, 5, '6', '5');
INSERT INTO T_MAED_PARAMETRO_RELACION(ID_PARAMETRO, ID_DETALLE, PARAMETROS, DETALLES) VALUES (7, 4, '6', '5');
INSERT INTO T_MAED_PARAMETRO_RELACION(ID_PARAMETRO, ID_DETALLE, PARAMETROS, DETALLES) VALUES (7, 6, '6', '6');
INSERT INTO T_MAED_PARAMETRO_RELACION(ID_PARAMETRO, ID_DETALLE, PARAMETROS, DETALLES) VALUES (7, 7, '6', '6');
INSERT INTO T_MAED_PARAMETRO_RELACION(ID_PARAMETRO, ID_DETALLE, PARAMETROS, DETALLES) VALUES (7, 8, '6', '6');
INSERT INTO T_MAED_PARAMETRO_RELACION(ID_PARAMETRO, ID_DETALLE, PARAMETROS, DETALLES) VALUES (7, 9, '6', '6');
INSERT INTO T_MAED_PARAMETRO_RELACION(ID_PARAMETRO, ID_DETALLE, PARAMETROS, DETALLES) VALUES (7, 10, '6', '6');
INSERT INTO T_MAED_PARAMETRO_RELACION(ID_PARAMETRO, ID_DETALLE, PARAMETROS, DETALLES) VALUES (7, 6, '6', '7');
INSERT INTO T_MAED_PARAMETRO_RELACION(ID_PARAMETRO, ID_DETALLE, PARAMETROS, DETALLES) VALUES (7, 7, '6', '7');
INSERT INTO T_MAED_PARAMETRO_RELACION(ID_PARAMETRO, ID_DETALLE, PARAMETROS, DETALLES) VALUES (7, 8, '6', '7');
INSERT INTO T_MAED_PARAMETRO_RELACION(ID_PARAMETRO, ID_DETALLE, PARAMETROS, DETALLES) VALUES (7, 9, '6', '7');
INSERT INTO T_MAED_PARAMETRO_RELACION(ID_PARAMETRO, ID_DETALLE, PARAMETROS, DETALLES) VALUES (7, 10, '6', '7');
INSERT INTO T_MAED_PARAMETRO_RELACION(ID_PARAMETRO, ID_DETALLE, PARAMETROS, DETALLES) VALUES (7, 6, '6', '8');
INSERT INTO T_MAED_PARAMETRO_RELACION(ID_PARAMETRO, ID_DETALLE, PARAMETROS, DETALLES) VALUES (7, 7, '6', '8');
INSERT INTO T_MAED_PARAMETRO_RELACION(ID_PARAMETRO, ID_DETALLE, PARAMETROS, DETALLES) VALUES (7, 8, '6', '8');
INSERT INTO T_MAED_PARAMETRO_RELACION(ID_PARAMETRO, ID_DETALLE, PARAMETROS, DETALLES) VALUES (7, 9, '6', '8');
INSERT INTO T_MAED_PARAMETRO_RELACION(ID_PARAMETRO, ID_DETALLE, PARAMETROS, DETALLES) VALUES (7, 6, '6', '9');
INSERT INTO T_MAED_PARAMETRO_RELACION(ID_PARAMETRO, ID_DETALLE, PARAMETROS, DETALLES) VALUES (7, 7, '6', '9');
INSERT INTO T_MAED_PARAMETRO_RELACION(ID_PARAMETRO, ID_DETALLE, PARAMETROS, DETALLES) VALUES (7, 8, '6', '9');
INSERT INTO T_MAED_PARAMETRO_RELACION(ID_PARAMETRO, ID_DETALLE, PARAMETROS, DETALLES) VALUES (7, 9, '6', '9');
INSERT INTO T_MAED_PARAMETRO_RELACION(ID_PARAMETRO, ID_DETALLE, PARAMETROS, DETALLES) VALUES (7, 6, '6', '10');
INSERT INTO T_MAED_PARAMETRO_RELACION(ID_PARAMETRO, ID_DETALLE, PARAMETROS, DETALLES) VALUES (7, 7, '6', '10');
INSERT INTO T_MAED_PARAMETRO_RELACION(ID_PARAMETRO, ID_DETALLE, PARAMETROS, DETALLES) VALUES (7, 8, '6', '10');
INSERT INTO T_MAED_PARAMETRO_RELACION(ID_PARAMETRO, ID_DETALLE, PARAMETROS, DETALLES) VALUES (7, 9, '6', '10');
INSERT INTO T_MAED_PARAMETRO_RELACION(ID_PARAMETRO, ID_DETALLE, PARAMETROS, DETALLES) VALUES (7, 6, '6', '11');
INSERT INTO T_MAED_PARAMETRO_RELACION(ID_PARAMETRO, ID_DETALLE, PARAMETROS, DETALLES) VALUES (7, 7, '6', '11');
INSERT INTO T_MAED_PARAMETRO_RELACION(ID_PARAMETRO, ID_DETALLE, PARAMETROS, DETALLES) VALUES (7, 8, '6', '11');
INSERT INTO T_MAED_PARAMETRO_RELACION(ID_PARAMETRO, ID_DETALLE, PARAMETROS, DETALLES) VALUES (7, 9, '6', '11');
INSERT INTO T_MAED_PARAMETRO_RELACION(ID_PARAMETRO, ID_DETALLE, PARAMETROS, DETALLES) VALUES (7, 6, '6', '12');
INSERT INTO T_MAED_PARAMETRO_RELACION(ID_PARAMETRO, ID_DETALLE, PARAMETROS, DETALLES) VALUES (7, 7, '6', '12');
INSERT INTO T_MAED_PARAMETRO_RELACION(ID_PARAMETRO, ID_DETALLE, PARAMETROS, DETALLES) VALUES (7, 8, '6', '12');
INSERT INTO T_MAED_PARAMETRO_RELACION(ID_PARAMETRO, ID_DETALLE, PARAMETROS, DETALLES) VALUES (7, 9, '6', '12');
INSERT INTO T_MAED_PARAMETRO_RELACION(ID_PARAMETRO, ID_DETALLE, PARAMETROS, DETALLES) VALUES (7, 6, '6', '13');
INSERT INTO T_MAED_PARAMETRO_RELACION(ID_PARAMETRO, ID_DETALLE, PARAMETROS, DETALLES) VALUES (7, 7, '6', '13');
INSERT INTO T_MAED_PARAMETRO_RELACION(ID_PARAMETRO, ID_DETALLE, PARAMETROS, DETALLES) VALUES (7, 9, '6', '13');
INSERT INTO T_MAED_PARAMETRO_RELACION(ID_PARAMETRO, ID_DETALLE, PARAMETROS, DETALLES) VALUES (7, 6, '6', '14');
INSERT INTO T_MAED_PARAMETRO_RELACION(ID_PARAMETRO, ID_DETALLE, PARAMETROS, DETALLES) VALUES (7, 7, '6', '14');
INSERT INTO T_MAED_PARAMETRO_RELACION(ID_PARAMETRO, ID_DETALLE, PARAMETROS, DETALLES) VALUES (7, 8, '6', '14');
INSERT INTO T_MAED_PARAMETRO_RELACION(ID_PARAMETRO, ID_DETALLE, PARAMETROS, DETALLES) VALUES (7, 9, '6', '14');
INSERT INTO T_MAED_PARAMETRO_RELACION(ID_PARAMETRO, ID_DETALLE, PARAMETROS, DETALLES) VALUES (7, 4, '6', '14');
INSERT INTO T_MAED_PARAMETRO_RELACION(ID_PARAMETRO, ID_DETALLE, PARAMETROS, DETALLES) VALUES (7, 6, '6', '15');
INSERT INTO T_MAED_PARAMETRO_RELACION(ID_PARAMETRO, ID_DETALLE, PARAMETROS, DETALLES) VALUES (7, 7, '6', '15');
INSERT INTO T_MAED_PARAMETRO_RELACION(ID_PARAMETRO, ID_DETALLE, PARAMETROS, DETALLES) VALUES (7, 8, '6', '15');
INSERT INTO T_MAED_PARAMETRO_RELACION(ID_PARAMETRO, ID_DETALLE, PARAMETROS, DETALLES) VALUES (7, 9, '6', '15');
INSERT INTO T_MAED_PARAMETRO_RELACION(ID_PARAMETRO, ID_DETALLE, PARAMETROS, DETALLES) VALUES (7, 4, '6', '15');
INSERT INTO T_MAED_PARAMETRO_RELACION(ID_PARAMETRO, ID_DETALLE, PARAMETROS, DETALLES) VALUES (7, 6, '6', '16');
INSERT INTO T_MAED_PARAMETRO_RELACION(ID_PARAMETRO, ID_DETALLE, PARAMETROS, DETALLES) VALUES (7, 7, '6', '16');
INSERT INTO T_MAED_PARAMETRO_RELACION(ID_PARAMETRO, ID_DETALLE, PARAMETROS, DETALLES) VALUES (7, 8, '6', '16');
INSERT INTO T_MAED_PARAMETRO_RELACION(ID_PARAMETRO, ID_DETALLE, PARAMETROS, DETALLES) VALUES (7, 9, '6', '16');
INSERT INTO T_MAED_PARAMETRO_RELACION(ID_PARAMETRO, ID_DETALLE, PARAMETROS, DETALLES) VALUES (7, 6, '6', '17');
INSERT INTO T_MAED_PARAMETRO_RELACION(ID_PARAMETRO, ID_DETALLE, PARAMETROS, DETALLES) VALUES (7, 7, '6', '17');
INSERT INTO T_MAED_PARAMETRO_RELACION(ID_PARAMETRO, ID_DETALLE, PARAMETROS, DETALLES) VALUES (7, 8, '6', '17');
INSERT INTO T_MAED_PARAMETRO_RELACION(ID_PARAMETRO, ID_DETALLE, PARAMETROS, DETALLES) VALUES (7, 9, '6', '17');
INSERT INTO T_MAED_PARAMETRO_RELACION(ID_PARAMETRO, ID_DETALLE, PARAMETROS, DETALLES) VALUES (7, 4, '6', '17');
INSERT INTO T_MAED_PARAMETRO_RELACION(ID_PARAMETRO, ID_DETALLE, PARAMETROS, DETALLES) VALUES (7, 6, '6', '18');
INSERT INTO T_MAED_PARAMETRO_RELACION(ID_PARAMETRO, ID_DETALLE, PARAMETROS, DETALLES) VALUES (7, 7, '6', '18');
INSERT INTO T_MAED_PARAMETRO_RELACION(ID_PARAMETRO, ID_DETALLE, PARAMETROS, DETALLES) VALUES (7, 9, '6', '18');
INSERT INTO T_MAED_PARAMETRO_RELACION(ID_PARAMETRO, ID_DETALLE, PARAMETROS, DETALLES) VALUES (7, 4, '6', '18');
INSERT INTO T_MAED_PARAMETRO_RELACION(ID_PARAMETRO, ID_DETALLE, PARAMETROS, DETALLES) VALUES (7, 11, '6', '19');
INSERT INTO T_MAED_PARAMETRO_RELACION(ID_PARAMETRO, ID_DETALLE, PARAMETROS, DETALLES) VALUES (7, 12, '6', '19');
INSERT INTO T_MAED_PARAMETRO_RELACION(ID_PARAMETRO, ID_DETALLE, PARAMETROS, DETALLES) VALUES (7, 11, '6', '20');
INSERT INTO T_MAED_PARAMETRO_RELACION(ID_PARAMETRO, ID_DETALLE, PARAMETROS, DETALLES) VALUES (7, 12, '6', '20');
INSERT INTO T_MAED_PARAMETRO_RELACION(ID_PARAMETRO, ID_DETALLE, PARAMETROS, DETALLES) VALUES (7, 11, '6', '21');
INSERT INTO T_MAED_PARAMETRO_RELACION(ID_PARAMETRO, ID_DETALLE, PARAMETROS, DETALLES) VALUES (7, 12, '6', '21');
INSERT INTO T_MAED_PARAMETRO_RELACION(ID_PARAMETRO, ID_DETALLE, PARAMETROS, DETALLES) VALUES (7, 11, '6', '22');
INSERT INTO T_MAED_PARAMETRO_RELACION(ID_PARAMETRO, ID_DETALLE, PARAMETROS, DETALLES) VALUES (7, 12, '6', '22');
INSERT INTO T_MAED_PARAMETRO_RELACION(ID_PARAMETRO, ID_DETALLE, PARAMETROS, DETALLES) VALUES (7, 11, '6', '23');
INSERT INTO T_MAED_PARAMETRO_RELACION(ID_PARAMETRO, ID_DETALLE, PARAMETROS, DETALLES) VALUES (7, 11, '6', '24');
INSERT INTO T_MAED_PARAMETRO_RELACION(ID_PARAMETRO, ID_DETALLE, PARAMETROS, DETALLES) VALUES (7, 11, '6', '25');
INSERT INTO T_MAED_PARAMETRO_RELACION(ID_PARAMETRO, ID_DETALLE, PARAMETROS, DETALLES) VALUES (7, 12, '6', '25');
INSERT INTO T_MAED_PARAMETRO_RELACION(ID_PARAMETRO, ID_DETALLE, PARAMETROS, DETALLES) VALUES (7, 11, '6', '26');
INSERT INTO T_MAED_PARAMETRO_RELACION(ID_PARAMETRO, ID_DETALLE, PARAMETROS, DETALLES) VALUES (7, 11, '6', '27');
INSERT INTO T_MAED_PARAMETRO_RELACION(ID_PARAMETRO, ID_DETALLE, PARAMETROS, DETALLES) VALUES (7, 12, '6', '27');
INSERT INTO T_MAED_PARAMETRO_RELACION(ID_PARAMETRO, ID_DETALLE, PARAMETROS, DETALLES) VALUES (7, 11, '6', '28');
INSERT INTO T_MAED_PARAMETRO_RELACION(ID_PARAMETRO, ID_DETALLE, PARAMETROS, DETALLES) VALUES (7, 11, '6', '29');
INSERT INTO T_MAED_PARAMETRO_RELACION(ID_PARAMETRO, ID_DETALLE, PARAMETROS, DETALLES) VALUES (7, 6, '6', '30');
INSERT INTO T_MAED_PARAMETRO_RELACION(ID_PARAMETRO, ID_DETALLE, PARAMETROS, DETALLES) VALUES (7, 7, '6', '30');
INSERT INTO T_MAED_PARAMETRO_RELACION(ID_PARAMETRO, ID_DETALLE, PARAMETROS, DETALLES) VALUES (7, 8, '6', '30');
INSERT INTO T_MAED_PARAMETRO_RELACION(ID_PARAMETRO, ID_DETALLE, PARAMETROS, DETALLES) VALUES (7, 9, '6', '30');
INSERT INTO T_MAED_PARAMETRO_RELACION(ID_PARAMETRO, ID_DETALLE, PARAMETROS, DETALLES) VALUES (7, 4, '6', '30');
INSERT INTO T_MAED_PARAMETRO_RELACION(ID_PARAMETRO, ID_DETALLE, PARAMETROS, DETALLES) VALUES (7, 6, '6', '31');
INSERT INTO T_MAED_PARAMETRO_RELACION(ID_PARAMETRO, ID_DETALLE, PARAMETROS, DETALLES) VALUES (7, 7, '6', '31');
INSERT INTO T_MAED_PARAMETRO_RELACION(ID_PARAMETRO, ID_DETALLE, PARAMETROS, DETALLES) VALUES (7, 8, '6', '31');
INSERT INTO T_MAED_PARAMETRO_RELACION(ID_PARAMETRO, ID_DETALLE, PARAMETROS, DETALLES) VALUES (7, 9, '6', '31');
INSERT INTO T_MAED_PARAMETRO_RELACION(ID_PARAMETRO, ID_DETALLE, PARAMETROS, DETALLES) VALUES (7, 4, '6', '31');
INSERT INTO T_MAED_PARAMETRO_RELACION(ID_PARAMETRO, ID_DETALLE, PARAMETROS, DETALLES) VALUES (7, 6, '6', '32');
INSERT INTO T_MAED_PARAMETRO_RELACION(ID_PARAMETRO, ID_DETALLE, PARAMETROS, DETALLES) VALUES (7, 7, '6', '32');
INSERT INTO T_MAED_PARAMETRO_RELACION(ID_PARAMETRO, ID_DETALLE, PARAMETROS, DETALLES) VALUES (7, 8, '6', '32');
INSERT INTO T_MAED_PARAMETRO_RELACION(ID_PARAMETRO, ID_DETALLE, PARAMETROS, DETALLES) VALUES (7, 9, '6', '32');
INSERT INTO T_MAED_PARAMETRO_RELACION(ID_PARAMETRO, ID_DETALLE, PARAMETROS, DETALLES) VALUES (7, 4, '6', '32');
INSERT INTO T_MAED_PARAMETRO_RELACION(ID_PARAMETRO, ID_DETALLE, PARAMETROS, DETALLES) VALUES (7, 6, '6', '33');
INSERT INTO T_MAED_PARAMETRO_RELACION(ID_PARAMETRO, ID_DETALLE, PARAMETROS, DETALLES) VALUES (7, 7, '6', '33');
INSERT INTO T_MAED_PARAMETRO_RELACION(ID_PARAMETRO, ID_DETALLE, PARAMETROS, DETALLES) VALUES (7, 8, '6', '33');
INSERT INTO T_MAED_PARAMETRO_RELACION(ID_PARAMETRO, ID_DETALLE, PARAMETROS, DETALLES) VALUES (7, 9, '6', '33');
INSERT INTO T_MAED_PARAMETRO_RELACION(ID_PARAMETRO, ID_DETALLE, PARAMETROS, DETALLES) VALUES (7, 4, '6', '33');

INSERT INTO T_MAED_PARAMETRO_RELACION(ID_PARAMETRO, ID_DETALLE, PARAMETROS, DETALLES) VALUES (9, 1, '6|7', '1|1');
INSERT INTO T_MAED_PARAMETRO_RELACION(ID_PARAMETRO, ID_DETALLE, PARAMETROS, DETALLES) VALUES (9, 2, '6|7', '1|2');
INSERT INTO T_MAED_PARAMETRO_RELACION(ID_PARAMETRO, ID_DETALLE, PARAMETROS, DETALLES) VALUES (9, 3, '6|7', '1|3');
INSERT INTO T_MAED_PARAMETRO_RELACION(ID_PARAMETRO, ID_DETALLE, PARAMETROS, DETALLES) VALUES (9, 4, '6|7', '1|4');
INSERT INTO T_MAED_PARAMETRO_RELACION(ID_PARAMETRO, ID_DETALLE, PARAMETROS, DETALLES) VALUES (9, 1, '6|7', '2|1');
INSERT INTO T_MAED_PARAMETRO_RELACION(ID_PARAMETRO, ID_DETALLE, PARAMETROS, DETALLES) VALUES (9, 2, '6|7', '2|2');
INSERT INTO T_MAED_PARAMETRO_RELACION(ID_PARAMETRO, ID_DETALLE, PARAMETROS, DETALLES) VALUES (9, 3, '6|7', '2|3');
INSERT INTO T_MAED_PARAMETRO_RELACION(ID_PARAMETRO, ID_DETALLE, PARAMETROS, DETALLES) VALUES (9, 4, '6|7', '2|4');
INSERT INTO T_MAED_PARAMETRO_RELACION(ID_PARAMETRO, ID_DETALLE, PARAMETROS, DETALLES) VALUES (9, 1, '6|7', '3|1');
INSERT INTO T_MAED_PARAMETRO_RELACION(ID_PARAMETRO, ID_DETALLE, PARAMETROS, DETALLES) VALUES (9, 2, '6|7', '3|2');
INSERT INTO T_MAED_PARAMETRO_RELACION(ID_PARAMETRO, ID_DETALLE, PARAMETROS, DETALLES) VALUES (9, 3, '6|7', '3|3');
INSERT INTO T_MAED_PARAMETRO_RELACION(ID_PARAMETRO, ID_DETALLE, PARAMETROS, DETALLES) VALUES (9, 4, '6|7', '3|4');
INSERT INTO T_MAED_PARAMETRO_RELACION(ID_PARAMETRO, ID_DETALLE, PARAMETROS, DETALLES) VALUES (9, 1, '6|7', '4|1');
INSERT INTO T_MAED_PARAMETRO_RELACION(ID_PARAMETRO, ID_DETALLE, PARAMETROS, DETALLES) VALUES (9, 2, '6|7', '4|2');
INSERT INTO T_MAED_PARAMETRO_RELACION(ID_PARAMETRO, ID_DETALLE, PARAMETROS, DETALLES) VALUES (9, 5, '6|7', '4|5');
INSERT INTO T_MAED_PARAMETRO_RELACION(ID_PARAMETRO, ID_DETALLE, PARAMETROS, DETALLES) VALUES (9, 1, '6|7', '4|4');
INSERT INTO T_MAED_PARAMETRO_RELACION(ID_PARAMETRO, ID_DETALLE, PARAMETROS, DETALLES) VALUES (9, 2, '6|7', '5|1');
INSERT INTO T_MAED_PARAMETRO_RELACION(ID_PARAMETRO, ID_DETALLE, PARAMETROS, DETALLES) VALUES (9, 5, '6|7', '5|2');
INSERT INTO T_MAED_PARAMETRO_RELACION(ID_PARAMETRO, ID_DETALLE, PARAMETROS, DETALLES) VALUES (9, 4, '6|7', '5|5');
INSERT INTO T_MAED_PARAMETRO_RELACION(ID_PARAMETRO, ID_DETALLE, PARAMETROS, DETALLES) VALUES (9, 4, '6|7', '5|4');
INSERT INTO T_MAED_PARAMETRO_RELACION(ID_PARAMETRO, ID_DETALLE, PARAMETROS, DETALLES) VALUES (9, 6, '6|7', '6|6');
INSERT INTO T_MAED_PARAMETRO_RELACION(ID_PARAMETRO, ID_DETALLE, PARAMETROS, DETALLES) VALUES (9, 7, '6|7', '6|6');
INSERT INTO T_MAED_PARAMETRO_RELACION(ID_PARAMETRO, ID_DETALLE, PARAMETROS, DETALLES) VALUES (9, 6, '6|7', '6|7');
INSERT INTO T_MAED_PARAMETRO_RELACION(ID_PARAMETRO, ID_DETALLE, PARAMETROS, DETALLES) VALUES (9, 7, '6|7', '6|7');
INSERT INTO T_MAED_PARAMETRO_RELACION(ID_PARAMETRO, ID_DETALLE, PARAMETROS, DETALLES) VALUES (9, 6, '6|7', '6|8');
INSERT INTO T_MAED_PARAMETRO_RELACION(ID_PARAMETRO, ID_DETALLE, PARAMETROS, DETALLES) VALUES (9, 7, '6|7', '6|8');
INSERT INTO T_MAED_PARAMETRO_RELACION(ID_PARAMETRO, ID_DETALLE, PARAMETROS, DETALLES) VALUES (9, 8, '6|7', '6|9');
INSERT INTO T_MAED_PARAMETRO_RELACION(ID_PARAMETRO, ID_DETALLE, PARAMETROS, DETALLES) VALUES (9, 9, '6|7', '6|9');
INSERT INTO T_MAED_PARAMETRO_RELACION(ID_PARAMETRO, ID_DETALLE, PARAMETROS, DETALLES) VALUES (9, 6, '6|7', '6|10');
INSERT INTO T_MAED_PARAMETRO_RELACION(ID_PARAMETRO, ID_DETALLE, PARAMETROS, DETALLES) VALUES (9, 7, '6|7', '6|10');
INSERT INTO T_MAED_PARAMETRO_RELACION(ID_PARAMETRO, ID_DETALLE, PARAMETROS, DETALLES) VALUES (9, 6, '6|7', '7|6');
INSERT INTO T_MAED_PARAMETRO_RELACION(ID_PARAMETRO, ID_DETALLE, PARAMETROS, DETALLES) VALUES (9, 7, '6|7', '7|6');
INSERT INTO T_MAED_PARAMETRO_RELACION(ID_PARAMETRO, ID_DETALLE, PARAMETROS, DETALLES) VALUES (9, 6, '6|7', '7|7');
INSERT INTO T_MAED_PARAMETRO_RELACION(ID_PARAMETRO, ID_DETALLE, PARAMETROS, DETALLES) VALUES (9, 7, '6|7', '7|7');
INSERT INTO T_MAED_PARAMETRO_RELACION(ID_PARAMETRO, ID_DETALLE, PARAMETROS, DETALLES) VALUES (9, 6, '6|7', '7|8');
INSERT INTO T_MAED_PARAMETRO_RELACION(ID_PARAMETRO, ID_DETALLE, PARAMETROS, DETALLES) VALUES (9, 7, '6|7', '7|8');
INSERT INTO T_MAED_PARAMETRO_RELACION(ID_PARAMETRO, ID_DETALLE, PARAMETROS, DETALLES) VALUES (9, 8, '6|7', '7|9');
INSERT INTO T_MAED_PARAMETRO_RELACION(ID_PARAMETRO, ID_DETALLE, PARAMETROS, DETALLES) VALUES (9, 9, '6|7', '7|9');
INSERT INTO T_MAED_PARAMETRO_RELACION(ID_PARAMETRO, ID_DETALLE, PARAMETROS, DETALLES) VALUES (9, 6, '6|7', '7|10');
INSERT INTO T_MAED_PARAMETRO_RELACION(ID_PARAMETRO, ID_DETALLE, PARAMETROS, DETALLES) VALUES (9, 7, '6|7', '7|10');
INSERT INTO T_MAED_PARAMETRO_RELACION(ID_PARAMETRO, ID_DETALLE, PARAMETROS, DETALLES) VALUES (9, 6, '6|7', '8|6');
INSERT INTO T_MAED_PARAMETRO_RELACION(ID_PARAMETRO, ID_DETALLE, PARAMETROS, DETALLES) VALUES (9, 7, '6|7', '8|6');
INSERT INTO T_MAED_PARAMETRO_RELACION(ID_PARAMETRO, ID_DETALLE, PARAMETROS, DETALLES) VALUES (9, 6, '6|7', '8|7');
INSERT INTO T_MAED_PARAMETRO_RELACION(ID_PARAMETRO, ID_DETALLE, PARAMETROS, DETALLES) VALUES (9, 7, '6|7', '8|7');
INSERT INTO T_MAED_PARAMETRO_RELACION(ID_PARAMETRO, ID_DETALLE, PARAMETROS, DETALLES) VALUES (9, 6, '6|7', '8|8');
INSERT INTO T_MAED_PARAMETRO_RELACION(ID_PARAMETRO, ID_DETALLE, PARAMETROS, DETALLES) VALUES (9, 7, '6|7', '8|8');
INSERT INTO T_MAED_PARAMETRO_RELACION(ID_PARAMETRO, ID_DETALLE, PARAMETROS, DETALLES) VALUES (9, 8, '6|7', '8|9');
INSERT INTO T_MAED_PARAMETRO_RELACION(ID_PARAMETRO, ID_DETALLE, PARAMETROS, DETALLES) VALUES (9, 9, '6|7', '8|9');
INSERT INTO T_MAED_PARAMETRO_RELACION(ID_PARAMETRO, ID_DETALLE, PARAMETROS, DETALLES) VALUES (9, 6, '6|7', '9|6');
INSERT INTO T_MAED_PARAMETRO_RELACION(ID_PARAMETRO, ID_DETALLE, PARAMETROS, DETALLES) VALUES (9, 7, '6|7', '9|6');
INSERT INTO T_MAED_PARAMETRO_RELACION(ID_PARAMETRO, ID_DETALLE, PARAMETROS, DETALLES) VALUES (9, 6, '6|7', '9|7');
INSERT INTO T_MAED_PARAMETRO_RELACION(ID_PARAMETRO, ID_DETALLE, PARAMETROS, DETALLES) VALUES (9, 7, '6|7', '9|7');
INSERT INTO T_MAED_PARAMETRO_RELACION(ID_PARAMETRO, ID_DETALLE, PARAMETROS, DETALLES) VALUES (9, 6, '6|7', '9|8');
INSERT INTO T_MAED_PARAMETRO_RELACION(ID_PARAMETRO, ID_DETALLE, PARAMETROS, DETALLES) VALUES (9, 7, '6|7', '9|8');
INSERT INTO T_MAED_PARAMETRO_RELACION(ID_PARAMETRO, ID_DETALLE, PARAMETROS, DETALLES) VALUES (9, 8, '6|7', '9|9');
INSERT INTO T_MAED_PARAMETRO_RELACION(ID_PARAMETRO, ID_DETALLE, PARAMETROS, DETALLES) VALUES (9, 9, '6|7', '9|9');
INSERT INTO T_MAED_PARAMETRO_RELACION(ID_PARAMETRO, ID_DETALLE, PARAMETROS, DETALLES) VALUES (9, 6, '6|7', '10|6');
INSERT INTO T_MAED_PARAMETRO_RELACION(ID_PARAMETRO, ID_DETALLE, PARAMETROS, DETALLES) VALUES (9, 7, '6|7', '10|6');
INSERT INTO T_MAED_PARAMETRO_RELACION(ID_PARAMETRO, ID_DETALLE, PARAMETROS, DETALLES) VALUES (9, 6, '6|7', '10|7');
INSERT INTO T_MAED_PARAMETRO_RELACION(ID_PARAMETRO, ID_DETALLE, PARAMETROS, DETALLES) VALUES (9, 7, '6|7', '10|7');
INSERT INTO T_MAED_PARAMETRO_RELACION(ID_PARAMETRO, ID_DETALLE, PARAMETROS, DETALLES) VALUES (9, 6, '6|7', '10|8');
INSERT INTO T_MAED_PARAMETRO_RELACION(ID_PARAMETRO, ID_DETALLE, PARAMETROS, DETALLES) VALUES (9, 7, '6|7', '10|8');
INSERT INTO T_MAED_PARAMETRO_RELACION(ID_PARAMETRO, ID_DETALLE, PARAMETROS, DETALLES) VALUES (9, 8, '6|7', '10|9');
INSERT INTO T_MAED_PARAMETRO_RELACION(ID_PARAMETRO, ID_DETALLE, PARAMETROS, DETALLES) VALUES (9, 9, '6|7', '10|9');
INSERT INTO T_MAED_PARAMETRO_RELACION(ID_PARAMETRO, ID_DETALLE, PARAMETROS, DETALLES) VALUES (9, 6, '6|7', '11|6');
INSERT INTO T_MAED_PARAMETRO_RELACION(ID_PARAMETRO, ID_DETALLE, PARAMETROS, DETALLES) VALUES (9, 7, '6|7', '11|6');
INSERT INTO T_MAED_PARAMETRO_RELACION(ID_PARAMETRO, ID_DETALLE, PARAMETROS, DETALLES) VALUES (9, 6, '6|7', '11|7');
INSERT INTO T_MAED_PARAMETRO_RELACION(ID_PARAMETRO, ID_DETALLE, PARAMETROS, DETALLES) VALUES (9, 7, '6|7', '11|7');
INSERT INTO T_MAED_PARAMETRO_RELACION(ID_PARAMETRO, ID_DETALLE, PARAMETROS, DETALLES) VALUES (9, 6, '6|7', '11|8');
INSERT INTO T_MAED_PARAMETRO_RELACION(ID_PARAMETRO, ID_DETALLE, PARAMETROS, DETALLES) VALUES (9, 7, '6|7', '11|8');
INSERT INTO T_MAED_PARAMETRO_RELACION(ID_PARAMETRO, ID_DETALLE, PARAMETROS, DETALLES) VALUES (9, 8, '6|7', '11|9');
INSERT INTO T_MAED_PARAMETRO_RELACION(ID_PARAMETRO, ID_DETALLE, PARAMETROS, DETALLES) VALUES (9, 9, '6|7', '11|9');
INSERT INTO T_MAED_PARAMETRO_RELACION(ID_PARAMETRO, ID_DETALLE, PARAMETROS, DETALLES) VALUES (9, 6, '6|7', '12|6');
INSERT INTO T_MAED_PARAMETRO_RELACION(ID_PARAMETRO, ID_DETALLE, PARAMETROS, DETALLES) VALUES (9, 7, '6|7', '12|6');
INSERT INTO T_MAED_PARAMETRO_RELACION(ID_PARAMETRO, ID_DETALLE, PARAMETROS, DETALLES) VALUES (9, 6, '6|7', '12|7');
INSERT INTO T_MAED_PARAMETRO_RELACION(ID_PARAMETRO, ID_DETALLE, PARAMETROS, DETALLES) VALUES (9, 7, '6|7', '12|7');
INSERT INTO T_MAED_PARAMETRO_RELACION(ID_PARAMETRO, ID_DETALLE, PARAMETROS, DETALLES) VALUES (9, 6, '6|7', '12|8');
INSERT INTO T_MAED_PARAMETRO_RELACION(ID_PARAMETRO, ID_DETALLE, PARAMETROS, DETALLES) VALUES (9, 7, '6|7', '12|8');
INSERT INTO T_MAED_PARAMETRO_RELACION(ID_PARAMETRO, ID_DETALLE, PARAMETROS, DETALLES) VALUES (9, 8, '6|7', '12|9');
INSERT INTO T_MAED_PARAMETRO_RELACION(ID_PARAMETRO, ID_DETALLE, PARAMETROS, DETALLES) VALUES (9, 9, '6|7', '12|9');
INSERT INTO T_MAED_PARAMETRO_RELACION(ID_PARAMETRO, ID_DETALLE, PARAMETROS, DETALLES) VALUES (9, 6, '6|7', '13|6');
INSERT INTO T_MAED_PARAMETRO_RELACION(ID_PARAMETRO, ID_DETALLE, PARAMETROS, DETALLES) VALUES (9, 6, '6|7', '13|7');
INSERT INTO T_MAED_PARAMETRO_RELACION(ID_PARAMETRO, ID_DETALLE, PARAMETROS, DETALLES) VALUES (9, 8, '6|7', '13|9');
INSERT INTO T_MAED_PARAMETRO_RELACION(ID_PARAMETRO, ID_DETALLE, PARAMETROS, DETALLES) VALUES (9, 10, '6|7', '14|6');
INSERT INTO T_MAED_PARAMETRO_RELACION(ID_PARAMETRO, ID_DETALLE, PARAMETROS, DETALLES) VALUES (9, 11, '6|7', '14|6');
INSERT INTO T_MAED_PARAMETRO_RELACION(ID_PARAMETRO, ID_DETALLE, PARAMETROS, DETALLES) VALUES (9, 12, '6|7', '14|6');
INSERT INTO T_MAED_PARAMETRO_RELACION(ID_PARAMETRO, ID_DETALLE, PARAMETROS, DETALLES) VALUES (9, 10, '6|7', '14|7');
INSERT INTO T_MAED_PARAMETRO_RELACION(ID_PARAMETRO, ID_DETALLE, PARAMETROS, DETALLES) VALUES (9, 11, '6|7', '14|7');
INSERT INTO T_MAED_PARAMETRO_RELACION(ID_PARAMETRO, ID_DETALLE, PARAMETROS, DETALLES) VALUES (9, 12, '6|7', '14|7');
INSERT INTO T_MAED_PARAMETRO_RELACION(ID_PARAMETRO, ID_DETALLE, PARAMETROS, DETALLES) VALUES (9, 10, '6|7', '14|8');
INSERT INTO T_MAED_PARAMETRO_RELACION(ID_PARAMETRO, ID_DETALLE, PARAMETROS, DETALLES) VALUES (9, 11, '6|7', '14|8');
INSERT INTO T_MAED_PARAMETRO_RELACION(ID_PARAMETRO, ID_DETALLE, PARAMETROS, DETALLES) VALUES (9, 12, '6|7', '14|8');
INSERT INTO T_MAED_PARAMETRO_RELACION(ID_PARAMETRO, ID_DETALLE, PARAMETROS, DETALLES) VALUES (9, 13, '6|7', '14|9');
INSERT INTO T_MAED_PARAMETRO_RELACION(ID_PARAMETRO, ID_DETALLE, PARAMETROS, DETALLES) VALUES (9, 14, '6|7', '14|9');
INSERT INTO T_MAED_PARAMETRO_RELACION(ID_PARAMETRO, ID_DETALLE, PARAMETROS, DETALLES) VALUES (9, 15, '6|7', '14|9');
INSERT INTO T_MAED_PARAMETRO_RELACION(ID_PARAMETRO, ID_DETALLE, PARAMETROS, DETALLES) VALUES (9, 16, '6|7', '14|4');
INSERT INTO T_MAED_PARAMETRO_RELACION(ID_PARAMETRO, ID_DETALLE, PARAMETROS, DETALLES) VALUES (9, 17, '6|7', '15|6');
INSERT INTO T_MAED_PARAMETRO_RELACION(ID_PARAMETRO, ID_DETALLE, PARAMETROS, DETALLES) VALUES (9, 11, '6|7', '15|6');
INSERT INTO T_MAED_PARAMETRO_RELACION(ID_PARAMETRO, ID_DETALLE, PARAMETROS, DETALLES) VALUES (9, 12, '6|7', '15|6');
INSERT INTO T_MAED_PARAMETRO_RELACION(ID_PARAMETRO, ID_DETALLE, PARAMETROS, DETALLES) VALUES (9, 17, '6|7', '15|7');
INSERT INTO T_MAED_PARAMETRO_RELACION(ID_PARAMETRO, ID_DETALLE, PARAMETROS, DETALLES) VALUES (9, 11, '6|7', '15|7');
INSERT INTO T_MAED_PARAMETRO_RELACION(ID_PARAMETRO, ID_DETALLE, PARAMETROS, DETALLES) VALUES (9, 12, '6|7', '15|7');
INSERT INTO T_MAED_PARAMETRO_RELACION(ID_PARAMETRO, ID_DETALLE, PARAMETROS, DETALLES) VALUES (9, 17, '6|7', '15|8');
INSERT INTO T_MAED_PARAMETRO_RELACION(ID_PARAMETRO, ID_DETALLE, PARAMETROS, DETALLES) VALUES (9, 11, '6|7', '15|8');
INSERT INTO T_MAED_PARAMETRO_RELACION(ID_PARAMETRO, ID_DETALLE, PARAMETROS, DETALLES) VALUES (9, 12, '6|7', '15|8');
INSERT INTO T_MAED_PARAMETRO_RELACION(ID_PARAMETRO, ID_DETALLE, PARAMETROS, DETALLES) VALUES (9, 18, '6|7', '15|9');
INSERT INTO T_MAED_PARAMETRO_RELACION(ID_PARAMETRO, ID_DETALLE, PARAMETROS, DETALLES) VALUES (9, 14, '6|7', '15|9');
INSERT INTO T_MAED_PARAMETRO_RELACION(ID_PARAMETRO, ID_DETALLE, PARAMETROS, DETALLES) VALUES (9, 15, '6|7', '15|9');
INSERT INTO T_MAED_PARAMETRO_RELACION(ID_PARAMETRO, ID_DETALLE, PARAMETROS, DETALLES) VALUES (9, 16, '6|7', '15|4');
INSERT INTO T_MAED_PARAMETRO_RELACION(ID_PARAMETRO, ID_DETALLE, PARAMETROS, DETALLES) VALUES (9, 12, '6|7', '16|6');
INSERT INTO T_MAED_PARAMETRO_RELACION(ID_PARAMETRO, ID_DETALLE, PARAMETROS, DETALLES) VALUES (9, 12, '6|7', '16|7');
INSERT INTO T_MAED_PARAMETRO_RELACION(ID_PARAMETRO, ID_DETALLE, PARAMETROS, DETALLES) VALUES (9, 12, '6|7', '16|8');
INSERT INTO T_MAED_PARAMETRO_RELACION(ID_PARAMETRO, ID_DETALLE, PARAMETROS, DETALLES) VALUES (9, 15, '6|7', '16|9');
INSERT INTO T_MAED_PARAMETRO_RELACION(ID_PARAMETRO, ID_DETALLE, PARAMETROS, DETALLES) VALUES (9, 10, '6|7', '17|6');
INSERT INTO T_MAED_PARAMETRO_RELACION(ID_PARAMETRO, ID_DETALLE, PARAMETROS, DETALLES) VALUES (9, 19, '6|7', '17|6');
INSERT INTO T_MAED_PARAMETRO_RELACION(ID_PARAMETRO, ID_DETALLE, PARAMETROS, DETALLES) VALUES (9, 12, '6|7', '17|6');
INSERT INTO T_MAED_PARAMETRO_RELACION(ID_PARAMETRO, ID_DETALLE, PARAMETROS, DETALLES) VALUES (9, 10, '6|7', '17|7');
INSERT INTO T_MAED_PARAMETRO_RELACION(ID_PARAMETRO, ID_DETALLE, PARAMETROS, DETALLES) VALUES (9, 19, '6|7', '17|7');
INSERT INTO T_MAED_PARAMETRO_RELACION(ID_PARAMETRO, ID_DETALLE, PARAMETROS, DETALLES) VALUES (9, 12, '6|7', '17|7');
INSERT INTO T_MAED_PARAMETRO_RELACION(ID_PARAMETRO, ID_DETALLE, PARAMETROS, DETALLES) VALUES (9, 10, '6|7', '17|8');
INSERT INTO T_MAED_PARAMETRO_RELACION(ID_PARAMETRO, ID_DETALLE, PARAMETROS, DETALLES) VALUES (9, 19, '6|7', '17|8');
INSERT INTO T_MAED_PARAMETRO_RELACION(ID_PARAMETRO, ID_DETALLE, PARAMETROS, DETALLES) VALUES (9, 12, '6|7', '17|8');
INSERT INTO T_MAED_PARAMETRO_RELACION(ID_PARAMETRO, ID_DETALLE, PARAMETROS, DETALLES) VALUES (9, 13, '6|7', '17|9');
INSERT INTO T_MAED_PARAMETRO_RELACION(ID_PARAMETRO, ID_DETALLE, PARAMETROS, DETALLES) VALUES (9, 20, '6|7', '17|9');
INSERT INTO T_MAED_PARAMETRO_RELACION(ID_PARAMETRO, ID_DETALLE, PARAMETROS, DETALLES) VALUES (9, 15, '6|7', '17|9');
INSERT INTO T_MAED_PARAMETRO_RELACION(ID_PARAMETRO, ID_DETALLE, PARAMETROS, DETALLES) VALUES (9, 16, '6|7', '17|4');
INSERT INTO T_MAED_PARAMETRO_RELACION(ID_PARAMETRO, ID_DETALLE, PARAMETROS, DETALLES) VALUES (9, 21, '6|7', '18|6');
INSERT INTO T_MAED_PARAMETRO_RELACION(ID_PARAMETRO, ID_DETALLE, PARAMETROS, DETALLES) VALUES (9, 12, '6|7', '18|6');
INSERT INTO T_MAED_PARAMETRO_RELACION(ID_PARAMETRO, ID_DETALLE, PARAMETROS, DETALLES) VALUES (9, 21, '6|7', '18|7');
INSERT INTO T_MAED_PARAMETRO_RELACION(ID_PARAMETRO, ID_DETALLE, PARAMETROS, DETALLES) VALUES (9, 12, '6|7', '18|7');
INSERT INTO T_MAED_PARAMETRO_RELACION(ID_PARAMETRO, ID_DETALLE, PARAMETROS, DETALLES) VALUES (9, 22, '6|7', '18|9');
INSERT INTO T_MAED_PARAMETRO_RELACION(ID_PARAMETRO, ID_DETALLE, PARAMETROS, DETALLES) VALUES (9, 15, '6|7', '18|9');
INSERT INTO T_MAED_PARAMETRO_RELACION(ID_PARAMETRO, ID_DETALLE, PARAMETROS, DETALLES) VALUES (9, 16, '6|7', '18|4');
INSERT INTO T_MAED_PARAMETRO_RELACION(ID_PARAMETRO, ID_DETALLE, PARAMETROS, DETALLES) VALUES (9, 23, '6|7', '19|11');
INSERT INTO T_MAED_PARAMETRO_RELACION(ID_PARAMETRO, ID_DETALLE, PARAMETROS, DETALLES) VALUES (9, 24, '6|7', '19|11');
INSERT INTO T_MAED_PARAMETRO_RELACION(ID_PARAMETRO, ID_DETALLE, PARAMETROS, DETALLES) VALUES (9, 25, '6|7', '19|12');
INSERT INTO T_MAED_PARAMETRO_RELACION(ID_PARAMETRO, ID_DETALLE, PARAMETROS, DETALLES) VALUES (9, 23, '6|7', '20|11');
INSERT INTO T_MAED_PARAMETRO_RELACION(ID_PARAMETRO, ID_DETALLE, PARAMETROS, DETALLES) VALUES (9, 24, '6|7', '20|11');
INSERT INTO T_MAED_PARAMETRO_RELACION(ID_PARAMETRO, ID_DETALLE, PARAMETROS, DETALLES) VALUES (9, 25, '6|7', '20|12');
INSERT INTO T_MAED_PARAMETRO_RELACION(ID_PARAMETRO, ID_DETALLE, PARAMETROS, DETALLES) VALUES (9, 23, '6|7', '21|11');
INSERT INTO T_MAED_PARAMETRO_RELACION(ID_PARAMETRO, ID_DETALLE, PARAMETROS, DETALLES) VALUES (9, 24, '6|7', '21|11');
INSERT INTO T_MAED_PARAMETRO_RELACION(ID_PARAMETRO, ID_DETALLE, PARAMETROS, DETALLES) VALUES (9, 25, '6|7', '21|12');
INSERT INTO T_MAED_PARAMETRO_RELACION(ID_PARAMETRO, ID_DETALLE, PARAMETROS, DETALLES) VALUES (9, 23, '6|7', '22|11');
INSERT INTO T_MAED_PARAMETRO_RELACION(ID_PARAMETRO, ID_DETALLE, PARAMETROS, DETALLES) VALUES (9, 24, '6|7', '22|11');
INSERT INTO T_MAED_PARAMETRO_RELACION(ID_PARAMETRO, ID_DETALLE, PARAMETROS, DETALLES) VALUES (9, 25, '6|7', '22|12');
INSERT INTO T_MAED_PARAMETRO_RELACION(ID_PARAMETRO, ID_DETALLE, PARAMETROS, DETALLES) VALUES (9, 23, '6|7', '23|11');
INSERT INTO T_MAED_PARAMETRO_RELACION(ID_PARAMETRO, ID_DETALLE, PARAMETROS, DETALLES) VALUES (9, 24, '6|7', '23|11');
INSERT INTO T_MAED_PARAMETRO_RELACION(ID_PARAMETRO, ID_DETALLE, PARAMETROS, DETALLES) VALUES (9, 23, '6|7', '24|11');
INSERT INTO T_MAED_PARAMETRO_RELACION(ID_PARAMETRO, ID_DETALLE, PARAMETROS, DETALLES) VALUES (9, 24, '6|7', '24|11');
INSERT INTO T_MAED_PARAMETRO_RELACION(ID_PARAMETRO, ID_DETALLE, PARAMETROS, DETALLES) VALUES (9, 23, '6|7', '25|11');
INSERT INTO T_MAED_PARAMETRO_RELACION(ID_PARAMETRO, ID_DETALLE, PARAMETROS, DETALLES) VALUES (9, 24, '6|7', '25|11');
INSERT INTO T_MAED_PARAMETRO_RELACION(ID_PARAMETRO, ID_DETALLE, PARAMETROS, DETALLES) VALUES (9, 25, '6|7', '25|12');
INSERT INTO T_MAED_PARAMETRO_RELACION(ID_PARAMETRO, ID_DETALLE, PARAMETROS, DETALLES) VALUES (9, 27, '6|7', '26|11');
INSERT INTO T_MAED_PARAMETRO_RELACION(ID_PARAMETRO, ID_DETALLE, PARAMETROS, DETALLES) VALUES (9, 24, '6|7', '26|11');
INSERT INTO T_MAED_PARAMETRO_RELACION(ID_PARAMETRO, ID_DETALLE, PARAMETROS, DETALLES) VALUES (9, 27, '6|7', '27|11');
INSERT INTO T_MAED_PARAMETRO_RELACION(ID_PARAMETRO, ID_DETALLE, PARAMETROS, DETALLES) VALUES (9, 24, '6|7', '27|11');
INSERT INTO T_MAED_PARAMETRO_RELACION(ID_PARAMETRO, ID_DETALLE, PARAMETROS, DETALLES) VALUES (9, 25, '6|7', '27|12');
INSERT INTO T_MAED_PARAMETRO_RELACION(ID_PARAMETRO, ID_DETALLE, PARAMETROS, DETALLES) VALUES (9, 27, '6|7', '28|11');
INSERT INTO T_MAED_PARAMETRO_RELACION(ID_PARAMETRO, ID_DETALLE, PARAMETROS, DETALLES) VALUES (9, 24, '6|7', '28|11');
INSERT INTO T_MAED_PARAMETRO_RELACION(ID_PARAMETRO, ID_DETALLE, PARAMETROS, DETALLES) VALUES (9, 27, '6|7', '29|11');
INSERT INTO T_MAED_PARAMETRO_RELACION(ID_PARAMETRO, ID_DETALLE, PARAMETROS, DETALLES) VALUES (9, 24, '6|7', '29|11');
INSERT INTO T_MAED_PARAMETRO_RELACION(ID_PARAMETRO, ID_DETALLE, PARAMETROS, DETALLES) VALUES (9, 10, '6|7', '30|6');
INSERT INTO T_MAED_PARAMETRO_RELACION(ID_PARAMETRO, ID_DETALLE, PARAMETROS, DETALLES) VALUES (9, 19, '6|7', '30|6');
INSERT INTO T_MAED_PARAMETRO_RELACION(ID_PARAMETRO, ID_DETALLE, PARAMETROS, DETALLES) VALUES (9, 12, '6|7', '30|6');
INSERT INTO T_MAED_PARAMETRO_RELACION(ID_PARAMETRO, ID_DETALLE, PARAMETROS, DETALLES) VALUES (9, 10, '6|7', '30|7');
INSERT INTO T_MAED_PARAMETRO_RELACION(ID_PARAMETRO, ID_DETALLE, PARAMETROS, DETALLES) VALUES (9, 19, '6|7', '30|7');
INSERT INTO T_MAED_PARAMETRO_RELACION(ID_PARAMETRO, ID_DETALLE, PARAMETROS, DETALLES) VALUES (9, 12, '6|7', '30|7');
INSERT INTO T_MAED_PARAMETRO_RELACION(ID_PARAMETRO, ID_DETALLE, PARAMETROS, DETALLES) VALUES (9, 10, '6|7', '30|8');
INSERT INTO T_MAED_PARAMETRO_RELACION(ID_PARAMETRO, ID_DETALLE, PARAMETROS, DETALLES) VALUES (9, 19, '6|7', '30|8');
INSERT INTO T_MAED_PARAMETRO_RELACION(ID_PARAMETRO, ID_DETALLE, PARAMETROS, DETALLES) VALUES (9, 12, '6|7', '30|8');
INSERT INTO T_MAED_PARAMETRO_RELACION(ID_PARAMETRO, ID_DETALLE, PARAMETROS, DETALLES) VALUES (9, 13, '6|7', '30|9');
INSERT INTO T_MAED_PARAMETRO_RELACION(ID_PARAMETRO, ID_DETALLE, PARAMETROS, DETALLES) VALUES (9, 20, '6|7', '30|9');
INSERT INTO T_MAED_PARAMETRO_RELACION(ID_PARAMETRO, ID_DETALLE, PARAMETROS, DETALLES) VALUES (9, 15, '6|7', '30|9');
INSERT INTO T_MAED_PARAMETRO_RELACION(ID_PARAMETRO, ID_DETALLE, PARAMETROS, DETALLES) VALUES (9, 16, '6|7', '30|4');
INSERT INTO T_MAED_PARAMETRO_RELACION(ID_PARAMETRO, ID_DETALLE, PARAMETROS, DETALLES) VALUES (9, 21, '6|7', '31|6');
INSERT INTO T_MAED_PARAMETRO_RELACION(ID_PARAMETRO, ID_DETALLE, PARAMETROS, DETALLES) VALUES (9, 12, '6|7', '31|6');
INSERT INTO T_MAED_PARAMETRO_RELACION(ID_PARAMETRO, ID_DETALLE, PARAMETROS, DETALLES) VALUES (9, 21, '6|7', '31|7');
INSERT INTO T_MAED_PARAMETRO_RELACION(ID_PARAMETRO, ID_DETALLE, PARAMETROS, DETALLES) VALUES (9, 12, '6|7', '31|7');
INSERT INTO T_MAED_PARAMETRO_RELACION(ID_PARAMETRO, ID_DETALLE, PARAMETROS, DETALLES) VALUES (9, 21, '6|7', '31|8');
INSERT INTO T_MAED_PARAMETRO_RELACION(ID_PARAMETRO, ID_DETALLE, PARAMETROS, DETALLES) VALUES (9, 12, '6|7', '31|8');
INSERT INTO T_MAED_PARAMETRO_RELACION(ID_PARAMETRO, ID_DETALLE, PARAMETROS, DETALLES) VALUES (9, 22, '6|7', '31|9');
INSERT INTO T_MAED_PARAMETRO_RELACION(ID_PARAMETRO, ID_DETALLE, PARAMETROS, DETALLES) VALUES (9, 15, '6|7', '31|9');
INSERT INTO T_MAED_PARAMETRO_RELACION(ID_PARAMETRO, ID_DETALLE, PARAMETROS, DETALLES) VALUES (9, 16, '6|7', '31|4');
INSERT INTO T_MAED_PARAMETRO_RELACION(ID_PARAMETRO, ID_DETALLE, PARAMETROS, DETALLES) VALUES (9, 28, '6|7', '32|6');
INSERT INTO T_MAED_PARAMETRO_RELACION(ID_PARAMETRO, ID_DETALLE, PARAMETROS, DETALLES) VALUES (9, 12, '6|7', '32|6');
INSERT INTO T_MAED_PARAMETRO_RELACION(ID_PARAMETRO, ID_DETALLE, PARAMETROS, DETALLES) VALUES (9, 28, '6|7', '32|7');
INSERT INTO T_MAED_PARAMETRO_RELACION(ID_PARAMETRO, ID_DETALLE, PARAMETROS, DETALLES) VALUES (9, 12, '6|7', '32|7');
INSERT INTO T_MAED_PARAMETRO_RELACION(ID_PARAMETRO, ID_DETALLE, PARAMETROS, DETALLES) VALUES (9, 28, '6|7', '32|8');
INSERT INTO T_MAED_PARAMETRO_RELACION(ID_PARAMETRO, ID_DETALLE, PARAMETROS, DETALLES) VALUES (9, 12, '6|7', '32|8');
INSERT INTO T_MAED_PARAMETRO_RELACION(ID_PARAMETRO, ID_DETALLE, PARAMETROS, DETALLES) VALUES (9, 29, '6|7', '32|9');
INSERT INTO T_MAED_PARAMETRO_RELACION(ID_PARAMETRO, ID_DETALLE, PARAMETROS, DETALLES) VALUES (9, 15, '6|7', '32|9');
INSERT INTO T_MAED_PARAMETRO_RELACION(ID_PARAMETRO, ID_DETALLE, PARAMETROS, DETALLES) VALUES (9, 16, '6|7', '32|4');
INSERT INTO T_MAED_PARAMETRO_RELACION(ID_PARAMETRO, ID_DETALLE, PARAMETROS, DETALLES) VALUES (9, 30, '6|7', '33|6');
INSERT INTO T_MAED_PARAMETRO_RELACION(ID_PARAMETRO, ID_DETALLE, PARAMETROS, DETALLES) VALUES (9, 12, '6|7', '33|6');
INSERT INTO T_MAED_PARAMETRO_RELACION(ID_PARAMETRO, ID_DETALLE, PARAMETROS, DETALLES) VALUES (9, 30, '6|7', '33|7');
INSERT INTO T_MAED_PARAMETRO_RELACION(ID_PARAMETRO, ID_DETALLE, PARAMETROS, DETALLES) VALUES (9, 12, '6|7', '33|7');
INSERT INTO T_MAED_PARAMETRO_RELACION(ID_PARAMETRO, ID_DETALLE, PARAMETROS, DETALLES) VALUES (9, 30, '6|7', '33|8');
INSERT INTO T_MAED_PARAMETRO_RELACION(ID_PARAMETRO, ID_DETALLE, PARAMETROS, DETALLES) VALUES (9, 12, '6|7', '33|8');
INSERT INTO T_MAED_PARAMETRO_RELACION(ID_PARAMETRO, ID_DETALLE, PARAMETROS, DETALLES) VALUES (9, 31, '6|7', '33|9');
INSERT INTO T_MAED_PARAMETRO_RELACION(ID_PARAMETRO, ID_DETALLE, PARAMETROS, DETALLES) VALUES (9, 15, '6|7', '33|9');
INSERT INTO T_MAED_PARAMETRO_RELACION(ID_PARAMETRO, ID_DETALLE, PARAMETROS, DETALLES) VALUES (9, 16, '6|7', '33|4');

----------------------------------------------------------------------------------------------------------------------
INSERT INTO T_MAED_PARAMETRO_RELACION(ID_PARAMETRO, ID_DETALLE, PARAMETROS, DETALLES) VALUES (20, 1, '19', '1');
INSERT INTO T_MAED_PARAMETRO_RELACION(ID_PARAMETRO, ID_DETALLE, PARAMETROS, DETALLES) VALUES (20, 2, '19', '1');
INSERT INTO T_MAED_PARAMETRO_RELACION(ID_PARAMETRO, ID_DETALLE, PARAMETROS, DETALLES) VALUES (20, 3, '19', '1');
INSERT INTO T_MAED_PARAMETRO_RELACION(ID_PARAMETRO, ID_DETALLE, PARAMETROS, DETALLES) VALUES (20, 4, '19', '1');
INSERT INTO T_MAED_PARAMETRO_RELACION(ID_PARAMETRO, ID_DETALLE, PARAMETROS, DETALLES) VALUES (20, 5, '19', '2');
INSERT INTO T_MAED_PARAMETRO_RELACION(ID_PARAMETRO, ID_DETALLE, PARAMETROS, DETALLES) VALUES (20, 6, '19', '2');
INSERT INTO T_MAED_PARAMETRO_RELACION(ID_PARAMETRO, ID_DETALLE, PARAMETROS, DETALLES) VALUES (20, 7, '19', '2');
INSERT INTO T_MAED_PARAMETRO_RELACION(ID_PARAMETRO, ID_DETALLE, PARAMETROS, DETALLES) VALUES (20, 8, '19', '2');

INSERT INTO T_MAED_PARAMETRO_RELACION(ID_PARAMETRO, ID_DETALLE, PARAMETROS, DETALLES) VALUES (22, 1, '20', '1');
INSERT INTO T_MAED_PARAMETRO_RELACION(ID_PARAMETRO, ID_DETALLE, PARAMETROS, DETALLES) VALUES (22, 2, '20', '1');
INSERT INTO T_MAED_PARAMETRO_RELACION(ID_PARAMETRO, ID_DETALLE, PARAMETROS, DETALLES) VALUES (22, 3, '20', '1');
INSERT INTO T_MAED_PARAMETRO_RELACION(ID_PARAMETRO, ID_DETALLE, PARAMETROS, DETALLES) VALUES (22, 4, '20', '1');
INSERT INTO T_MAED_PARAMETRO_RELACION(ID_PARAMETRO, ID_DETALLE, PARAMETROS, DETALLES) VALUES (22, 5, '20', '1');
INSERT INTO T_MAED_PARAMETRO_RELACION(ID_PARAMETRO, ID_DETALLE, PARAMETROS, DETALLES) VALUES (22, 6, '20', '2');
INSERT INTO T_MAED_PARAMETRO_RELACION(ID_PARAMETRO, ID_DETALLE, PARAMETROS, DETALLES) VALUES (22, 7, '20', '2');
INSERT INTO T_MAED_PARAMETRO_RELACION(ID_PARAMETRO, ID_DETALLE, PARAMETROS, DETALLES) VALUES (22, 8, '20', '2');
INSERT INTO T_MAED_PARAMETRO_RELACION(ID_PARAMETRO, ID_DETALLE, PARAMETROS, DETALLES) VALUES (22, 9, '20', '2');
INSERT INTO T_MAED_PARAMETRO_RELACION(ID_PARAMETRO, ID_DETALLE, PARAMETROS, DETALLES) VALUES (22, 10, '20', '2');
INSERT INTO T_MAED_PARAMETRO_RELACION(ID_PARAMETRO, ID_DETALLE, PARAMETROS, DETALLES) VALUES (22, 11, '20', '2');
INSERT INTO T_MAED_PARAMETRO_RELACION(ID_PARAMETRO, ID_DETALLE, PARAMETROS, DETALLES) VALUES (22, 12, '20', '2');
INSERT INTO T_MAED_PARAMETRO_RELACION(ID_PARAMETRO, ID_DETALLE, PARAMETROS, DETALLES) VALUES (22, 13, '20', '2');
INSERT INTO T_MAED_PARAMETRO_RELACION(ID_PARAMETRO, ID_DETALLE, PARAMETROS, DETALLES) VALUES (22, 14, '20', '3');
INSERT INTO T_MAED_PARAMETRO_RELACION(ID_PARAMETRO, ID_DETALLE, PARAMETROS, DETALLES) VALUES (22, 15, '20', '3');
INSERT INTO T_MAED_PARAMETRO_RELACION(ID_PARAMETRO, ID_DETALLE, PARAMETROS, DETALLES) VALUES (22, 16, '20', '3');
INSERT INTO T_MAED_PARAMETRO_RELACION(ID_PARAMETRO, ID_DETALLE, PARAMETROS, DETALLES) VALUES (22, 17, '20', '3');
INSERT INTO T_MAED_PARAMETRO_RELACION(ID_PARAMETRO, ID_DETALLE, PARAMETROS, DETALLES) VALUES (22, 18, '20', '3');
INSERT INTO T_MAED_PARAMETRO_RELACION(ID_PARAMETRO, ID_DETALLE, PARAMETROS, DETALLES) VALUES (22, 19, '20', '4');
INSERT INTO T_MAED_PARAMETRO_RELACION(ID_PARAMETRO, ID_DETALLE, PARAMETROS, DETALLES) VALUES (22, 20, '20', '4');
INSERT INTO T_MAED_PARAMETRO_RELACION(ID_PARAMETRO, ID_DETALLE, PARAMETROS, DETALLES) VALUES (22, 21, '20', '4');
INSERT INTO T_MAED_PARAMETRO_RELACION(ID_PARAMETRO, ID_DETALLE, PARAMETROS, DETALLES) VALUES (22, 22, '20', '4');
INSERT INTO T_MAED_PARAMETRO_RELACION(ID_PARAMETRO, ID_DETALLE, PARAMETROS, DETALLES) VALUES (22, 23, '20', '4');
INSERT INTO T_MAED_PARAMETRO_RELACION(ID_PARAMETRO, ID_DETALLE, PARAMETROS, DETALLES) VALUES (22, 24, '20', '4');
INSERT INTO T_MAED_PARAMETRO_RELACION(ID_PARAMETRO, ID_DETALLE, PARAMETROS, DETALLES) VALUES (22, 25, '20', '4');
INSERT INTO T_MAED_PARAMETRO_RELACION(ID_PARAMETRO, ID_DETALLE, PARAMETROS, DETALLES) VALUES (22, 26, '20', '4');
INSERT INTO T_MAED_PARAMETRO_RELACION(ID_PARAMETRO, ID_DETALLE, PARAMETROS, DETALLES) VALUES (22, 27, '20', '4');
INSERT INTO T_MAED_PARAMETRO_RELACION(ID_PARAMETRO, ID_DETALLE, PARAMETROS, DETALLES) VALUES (22, 28, '20', '4');
INSERT INTO T_MAED_PARAMETRO_RELACION(ID_PARAMETRO, ID_DETALLE, PARAMETROS, DETALLES) VALUES (22, 29, '20', '4');
INSERT INTO T_MAED_PARAMETRO_RELACION(ID_PARAMETRO, ID_DETALLE, PARAMETROS, DETALLES) VALUES (22, 30, '20', '5');
INSERT INTO T_MAED_PARAMETRO_RELACION(ID_PARAMETRO, ID_DETALLE, PARAMETROS, DETALLES) VALUES (22, 31, '20', '6');
INSERT INTO T_MAED_PARAMETRO_RELACION(ID_PARAMETRO, ID_DETALLE, PARAMETROS, DETALLES) VALUES (22, 32, '20', '7');
INSERT INTO T_MAED_PARAMETRO_RELACION(ID_PARAMETRO, ID_DETALLE, PARAMETROS, DETALLES) VALUES (22, 33, '20', '8');

INSERT INTO T_MAED_PARAMETRO_RELACION(ID_PARAMETRO, ID_DETALLE, PARAMETROS, DETALLES) VALUES (23, 1, '22', '1');
INSERT INTO T_MAED_PARAMETRO_RELACION(ID_PARAMETRO, ID_DETALLE, PARAMETROS, DETALLES) VALUES (23, 2, '22', '1');
INSERT INTO T_MAED_PARAMETRO_RELACION(ID_PARAMETRO, ID_DETALLE, PARAMETROS, DETALLES) VALUES (23, 3, '22', '1');
INSERT INTO T_MAED_PARAMETRO_RELACION(ID_PARAMETRO, ID_DETALLE, PARAMETROS, DETALLES) VALUES (23, 4, '22', '1');
INSERT INTO T_MAED_PARAMETRO_RELACION(ID_PARAMETRO, ID_DETALLE, PARAMETROS, DETALLES) VALUES (23, 1, '22', '2');
INSERT INTO T_MAED_PARAMETRO_RELACION(ID_PARAMETRO, ID_DETALLE, PARAMETROS, DETALLES) VALUES (23, 2, '22', '2');
INSERT INTO T_MAED_PARAMETRO_RELACION(ID_PARAMETRO, ID_DETALLE, PARAMETROS, DETALLES) VALUES (23, 3, '22', '2');
INSERT INTO T_MAED_PARAMETRO_RELACION(ID_PARAMETRO, ID_DETALLE, PARAMETROS, DETALLES) VALUES (23, 4, '22', '2');
INSERT INTO T_MAED_PARAMETRO_RELACION(ID_PARAMETRO, ID_DETALLE, PARAMETROS, DETALLES) VALUES (23, 1, '22', '3');
INSERT INTO T_MAED_PARAMETRO_RELACION(ID_PARAMETRO, ID_DETALLE, PARAMETROS, DETALLES) VALUES (23, 2, '22', '3');
INSERT INTO T_MAED_PARAMETRO_RELACION(ID_PARAMETRO, ID_DETALLE, PARAMETROS, DETALLES) VALUES (23, 3, '22', '3');
INSERT INTO T_MAED_PARAMETRO_RELACION(ID_PARAMETRO, ID_DETALLE, PARAMETROS, DETALLES) VALUES (23, 4, '22', '3');
INSERT INTO T_MAED_PARAMETRO_RELACION(ID_PARAMETRO, ID_DETALLE, PARAMETROS, DETALLES) VALUES (23, 1, '22', '4');
INSERT INTO T_MAED_PARAMETRO_RELACION(ID_PARAMETRO, ID_DETALLE, PARAMETROS, DETALLES) VALUES (23, 2, '22', '4');
INSERT INTO T_MAED_PARAMETRO_RELACION(ID_PARAMETRO, ID_DETALLE, PARAMETROS, DETALLES) VALUES (23, 5, '22', '4');
INSERT INTO T_MAED_PARAMETRO_RELACION(ID_PARAMETRO, ID_DETALLE, PARAMETROS, DETALLES) VALUES (23, 4, '22', '4');
INSERT INTO T_MAED_PARAMETRO_RELACION(ID_PARAMETRO, ID_DETALLE, PARAMETROS, DETALLES) VALUES (23, 1, '22', '5');
INSERT INTO T_MAED_PARAMETRO_RELACION(ID_PARAMETRO, ID_DETALLE, PARAMETROS, DETALLES) VALUES (23, 2, '22', '5');
INSERT INTO T_MAED_PARAMETRO_RELACION(ID_PARAMETRO, ID_DETALLE, PARAMETROS, DETALLES) VALUES (23, 5, '22', '5');
INSERT INTO T_MAED_PARAMETRO_RELACION(ID_PARAMETRO, ID_DETALLE, PARAMETROS, DETALLES) VALUES (23, 4, '22', '5');
INSERT INTO T_MAED_PARAMETRO_RELACION(ID_PARAMETRO, ID_DETALLE, PARAMETROS, DETALLES) VALUES (23, 6, '22', '6');
INSERT INTO T_MAED_PARAMETRO_RELACION(ID_PARAMETRO, ID_DETALLE, PARAMETROS, DETALLES) VALUES (23, 7, '22', '6');
INSERT INTO T_MAED_PARAMETRO_RELACION(ID_PARAMETRO, ID_DETALLE, PARAMETROS, DETALLES) VALUES (23, 8, '22', '6');
INSERT INTO T_MAED_PARAMETRO_RELACION(ID_PARAMETRO, ID_DETALLE, PARAMETROS, DETALLES) VALUES (23, 9, '22', '6');
INSERT INTO T_MAED_PARAMETRO_RELACION(ID_PARAMETRO, ID_DETALLE, PARAMETROS, DETALLES) VALUES (23, 10, '22', '6');
INSERT INTO T_MAED_PARAMETRO_RELACION(ID_PARAMETRO, ID_DETALLE, PARAMETROS, DETALLES) VALUES (23, 6, '22', '7');
INSERT INTO T_MAED_PARAMETRO_RELACION(ID_PARAMETRO, ID_DETALLE, PARAMETROS, DETALLES) VALUES (23, 7, '22', '7');
INSERT INTO T_MAED_PARAMETRO_RELACION(ID_PARAMETRO, ID_DETALLE, PARAMETROS, DETALLES) VALUES (23, 8, '22', '7');
INSERT INTO T_MAED_PARAMETRO_RELACION(ID_PARAMETRO, ID_DETALLE, PARAMETROS, DETALLES) VALUES (23, 9, '22', '7');
INSERT INTO T_MAED_PARAMETRO_RELACION(ID_PARAMETRO, ID_DETALLE, PARAMETROS, DETALLES) VALUES (23, 10, '22', '7');
INSERT INTO T_MAED_PARAMETRO_RELACION(ID_PARAMETRO, ID_DETALLE, PARAMETROS, DETALLES) VALUES (23, 6, '22', '8');
INSERT INTO T_MAED_PARAMETRO_RELACION(ID_PARAMETRO, ID_DETALLE, PARAMETROS, DETALLES) VALUES (23, 7, '22', '8');
INSERT INTO T_MAED_PARAMETRO_RELACION(ID_PARAMETRO, ID_DETALLE, PARAMETROS, DETALLES) VALUES (23, 8, '22', '8');
INSERT INTO T_MAED_PARAMETRO_RELACION(ID_PARAMETRO, ID_DETALLE, PARAMETROS, DETALLES) VALUES (23, 9, '22', '8');
INSERT INTO T_MAED_PARAMETRO_RELACION(ID_PARAMETRO, ID_DETALLE, PARAMETROS, DETALLES) VALUES (23, 6, '22', '9');
INSERT INTO T_MAED_PARAMETRO_RELACION(ID_PARAMETRO, ID_DETALLE, PARAMETROS, DETALLES) VALUES (23, 7, '22', '9');
INSERT INTO T_MAED_PARAMETRO_RELACION(ID_PARAMETRO, ID_DETALLE, PARAMETROS, DETALLES) VALUES (23, 8, '22', '9');
INSERT INTO T_MAED_PARAMETRO_RELACION(ID_PARAMETRO, ID_DETALLE, PARAMETROS, DETALLES) VALUES (23, 9, '22', '9');
INSERT INTO T_MAED_PARAMETRO_RELACION(ID_PARAMETRO, ID_DETALLE, PARAMETROS, DETALLES) VALUES (23, 6, '22', '10');
INSERT INTO T_MAED_PARAMETRO_RELACION(ID_PARAMETRO, ID_DETALLE, PARAMETROS, DETALLES) VALUES (23, 7, '22', '10');
INSERT INTO T_MAED_PARAMETRO_RELACION(ID_PARAMETRO, ID_DETALLE, PARAMETROS, DETALLES) VALUES (23, 8, '22', '10');
INSERT INTO T_MAED_PARAMETRO_RELACION(ID_PARAMETRO, ID_DETALLE, PARAMETROS, DETALLES) VALUES (23, 9, '22', '10');
INSERT INTO T_MAED_PARAMETRO_RELACION(ID_PARAMETRO, ID_DETALLE, PARAMETROS, DETALLES) VALUES (23, 6, '22', '11');
INSERT INTO T_MAED_PARAMETRO_RELACION(ID_PARAMETRO, ID_DETALLE, PARAMETROS, DETALLES) VALUES (23, 7, '22', '11');
INSERT INTO T_MAED_PARAMETRO_RELACION(ID_PARAMETRO, ID_DETALLE, PARAMETROS, DETALLES) VALUES (23, 8, '22', '11');
INSERT INTO T_MAED_PARAMETRO_RELACION(ID_PARAMETRO, ID_DETALLE, PARAMETROS, DETALLES) VALUES (23, 9, '22', '11');
INSERT INTO T_MAED_PARAMETRO_RELACION(ID_PARAMETRO, ID_DETALLE, PARAMETROS, DETALLES) VALUES (23, 6, '22', '12');
INSERT INTO T_MAED_PARAMETRO_RELACION(ID_PARAMETRO, ID_DETALLE, PARAMETROS, DETALLES) VALUES (23, 7, '22', '12');
INSERT INTO T_MAED_PARAMETRO_RELACION(ID_PARAMETRO, ID_DETALLE, PARAMETROS, DETALLES) VALUES (23, 8, '22', '12');
INSERT INTO T_MAED_PARAMETRO_RELACION(ID_PARAMETRO, ID_DETALLE, PARAMETROS, DETALLES) VALUES (23, 9, '22', '12');
INSERT INTO T_MAED_PARAMETRO_RELACION(ID_PARAMETRO, ID_DETALLE, PARAMETROS, DETALLES) VALUES (23, 6, '22', '13');
INSERT INTO T_MAED_PARAMETRO_RELACION(ID_PARAMETRO, ID_DETALLE, PARAMETROS, DETALLES) VALUES (23, 7, '22', '13');
INSERT INTO T_MAED_PARAMETRO_RELACION(ID_PARAMETRO, ID_DETALLE, PARAMETROS, DETALLES) VALUES (23, 9, '22', '13');
INSERT INTO T_MAED_PARAMETRO_RELACION(ID_PARAMETRO, ID_DETALLE, PARAMETROS, DETALLES) VALUES (23, 6, '22', '14');
INSERT INTO T_MAED_PARAMETRO_RELACION(ID_PARAMETRO, ID_DETALLE, PARAMETROS, DETALLES) VALUES (23, 7, '22', '14');
INSERT INTO T_MAED_PARAMETRO_RELACION(ID_PARAMETRO, ID_DETALLE, PARAMETROS, DETALLES) VALUES (23, 8, '22', '14');
INSERT INTO T_MAED_PARAMETRO_RELACION(ID_PARAMETRO, ID_DETALLE, PARAMETROS, DETALLES) VALUES (23, 9, '22', '14');
INSERT INTO T_MAED_PARAMETRO_RELACION(ID_PARAMETRO, ID_DETALLE, PARAMETROS, DETALLES) VALUES (23, 4, '22', '14');
INSERT INTO T_MAED_PARAMETRO_RELACION(ID_PARAMETRO, ID_DETALLE, PARAMETROS, DETALLES) VALUES (23, 6, '22', '15');
INSERT INTO T_MAED_PARAMETRO_RELACION(ID_PARAMETRO, ID_DETALLE, PARAMETROS, DETALLES) VALUES (23, 7, '22', '15');
INSERT INTO T_MAED_PARAMETRO_RELACION(ID_PARAMETRO, ID_DETALLE, PARAMETROS, DETALLES) VALUES (23, 8, '22', '15');
INSERT INTO T_MAED_PARAMETRO_RELACION(ID_PARAMETRO, ID_DETALLE, PARAMETROS, DETALLES) VALUES (23, 9, '22', '15');
INSERT INTO T_MAED_PARAMETRO_RELACION(ID_PARAMETRO, ID_DETALLE, PARAMETROS, DETALLES) VALUES (23, 4, '22', '15');
INSERT INTO T_MAED_PARAMETRO_RELACION(ID_PARAMETRO, ID_DETALLE, PARAMETROS, DETALLES) VALUES (23, 6, '22', '16');
INSERT INTO T_MAED_PARAMETRO_RELACION(ID_PARAMETRO, ID_DETALLE, PARAMETROS, DETALLES) VALUES (23, 7, '22', '16');
INSERT INTO T_MAED_PARAMETRO_RELACION(ID_PARAMETRO, ID_DETALLE, PARAMETROS, DETALLES) VALUES (23, 8, '22', '16');
INSERT INTO T_MAED_PARAMETRO_RELACION(ID_PARAMETRO, ID_DETALLE, PARAMETROS, DETALLES) VALUES (23, 9, '22', '16');
INSERT INTO T_MAED_PARAMETRO_RELACION(ID_PARAMETRO, ID_DETALLE, PARAMETROS, DETALLES) VALUES (23, 6, '22', '17');
INSERT INTO T_MAED_PARAMETRO_RELACION(ID_PARAMETRO, ID_DETALLE, PARAMETROS, DETALLES) VALUES (23, 7, '22', '17');
INSERT INTO T_MAED_PARAMETRO_RELACION(ID_PARAMETRO, ID_DETALLE, PARAMETROS, DETALLES) VALUES (23, 8, '22', '17');
INSERT INTO T_MAED_PARAMETRO_RELACION(ID_PARAMETRO, ID_DETALLE, PARAMETROS, DETALLES) VALUES (23, 9, '22', '17');
INSERT INTO T_MAED_PARAMETRO_RELACION(ID_PARAMETRO, ID_DETALLE, PARAMETROS, DETALLES) VALUES (23, 4, '22', '17');
INSERT INTO T_MAED_PARAMETRO_RELACION(ID_PARAMETRO, ID_DETALLE, PARAMETROS, DETALLES) VALUES (23, 6, '22', '18');
INSERT INTO T_MAED_PARAMETRO_RELACION(ID_PARAMETRO, ID_DETALLE, PARAMETROS, DETALLES) VALUES (23, 7, '22', '18');
INSERT INTO T_MAED_PARAMETRO_RELACION(ID_PARAMETRO, ID_DETALLE, PARAMETROS, DETALLES) VALUES (23, 9, '22', '18');
INSERT INTO T_MAED_PARAMETRO_RELACION(ID_PARAMETRO, ID_DETALLE, PARAMETROS, DETALLES) VALUES (23, 4, '22', '18');
INSERT INTO T_MAED_PARAMETRO_RELACION(ID_PARAMETRO, ID_DETALLE, PARAMETROS, DETALLES) VALUES (23, 11, '22', '19');
INSERT INTO T_MAED_PARAMETRO_RELACION(ID_PARAMETRO, ID_DETALLE, PARAMETROS, DETALLES) VALUES (23, 12, '22', '19');
INSERT INTO T_MAED_PARAMETRO_RELACION(ID_PARAMETRO, ID_DETALLE, PARAMETROS, DETALLES) VALUES (23, 11, '22', '20');
INSERT INTO T_MAED_PARAMETRO_RELACION(ID_PARAMETRO, ID_DETALLE, PARAMETROS, DETALLES) VALUES (23, 12, '22', '20');
INSERT INTO T_MAED_PARAMETRO_RELACION(ID_PARAMETRO, ID_DETALLE, PARAMETROS, DETALLES) VALUES (23, 11, '22', '21');
INSERT INTO T_MAED_PARAMETRO_RELACION(ID_PARAMETRO, ID_DETALLE, PARAMETROS, DETALLES) VALUES (23, 12, '22', '21');
INSERT INTO T_MAED_PARAMETRO_RELACION(ID_PARAMETRO, ID_DETALLE, PARAMETROS, DETALLES) VALUES (23, 11, '22', '22');
INSERT INTO T_MAED_PARAMETRO_RELACION(ID_PARAMETRO, ID_DETALLE, PARAMETROS, DETALLES) VALUES (23, 12, '22', '22');
INSERT INTO T_MAED_PARAMETRO_RELACION(ID_PARAMETRO, ID_DETALLE, PARAMETROS, DETALLES) VALUES (23, 11, '22', '23');
INSERT INTO T_MAED_PARAMETRO_RELACION(ID_PARAMETRO, ID_DETALLE, PARAMETROS, DETALLES) VALUES (23, 11, '22', '24');
INSERT INTO T_MAED_PARAMETRO_RELACION(ID_PARAMETRO, ID_DETALLE, PARAMETROS, DETALLES) VALUES (23, 11, '22', '25');
INSERT INTO T_MAED_PARAMETRO_RELACION(ID_PARAMETRO, ID_DETALLE, PARAMETROS, DETALLES) VALUES (23, 12, '22', '25');
INSERT INTO T_MAED_PARAMETRO_RELACION(ID_PARAMETRO, ID_DETALLE, PARAMETROS, DETALLES) VALUES (23, 11, '22', '26');
INSERT INTO T_MAED_PARAMETRO_RELACION(ID_PARAMETRO, ID_DETALLE, PARAMETROS, DETALLES) VALUES (23, 11, '22', '27');
INSERT INTO T_MAED_PARAMETRO_RELACION(ID_PARAMETRO, ID_DETALLE, PARAMETROS, DETALLES) VALUES (23, 12, '22', '27');
INSERT INTO T_MAED_PARAMETRO_RELACION(ID_PARAMETRO, ID_DETALLE, PARAMETROS, DETALLES) VALUES (23, 11, '22', '28');
INSERT INTO T_MAED_PARAMETRO_RELACION(ID_PARAMETRO, ID_DETALLE, PARAMETROS, DETALLES) VALUES (23, 11, '22', '29');
INSERT INTO T_MAED_PARAMETRO_RELACION(ID_PARAMETRO, ID_DETALLE, PARAMETROS, DETALLES) VALUES (23, 6, '22', '30');
INSERT INTO T_MAED_PARAMETRO_RELACION(ID_PARAMETRO, ID_DETALLE, PARAMETROS, DETALLES) VALUES (23, 7, '22', '30');
INSERT INTO T_MAED_PARAMETRO_RELACION(ID_PARAMETRO, ID_DETALLE, PARAMETROS, DETALLES) VALUES (23, 8, '22', '30');
INSERT INTO T_MAED_PARAMETRO_RELACION(ID_PARAMETRO, ID_DETALLE, PARAMETROS, DETALLES) VALUES (23, 9, '22', '30');
INSERT INTO T_MAED_PARAMETRO_RELACION(ID_PARAMETRO, ID_DETALLE, PARAMETROS, DETALLES) VALUES (23, 4, '22', '30');
INSERT INTO T_MAED_PARAMETRO_RELACION(ID_PARAMETRO, ID_DETALLE, PARAMETROS, DETALLES) VALUES (23, 6, '22', '31');
INSERT INTO T_MAED_PARAMETRO_RELACION(ID_PARAMETRO, ID_DETALLE, PARAMETROS, DETALLES) VALUES (23, 7, '22', '31');
INSERT INTO T_MAED_PARAMETRO_RELACION(ID_PARAMETRO, ID_DETALLE, PARAMETROS, DETALLES) VALUES (23, 8, '22', '31');
INSERT INTO T_MAED_PARAMETRO_RELACION(ID_PARAMETRO, ID_DETALLE, PARAMETROS, DETALLES) VALUES (23, 9, '22', '31');
INSERT INTO T_MAED_PARAMETRO_RELACION(ID_PARAMETRO, ID_DETALLE, PARAMETROS, DETALLES) VALUES (23, 4, '22', '31');
INSERT INTO T_MAED_PARAMETRO_RELACION(ID_PARAMETRO, ID_DETALLE, PARAMETROS, DETALLES) VALUES (23, 6, '22', '32');
INSERT INTO T_MAED_PARAMETRO_RELACION(ID_PARAMETRO, ID_DETALLE, PARAMETROS, DETALLES) VALUES (23, 7, '22', '32');
INSERT INTO T_MAED_PARAMETRO_RELACION(ID_PARAMETRO, ID_DETALLE, PARAMETROS, DETALLES) VALUES (23, 8, '22', '32');
INSERT INTO T_MAED_PARAMETRO_RELACION(ID_PARAMETRO, ID_DETALLE, PARAMETROS, DETALLES) VALUES (23, 9, '22', '32');
INSERT INTO T_MAED_PARAMETRO_RELACION(ID_PARAMETRO, ID_DETALLE, PARAMETROS, DETALLES) VALUES (23, 4, '22', '32');
INSERT INTO T_MAED_PARAMETRO_RELACION(ID_PARAMETRO, ID_DETALLE, PARAMETROS, DETALLES) VALUES (23, 6, '22', '33');
INSERT INTO T_MAED_PARAMETRO_RELACION(ID_PARAMETRO, ID_DETALLE, PARAMETROS, DETALLES) VALUES (23, 7, '22', '33');
INSERT INTO T_MAED_PARAMETRO_RELACION(ID_PARAMETRO, ID_DETALLE, PARAMETROS, DETALLES) VALUES (23, 8, '22', '33');
INSERT INTO T_MAED_PARAMETRO_RELACION(ID_PARAMETRO, ID_DETALLE, PARAMETROS, DETALLES) VALUES (23, 9, '22', '33');
INSERT INTO T_MAED_PARAMETRO_RELACION(ID_PARAMETRO, ID_DETALLE, PARAMETROS, DETALLES) VALUES (23, 4, '22', '33');

INSERT INTO T_MAED_PARAMETRO_RELACION(ID_PARAMETRO, ID_DETALLE, PARAMETROS, DETALLES) VALUES (25, 1, '22|23', '1|1');
INSERT INTO T_MAED_PARAMETRO_RELACION(ID_PARAMETRO, ID_DETALLE, PARAMETROS, DETALLES) VALUES (25, 2, '22|23', '1|2');
INSERT INTO T_MAED_PARAMETRO_RELACION(ID_PARAMETRO, ID_DETALLE, PARAMETROS, DETALLES) VALUES (25, 3, '22|23', '1|3');
INSERT INTO T_MAED_PARAMETRO_RELACION(ID_PARAMETRO, ID_DETALLE, PARAMETROS, DETALLES) VALUES (25, 4, '22|23', '1|4');
INSERT INTO T_MAED_PARAMETRO_RELACION(ID_PARAMETRO, ID_DETALLE, PARAMETROS, DETALLES) VALUES (25, 1, '22|23', '2|1');
INSERT INTO T_MAED_PARAMETRO_RELACION(ID_PARAMETRO, ID_DETALLE, PARAMETROS, DETALLES) VALUES (25, 2, '22|23', '2|2');
INSERT INTO T_MAED_PARAMETRO_RELACION(ID_PARAMETRO, ID_DETALLE, PARAMETROS, DETALLES) VALUES (25, 3, '22|23', '2|3');
INSERT INTO T_MAED_PARAMETRO_RELACION(ID_PARAMETRO, ID_DETALLE, PARAMETROS, DETALLES) VALUES (25, 4, '22|23', '2|4');
INSERT INTO T_MAED_PARAMETRO_RELACION(ID_PARAMETRO, ID_DETALLE, PARAMETROS, DETALLES) VALUES (25, 1, '22|23', '3|1');
INSERT INTO T_MAED_PARAMETRO_RELACION(ID_PARAMETRO, ID_DETALLE, PARAMETROS, DETALLES) VALUES (25, 2, '22|23', '3|2');
INSERT INTO T_MAED_PARAMETRO_RELACION(ID_PARAMETRO, ID_DETALLE, PARAMETROS, DETALLES) VALUES (25, 3, '22|23', '3|3');
INSERT INTO T_MAED_PARAMETRO_RELACION(ID_PARAMETRO, ID_DETALLE, PARAMETROS, DETALLES) VALUES (25, 4, '22|23', '3|4');
INSERT INTO T_MAED_PARAMETRO_RELACION(ID_PARAMETRO, ID_DETALLE, PARAMETROS, DETALLES) VALUES (25, 1, '22|23', '4|1');
INSERT INTO T_MAED_PARAMETRO_RELACION(ID_PARAMETRO, ID_DETALLE, PARAMETROS, DETALLES) VALUES (25, 2, '22|23', '4|2');
INSERT INTO T_MAED_PARAMETRO_RELACION(ID_PARAMETRO, ID_DETALLE, PARAMETROS, DETALLES) VALUES (25, 5, '22|23', '4|5');
INSERT INTO T_MAED_PARAMETRO_RELACION(ID_PARAMETRO, ID_DETALLE, PARAMETROS, DETALLES) VALUES (25, 1, '22|23', '4|4');
INSERT INTO T_MAED_PARAMETRO_RELACION(ID_PARAMETRO, ID_DETALLE, PARAMETROS, DETALLES) VALUES (25, 2, '22|23', '5|1');
INSERT INTO T_MAED_PARAMETRO_RELACION(ID_PARAMETRO, ID_DETALLE, PARAMETROS, DETALLES) VALUES (25, 5, '22|23', '5|2');
INSERT INTO T_MAED_PARAMETRO_RELACION(ID_PARAMETRO, ID_DETALLE, PARAMETROS, DETALLES) VALUES (25, 4, '22|23', '5|5');
INSERT INTO T_MAED_PARAMETRO_RELACION(ID_PARAMETRO, ID_DETALLE, PARAMETROS, DETALLES) VALUES (25, 4, '22|23', '5|4');
INSERT INTO T_MAED_PARAMETRO_RELACION(ID_PARAMETRO, ID_DETALLE, PARAMETROS, DETALLES) VALUES (25, 6, '22|23', '6|6');
INSERT INTO T_MAED_PARAMETRO_RELACION(ID_PARAMETRO, ID_DETALLE, PARAMETROS, DETALLES) VALUES (25, 7, '22|23', '6|6');
INSERT INTO T_MAED_PARAMETRO_RELACION(ID_PARAMETRO, ID_DETALLE, PARAMETROS, DETALLES) VALUES (25, 6, '22|23', '6|7');
INSERT INTO T_MAED_PARAMETRO_RELACION(ID_PARAMETRO, ID_DETALLE, PARAMETROS, DETALLES) VALUES (25, 7, '22|23', '6|7');
INSERT INTO T_MAED_PARAMETRO_RELACION(ID_PARAMETRO, ID_DETALLE, PARAMETROS, DETALLES) VALUES (25, 6, '22|23', '6|8');
INSERT INTO T_MAED_PARAMETRO_RELACION(ID_PARAMETRO, ID_DETALLE, PARAMETROS, DETALLES) VALUES (25, 7, '22|23', '6|8');
INSERT INTO T_MAED_PARAMETRO_RELACION(ID_PARAMETRO, ID_DETALLE, PARAMETROS, DETALLES) VALUES (25, 8, '22|23', '6|9');
INSERT INTO T_MAED_PARAMETRO_RELACION(ID_PARAMETRO, ID_DETALLE, PARAMETROS, DETALLES) VALUES (25, 9, '22|23', '6|9');
INSERT INTO T_MAED_PARAMETRO_RELACION(ID_PARAMETRO, ID_DETALLE, PARAMETROS, DETALLES) VALUES (25, 6, '22|23', '6|10');
INSERT INTO T_MAED_PARAMETRO_RELACION(ID_PARAMETRO, ID_DETALLE, PARAMETROS, DETALLES) VALUES (25, 7, '22|23', '6|10');
INSERT INTO T_MAED_PARAMETRO_RELACION(ID_PARAMETRO, ID_DETALLE, PARAMETROS, DETALLES) VALUES (25, 6, '22|23', '7|6');
INSERT INTO T_MAED_PARAMETRO_RELACION(ID_PARAMETRO, ID_DETALLE, PARAMETROS, DETALLES) VALUES (25, 7, '22|23', '7|6');
INSERT INTO T_MAED_PARAMETRO_RELACION(ID_PARAMETRO, ID_DETALLE, PARAMETROS, DETALLES) VALUES (25, 6, '22|23', '7|7');
INSERT INTO T_MAED_PARAMETRO_RELACION(ID_PARAMETRO, ID_DETALLE, PARAMETROS, DETALLES) VALUES (25, 7, '22|23', '7|7');
INSERT INTO T_MAED_PARAMETRO_RELACION(ID_PARAMETRO, ID_DETALLE, PARAMETROS, DETALLES) VALUES (25, 6, '22|23', '7|8');
INSERT INTO T_MAED_PARAMETRO_RELACION(ID_PARAMETRO, ID_DETALLE, PARAMETROS, DETALLES) VALUES (25, 7, '22|23', '7|8');
INSERT INTO T_MAED_PARAMETRO_RELACION(ID_PARAMETRO, ID_DETALLE, PARAMETROS, DETALLES) VALUES (25, 8, '22|23', '7|9');
INSERT INTO T_MAED_PARAMETRO_RELACION(ID_PARAMETRO, ID_DETALLE, PARAMETROS, DETALLES) VALUES (25, 9, '22|23', '7|9');
INSERT INTO T_MAED_PARAMETRO_RELACION(ID_PARAMETRO, ID_DETALLE, PARAMETROS, DETALLES) VALUES (25, 6, '22|23', '7|10');
INSERT INTO T_MAED_PARAMETRO_RELACION(ID_PARAMETRO, ID_DETALLE, PARAMETROS, DETALLES) VALUES (25, 7, '22|23', '7|10');
INSERT INTO T_MAED_PARAMETRO_RELACION(ID_PARAMETRO, ID_DETALLE, PARAMETROS, DETALLES) VALUES (25, 6, '22|23', '8|6');
INSERT INTO T_MAED_PARAMETRO_RELACION(ID_PARAMETRO, ID_DETALLE, PARAMETROS, DETALLES) VALUES (25, 7, '22|23', '8|6');
INSERT INTO T_MAED_PARAMETRO_RELACION(ID_PARAMETRO, ID_DETALLE, PARAMETROS, DETALLES) VALUES (25, 6, '22|23', '8|7');
INSERT INTO T_MAED_PARAMETRO_RELACION(ID_PARAMETRO, ID_DETALLE, PARAMETROS, DETALLES) VALUES (25, 7, '22|23', '8|7');
INSERT INTO T_MAED_PARAMETRO_RELACION(ID_PARAMETRO, ID_DETALLE, PARAMETROS, DETALLES) VALUES (25, 6, '22|23', '8|8');
INSERT INTO T_MAED_PARAMETRO_RELACION(ID_PARAMETRO, ID_DETALLE, PARAMETROS, DETALLES) VALUES (25, 7, '22|23', '8|8');
INSERT INTO T_MAED_PARAMETRO_RELACION(ID_PARAMETRO, ID_DETALLE, PARAMETROS, DETALLES) VALUES (25, 8, '22|23', '8|9');
INSERT INTO T_MAED_PARAMETRO_RELACION(ID_PARAMETRO, ID_DETALLE, PARAMETROS, DETALLES) VALUES (25, 9, '22|23', '8|9');
INSERT INTO T_MAED_PARAMETRO_RELACION(ID_PARAMETRO, ID_DETALLE, PARAMETROS, DETALLES) VALUES (25, 6, '22|23', '9|6');
INSERT INTO T_MAED_PARAMETRO_RELACION(ID_PARAMETRO, ID_DETALLE, PARAMETROS, DETALLES) VALUES (25, 7, '22|23', '9|6');
INSERT INTO T_MAED_PARAMETRO_RELACION(ID_PARAMETRO, ID_DETALLE, PARAMETROS, DETALLES) VALUES (25, 6, '22|23', '9|7');
INSERT INTO T_MAED_PARAMETRO_RELACION(ID_PARAMETRO, ID_DETALLE, PARAMETROS, DETALLES) VALUES (25, 7, '22|23', '9|7');
INSERT INTO T_MAED_PARAMETRO_RELACION(ID_PARAMETRO, ID_DETALLE, PARAMETROS, DETALLES) VALUES (25, 6, '22|23', '9|8');
INSERT INTO T_MAED_PARAMETRO_RELACION(ID_PARAMETRO, ID_DETALLE, PARAMETROS, DETALLES) VALUES (25, 7, '22|23', '9|8');
INSERT INTO T_MAED_PARAMETRO_RELACION(ID_PARAMETRO, ID_DETALLE, PARAMETROS, DETALLES) VALUES (25, 8, '22|23', '9|9');
INSERT INTO T_MAED_PARAMETRO_RELACION(ID_PARAMETRO, ID_DETALLE, PARAMETROS, DETALLES) VALUES (25, 9, '22|23', '9|9');
INSERT INTO T_MAED_PARAMETRO_RELACION(ID_PARAMETRO, ID_DETALLE, PARAMETROS, DETALLES) VALUES (25, 6, '22|23', '10|6');
INSERT INTO T_MAED_PARAMETRO_RELACION(ID_PARAMETRO, ID_DETALLE, PARAMETROS, DETALLES) VALUES (25, 7, '22|23', '10|6');
INSERT INTO T_MAED_PARAMETRO_RELACION(ID_PARAMETRO, ID_DETALLE, PARAMETROS, DETALLES) VALUES (25, 6, '22|23', '10|7');
INSERT INTO T_MAED_PARAMETRO_RELACION(ID_PARAMETRO, ID_DETALLE, PARAMETROS, DETALLES) VALUES (25, 7, '22|23', '10|7');
INSERT INTO T_MAED_PARAMETRO_RELACION(ID_PARAMETRO, ID_DETALLE, PARAMETROS, DETALLES) VALUES (25, 6, '22|23', '10|8');
INSERT INTO T_MAED_PARAMETRO_RELACION(ID_PARAMETRO, ID_DETALLE, PARAMETROS, DETALLES) VALUES (25, 7, '22|23', '10|8');
INSERT INTO T_MAED_PARAMETRO_RELACION(ID_PARAMETRO, ID_DETALLE, PARAMETROS, DETALLES) VALUES (25, 8, '22|23', '10|9');
INSERT INTO T_MAED_PARAMETRO_RELACION(ID_PARAMETRO, ID_DETALLE, PARAMETROS, DETALLES) VALUES (25, 9, '22|23', '10|9');
INSERT INTO T_MAED_PARAMETRO_RELACION(ID_PARAMETRO, ID_DETALLE, PARAMETROS, DETALLES) VALUES (25, 6, '22|23', '11|6');
INSERT INTO T_MAED_PARAMETRO_RELACION(ID_PARAMETRO, ID_DETALLE, PARAMETROS, DETALLES) VALUES (25, 7, '22|23', '11|6');
INSERT INTO T_MAED_PARAMETRO_RELACION(ID_PARAMETRO, ID_DETALLE, PARAMETROS, DETALLES) VALUES (25, 6, '22|23', '11|7');
INSERT INTO T_MAED_PARAMETRO_RELACION(ID_PARAMETRO, ID_DETALLE, PARAMETROS, DETALLES) VALUES (25, 7, '22|23', '11|7');
INSERT INTO T_MAED_PARAMETRO_RELACION(ID_PARAMETRO, ID_DETALLE, PARAMETROS, DETALLES) VALUES (25, 6, '22|23', '11|8');
INSERT INTO T_MAED_PARAMETRO_RELACION(ID_PARAMETRO, ID_DETALLE, PARAMETROS, DETALLES) VALUES (25, 7, '22|23', '11|8');
INSERT INTO T_MAED_PARAMETRO_RELACION(ID_PARAMETRO, ID_DETALLE, PARAMETROS, DETALLES) VALUES (25, 8, '22|23', '11|9');
INSERT INTO T_MAED_PARAMETRO_RELACION(ID_PARAMETRO, ID_DETALLE, PARAMETROS, DETALLES) VALUES (25, 9, '22|23', '11|9');
INSERT INTO T_MAED_PARAMETRO_RELACION(ID_PARAMETRO, ID_DETALLE, PARAMETROS, DETALLES) VALUES (25, 6, '22|23', '12|6');
INSERT INTO T_MAED_PARAMETRO_RELACION(ID_PARAMETRO, ID_DETALLE, PARAMETROS, DETALLES) VALUES (25, 7, '22|23', '12|6');
INSERT INTO T_MAED_PARAMETRO_RELACION(ID_PARAMETRO, ID_DETALLE, PARAMETROS, DETALLES) VALUES (25, 6, '22|23', '12|7');
INSERT INTO T_MAED_PARAMETRO_RELACION(ID_PARAMETRO, ID_DETALLE, PARAMETROS, DETALLES) VALUES (25, 7, '22|23', '12|7');
INSERT INTO T_MAED_PARAMETRO_RELACION(ID_PARAMETRO, ID_DETALLE, PARAMETROS, DETALLES) VALUES (25, 6, '22|23', '12|8');
INSERT INTO T_MAED_PARAMETRO_RELACION(ID_PARAMETRO, ID_DETALLE, PARAMETROS, DETALLES) VALUES (25, 7, '22|23', '12|8');
INSERT INTO T_MAED_PARAMETRO_RELACION(ID_PARAMETRO, ID_DETALLE, PARAMETROS, DETALLES) VALUES (25, 8, '22|23', '12|9');
INSERT INTO T_MAED_PARAMETRO_RELACION(ID_PARAMETRO, ID_DETALLE, PARAMETROS, DETALLES) VALUES (25, 9, '22|23', '12|9');
INSERT INTO T_MAED_PARAMETRO_RELACION(ID_PARAMETRO, ID_DETALLE, PARAMETROS, DETALLES) VALUES (25, 6, '22|23', '13|6');
INSERT INTO T_MAED_PARAMETRO_RELACION(ID_PARAMETRO, ID_DETALLE, PARAMETROS, DETALLES) VALUES (25, 6, '22|23', '13|7');
INSERT INTO T_MAED_PARAMETRO_RELACION(ID_PARAMETRO, ID_DETALLE, PARAMETROS, DETALLES) VALUES (25, 8, '22|23', '13|9');
INSERT INTO T_MAED_PARAMETRO_RELACION(ID_PARAMETRO, ID_DETALLE, PARAMETROS, DETALLES) VALUES (25, 10, '22|23', '14|6');
INSERT INTO T_MAED_PARAMETRO_RELACION(ID_PARAMETRO, ID_DETALLE, PARAMETROS, DETALLES) VALUES (25, 11, '22|23', '14|6');
INSERT INTO T_MAED_PARAMETRO_RELACION(ID_PARAMETRO, ID_DETALLE, PARAMETROS, DETALLES) VALUES (25, 12, '22|23', '14|6');
INSERT INTO T_MAED_PARAMETRO_RELACION(ID_PARAMETRO, ID_DETALLE, PARAMETROS, DETALLES) VALUES (25, 10, '22|23', '14|7');
INSERT INTO T_MAED_PARAMETRO_RELACION(ID_PARAMETRO, ID_DETALLE, PARAMETROS, DETALLES) VALUES (25, 11, '22|23', '14|7');
INSERT INTO T_MAED_PARAMETRO_RELACION(ID_PARAMETRO, ID_DETALLE, PARAMETROS, DETALLES) VALUES (25, 12, '22|23', '14|7');
INSERT INTO T_MAED_PARAMETRO_RELACION(ID_PARAMETRO, ID_DETALLE, PARAMETROS, DETALLES) VALUES (25, 10, '22|23', '14|8');
INSERT INTO T_MAED_PARAMETRO_RELACION(ID_PARAMETRO, ID_DETALLE, PARAMETROS, DETALLES) VALUES (25, 11, '22|23', '14|8');
INSERT INTO T_MAED_PARAMETRO_RELACION(ID_PARAMETRO, ID_DETALLE, PARAMETROS, DETALLES) VALUES (25, 12, '22|23', '14|8');
INSERT INTO T_MAED_PARAMETRO_RELACION(ID_PARAMETRO, ID_DETALLE, PARAMETROS, DETALLES) VALUES (25, 13, '22|23', '14|9');
INSERT INTO T_MAED_PARAMETRO_RELACION(ID_PARAMETRO, ID_DETALLE, PARAMETROS, DETALLES) VALUES (25, 14, '22|23', '14|9');
INSERT INTO T_MAED_PARAMETRO_RELACION(ID_PARAMETRO, ID_DETALLE, PARAMETROS, DETALLES) VALUES (25, 15, '22|23', '14|9');
INSERT INTO T_MAED_PARAMETRO_RELACION(ID_PARAMETRO, ID_DETALLE, PARAMETROS, DETALLES) VALUES (25, 16, '22|23', '14|4');
INSERT INTO T_MAED_PARAMETRO_RELACION(ID_PARAMETRO, ID_DETALLE, PARAMETROS, DETALLES) VALUES (25, 17, '22|23', '15|6');
INSERT INTO T_MAED_PARAMETRO_RELACION(ID_PARAMETRO, ID_DETALLE, PARAMETROS, DETALLES) VALUES (25, 11, '22|23', '15|6');
INSERT INTO T_MAED_PARAMETRO_RELACION(ID_PARAMETRO, ID_DETALLE, PARAMETROS, DETALLES) VALUES (25, 12, '22|23', '15|6');
INSERT INTO T_MAED_PARAMETRO_RELACION(ID_PARAMETRO, ID_DETALLE, PARAMETROS, DETALLES) VALUES (25, 17, '22|23', '15|7');
INSERT INTO T_MAED_PARAMETRO_RELACION(ID_PARAMETRO, ID_DETALLE, PARAMETROS, DETALLES) VALUES (25, 11, '22|23', '15|7');
INSERT INTO T_MAED_PARAMETRO_RELACION(ID_PARAMETRO, ID_DETALLE, PARAMETROS, DETALLES) VALUES (25, 12, '22|23', '15|7');
INSERT INTO T_MAED_PARAMETRO_RELACION(ID_PARAMETRO, ID_DETALLE, PARAMETROS, DETALLES) VALUES (25, 17, '22|23', '15|8');
INSERT INTO T_MAED_PARAMETRO_RELACION(ID_PARAMETRO, ID_DETALLE, PARAMETROS, DETALLES) VALUES (25, 11, '22|23', '15|8');
INSERT INTO T_MAED_PARAMETRO_RELACION(ID_PARAMETRO, ID_DETALLE, PARAMETROS, DETALLES) VALUES (25, 12, '22|23', '15|8');
INSERT INTO T_MAED_PARAMETRO_RELACION(ID_PARAMETRO, ID_DETALLE, PARAMETROS, DETALLES) VALUES (25, 18, '22|23', '15|9');
INSERT INTO T_MAED_PARAMETRO_RELACION(ID_PARAMETRO, ID_DETALLE, PARAMETROS, DETALLES) VALUES (25, 14, '22|23', '15|9');
INSERT INTO T_MAED_PARAMETRO_RELACION(ID_PARAMETRO, ID_DETALLE, PARAMETROS, DETALLES) VALUES (25, 15, '22|23', '15|9');
INSERT INTO T_MAED_PARAMETRO_RELACION(ID_PARAMETRO, ID_DETALLE, PARAMETROS, DETALLES) VALUES (25, 16, '22|23', '15|4');
INSERT INTO T_MAED_PARAMETRO_RELACION(ID_PARAMETRO, ID_DETALLE, PARAMETROS, DETALLES) VALUES (25, 12, '22|23', '16|6');
INSERT INTO T_MAED_PARAMETRO_RELACION(ID_PARAMETRO, ID_DETALLE, PARAMETROS, DETALLES) VALUES (25, 12, '22|23', '16|7');
INSERT INTO T_MAED_PARAMETRO_RELACION(ID_PARAMETRO, ID_DETALLE, PARAMETROS, DETALLES) VALUES (25, 12, '22|23', '16|8');
INSERT INTO T_MAED_PARAMETRO_RELACION(ID_PARAMETRO, ID_DETALLE, PARAMETROS, DETALLES) VALUES (25, 15, '22|23', '16|9');
INSERT INTO T_MAED_PARAMETRO_RELACION(ID_PARAMETRO, ID_DETALLE, PARAMETROS, DETALLES) VALUES (25, 10, '22|23', '17|6');
INSERT INTO T_MAED_PARAMETRO_RELACION(ID_PARAMETRO, ID_DETALLE, PARAMETROS, DETALLES) VALUES (25, 19, '22|23', '17|6');
INSERT INTO T_MAED_PARAMETRO_RELACION(ID_PARAMETRO, ID_DETALLE, PARAMETROS, DETALLES) VALUES (25, 12, '22|23', '17|6');
INSERT INTO T_MAED_PARAMETRO_RELACION(ID_PARAMETRO, ID_DETALLE, PARAMETROS, DETALLES) VALUES (25, 10, '22|23', '17|7');
INSERT INTO T_MAED_PARAMETRO_RELACION(ID_PARAMETRO, ID_DETALLE, PARAMETROS, DETALLES) VALUES (25, 19, '22|23', '17|7');
INSERT INTO T_MAED_PARAMETRO_RELACION(ID_PARAMETRO, ID_DETALLE, PARAMETROS, DETALLES) VALUES (25, 12, '22|23', '17|7');
INSERT INTO T_MAED_PARAMETRO_RELACION(ID_PARAMETRO, ID_DETALLE, PARAMETROS, DETALLES) VALUES (25, 10, '22|23', '17|8');
INSERT INTO T_MAED_PARAMETRO_RELACION(ID_PARAMETRO, ID_DETALLE, PARAMETROS, DETALLES) VALUES (25, 19, '22|23', '17|8');
INSERT INTO T_MAED_PARAMETRO_RELACION(ID_PARAMETRO, ID_DETALLE, PARAMETROS, DETALLES) VALUES (25, 12, '22|23', '17|8');
INSERT INTO T_MAED_PARAMETRO_RELACION(ID_PARAMETRO, ID_DETALLE, PARAMETROS, DETALLES) VALUES (25, 13, '22|23', '17|9');
INSERT INTO T_MAED_PARAMETRO_RELACION(ID_PARAMETRO, ID_DETALLE, PARAMETROS, DETALLES) VALUES (25, 20, '22|23', '17|9');
INSERT INTO T_MAED_PARAMETRO_RELACION(ID_PARAMETRO, ID_DETALLE, PARAMETROS, DETALLES) VALUES (25, 15, '22|23', '17|9');
INSERT INTO T_MAED_PARAMETRO_RELACION(ID_PARAMETRO, ID_DETALLE, PARAMETROS, DETALLES) VALUES (25, 16, '22|23', '17|4');
INSERT INTO T_MAED_PARAMETRO_RELACION(ID_PARAMETRO, ID_DETALLE, PARAMETROS, DETALLES) VALUES (25, 21, '22|23', '18|6');
INSERT INTO T_MAED_PARAMETRO_RELACION(ID_PARAMETRO, ID_DETALLE, PARAMETROS, DETALLES) VALUES (25, 12, '22|23', '18|6');
INSERT INTO T_MAED_PARAMETRO_RELACION(ID_PARAMETRO, ID_DETALLE, PARAMETROS, DETALLES) VALUES (25, 21, '22|23', '18|7');
INSERT INTO T_MAED_PARAMETRO_RELACION(ID_PARAMETRO, ID_DETALLE, PARAMETROS, DETALLES) VALUES (25, 12, '22|23', '18|7');
INSERT INTO T_MAED_PARAMETRO_RELACION(ID_PARAMETRO, ID_DETALLE, PARAMETROS, DETALLES) VALUES (25, 22, '22|23', '18|9');
INSERT INTO T_MAED_PARAMETRO_RELACION(ID_PARAMETRO, ID_DETALLE, PARAMETROS, DETALLES) VALUES (25, 15, '22|23', '18|9');
INSERT INTO T_MAED_PARAMETRO_RELACION(ID_PARAMETRO, ID_DETALLE, PARAMETROS, DETALLES) VALUES (25, 16, '22|23', '18|4');
INSERT INTO T_MAED_PARAMETRO_RELACION(ID_PARAMETRO, ID_DETALLE, PARAMETROS, DETALLES) VALUES (25, 23, '22|23', '19|11');
INSERT INTO T_MAED_PARAMETRO_RELACION(ID_PARAMETRO, ID_DETALLE, PARAMETROS, DETALLES) VALUES (25, 24, '22|23', '19|11');
INSERT INTO T_MAED_PARAMETRO_RELACION(ID_PARAMETRO, ID_DETALLE, PARAMETROS, DETALLES) VALUES (25, 25, '22|23', '19|12');
INSERT INTO T_MAED_PARAMETRO_RELACION(ID_PARAMETRO, ID_DETALLE, PARAMETROS, DETALLES) VALUES (25, 23, '22|23', '20|11');
INSERT INTO T_MAED_PARAMETRO_RELACION(ID_PARAMETRO, ID_DETALLE, PARAMETROS, DETALLES) VALUES (25, 24, '22|23', '20|11');
INSERT INTO T_MAED_PARAMETRO_RELACION(ID_PARAMETRO, ID_DETALLE, PARAMETROS, DETALLES) VALUES (25, 25, '22|23', '20|12');
INSERT INTO T_MAED_PARAMETRO_RELACION(ID_PARAMETRO, ID_DETALLE, PARAMETROS, DETALLES) VALUES (25, 23, '22|23', '21|11');
INSERT INTO T_MAED_PARAMETRO_RELACION(ID_PARAMETRO, ID_DETALLE, PARAMETROS, DETALLES) VALUES (25, 24, '22|23', '21|11');
INSERT INTO T_MAED_PARAMETRO_RELACION(ID_PARAMETRO, ID_DETALLE, PARAMETROS, DETALLES) VALUES (25, 25, '22|23', '21|12');
INSERT INTO T_MAED_PARAMETRO_RELACION(ID_PARAMETRO, ID_DETALLE, PARAMETROS, DETALLES) VALUES (25, 23, '22|23', '22|11');
INSERT INTO T_MAED_PARAMETRO_RELACION(ID_PARAMETRO, ID_DETALLE, PARAMETROS, DETALLES) VALUES (25, 24, '22|23', '22|11');
INSERT INTO T_MAED_PARAMETRO_RELACION(ID_PARAMETRO, ID_DETALLE, PARAMETROS, DETALLES) VALUES (25, 25, '22|23', '22|12');
INSERT INTO T_MAED_PARAMETRO_RELACION(ID_PARAMETRO, ID_DETALLE, PARAMETROS, DETALLES) VALUES (25, 23, '22|23', '23|11');
INSERT INTO T_MAED_PARAMETRO_RELACION(ID_PARAMETRO, ID_DETALLE, PARAMETROS, DETALLES) VALUES (25, 24, '22|23', '23|11');
INSERT INTO T_MAED_PARAMETRO_RELACION(ID_PARAMETRO, ID_DETALLE, PARAMETROS, DETALLES) VALUES (25, 23, '22|23', '24|11');
INSERT INTO T_MAED_PARAMETRO_RELACION(ID_PARAMETRO, ID_DETALLE, PARAMETROS, DETALLES) VALUES (25, 24, '22|23', '24|11');
INSERT INTO T_MAED_PARAMETRO_RELACION(ID_PARAMETRO, ID_DETALLE, PARAMETROS, DETALLES) VALUES (25, 23, '22|23', '25|11');
INSERT INTO T_MAED_PARAMETRO_RELACION(ID_PARAMETRO, ID_DETALLE, PARAMETROS, DETALLES) VALUES (25, 24, '22|23', '25|11');
INSERT INTO T_MAED_PARAMETRO_RELACION(ID_PARAMETRO, ID_DETALLE, PARAMETROS, DETALLES) VALUES (25, 25, '22|23', '25|12');
INSERT INTO T_MAED_PARAMETRO_RELACION(ID_PARAMETRO, ID_DETALLE, PARAMETROS, DETALLES) VALUES (25, 27, '22|23', '26|11');
INSERT INTO T_MAED_PARAMETRO_RELACION(ID_PARAMETRO, ID_DETALLE, PARAMETROS, DETALLES) VALUES (25, 24, '22|23', '26|11');
INSERT INTO T_MAED_PARAMETRO_RELACION(ID_PARAMETRO, ID_DETALLE, PARAMETROS, DETALLES) VALUES (25, 27, '22|23', '27|11');
INSERT INTO T_MAED_PARAMETRO_RELACION(ID_PARAMETRO, ID_DETALLE, PARAMETROS, DETALLES) VALUES (25, 24, '22|23', '27|11');
INSERT INTO T_MAED_PARAMETRO_RELACION(ID_PARAMETRO, ID_DETALLE, PARAMETROS, DETALLES) VALUES (25, 25, '22|23', '27|12');
INSERT INTO T_MAED_PARAMETRO_RELACION(ID_PARAMETRO, ID_DETALLE, PARAMETROS, DETALLES) VALUES (25, 27, '22|23', '28|11');
INSERT INTO T_MAED_PARAMETRO_RELACION(ID_PARAMETRO, ID_DETALLE, PARAMETROS, DETALLES) VALUES (25, 24, '22|23', '28|11');
INSERT INTO T_MAED_PARAMETRO_RELACION(ID_PARAMETRO, ID_DETALLE, PARAMETROS, DETALLES) VALUES (25, 27, '22|23', '29|11');
INSERT INTO T_MAED_PARAMETRO_RELACION(ID_PARAMETRO, ID_DETALLE, PARAMETROS, DETALLES) VALUES (25, 24, '22|23', '29|11');
INSERT INTO T_MAED_PARAMETRO_RELACION(ID_PARAMETRO, ID_DETALLE, PARAMETROS, DETALLES) VALUES (25, 10, '22|23', '30|6');
INSERT INTO T_MAED_PARAMETRO_RELACION(ID_PARAMETRO, ID_DETALLE, PARAMETROS, DETALLES) VALUES (25, 19, '22|23', '30|6');
INSERT INTO T_MAED_PARAMETRO_RELACION(ID_PARAMETRO, ID_DETALLE, PARAMETROS, DETALLES) VALUES (25, 12, '22|23', '30|6');
INSERT INTO T_MAED_PARAMETRO_RELACION(ID_PARAMETRO, ID_DETALLE, PARAMETROS, DETALLES) VALUES (25, 10, '22|23', '30|7');
INSERT INTO T_MAED_PARAMETRO_RELACION(ID_PARAMETRO, ID_DETALLE, PARAMETROS, DETALLES) VALUES (25, 19, '22|23', '30|7');
INSERT INTO T_MAED_PARAMETRO_RELACION(ID_PARAMETRO, ID_DETALLE, PARAMETROS, DETALLES) VALUES (25, 12, '22|23', '30|7');
INSERT INTO T_MAED_PARAMETRO_RELACION(ID_PARAMETRO, ID_DETALLE, PARAMETROS, DETALLES) VALUES (25, 10, '22|23', '30|8');
INSERT INTO T_MAED_PARAMETRO_RELACION(ID_PARAMETRO, ID_DETALLE, PARAMETROS, DETALLES) VALUES (25, 19, '22|23', '30|8');
INSERT INTO T_MAED_PARAMETRO_RELACION(ID_PARAMETRO, ID_DETALLE, PARAMETROS, DETALLES) VALUES (25, 12, '22|23', '30|8');
INSERT INTO T_MAED_PARAMETRO_RELACION(ID_PARAMETRO, ID_DETALLE, PARAMETROS, DETALLES) VALUES (25, 13, '22|23', '30|9');
INSERT INTO T_MAED_PARAMETRO_RELACION(ID_PARAMETRO, ID_DETALLE, PARAMETROS, DETALLES) VALUES (25, 20, '22|23', '30|9');
INSERT INTO T_MAED_PARAMETRO_RELACION(ID_PARAMETRO, ID_DETALLE, PARAMETROS, DETALLES) VALUES (25, 15, '22|23', '30|9');
INSERT INTO T_MAED_PARAMETRO_RELACION(ID_PARAMETRO, ID_DETALLE, PARAMETROS, DETALLES) VALUES (25, 16, '22|23', '30|4');
INSERT INTO T_MAED_PARAMETRO_RELACION(ID_PARAMETRO, ID_DETALLE, PARAMETROS, DETALLES) VALUES (25, 21, '22|23', '31|6');
INSERT INTO T_MAED_PARAMETRO_RELACION(ID_PARAMETRO, ID_DETALLE, PARAMETROS, DETALLES) VALUES (25, 12, '22|23', '31|6');
INSERT INTO T_MAED_PARAMETRO_RELACION(ID_PARAMETRO, ID_DETALLE, PARAMETROS, DETALLES) VALUES (25, 21, '22|23', '31|7');
INSERT INTO T_MAED_PARAMETRO_RELACION(ID_PARAMETRO, ID_DETALLE, PARAMETROS, DETALLES) VALUES (25, 12, '22|23', '31|7');
INSERT INTO T_MAED_PARAMETRO_RELACION(ID_PARAMETRO, ID_DETALLE, PARAMETROS, DETALLES) VALUES (25, 21, '22|23', '31|8');
INSERT INTO T_MAED_PARAMETRO_RELACION(ID_PARAMETRO, ID_DETALLE, PARAMETROS, DETALLES) VALUES (25, 12, '22|23', '31|8');
INSERT INTO T_MAED_PARAMETRO_RELACION(ID_PARAMETRO, ID_DETALLE, PARAMETROS, DETALLES) VALUES (25, 22, '22|23', '31|9');
INSERT INTO T_MAED_PARAMETRO_RELACION(ID_PARAMETRO, ID_DETALLE, PARAMETROS, DETALLES) VALUES (25, 15, '22|23', '31|9');
INSERT INTO T_MAED_PARAMETRO_RELACION(ID_PARAMETRO, ID_DETALLE, PARAMETROS, DETALLES) VALUES (25, 16, '22|23', '31|4');
INSERT INTO T_MAED_PARAMETRO_RELACION(ID_PARAMETRO, ID_DETALLE, PARAMETROS, DETALLES) VALUES (25, 28, '22|23', '32|6');
INSERT INTO T_MAED_PARAMETRO_RELACION(ID_PARAMETRO, ID_DETALLE, PARAMETROS, DETALLES) VALUES (25, 12, '22|23', '32|6');
INSERT INTO T_MAED_PARAMETRO_RELACION(ID_PARAMETRO, ID_DETALLE, PARAMETROS, DETALLES) VALUES (25, 28, '22|23', '32|7');
INSERT INTO T_MAED_PARAMETRO_RELACION(ID_PARAMETRO, ID_DETALLE, PARAMETROS, DETALLES) VALUES (25, 12, '22|23', '32|7');
INSERT INTO T_MAED_PARAMETRO_RELACION(ID_PARAMETRO, ID_DETALLE, PARAMETROS, DETALLES) VALUES (25, 28, '22|23', '32|8');
INSERT INTO T_MAED_PARAMETRO_RELACION(ID_PARAMETRO, ID_DETALLE, PARAMETROS, DETALLES) VALUES (25, 12, '22|23', '32|8');
INSERT INTO T_MAED_PARAMETRO_RELACION(ID_PARAMETRO, ID_DETALLE, PARAMETROS, DETALLES) VALUES (25, 29, '22|23', '32|9');
INSERT INTO T_MAED_PARAMETRO_RELACION(ID_PARAMETRO, ID_DETALLE, PARAMETROS, DETALLES) VALUES (25, 15, '22|23', '32|9');
INSERT INTO T_MAED_PARAMETRO_RELACION(ID_PARAMETRO, ID_DETALLE, PARAMETROS, DETALLES) VALUES (25, 16, '22|23', '32|4');
INSERT INTO T_MAED_PARAMETRO_RELACION(ID_PARAMETRO, ID_DETALLE, PARAMETROS, DETALLES) VALUES (25, 30, '22|23', '33|6');
INSERT INTO T_MAED_PARAMETRO_RELACION(ID_PARAMETRO, ID_DETALLE, PARAMETROS, DETALLES) VALUES (25, 12, '22|23', '33|6');
INSERT INTO T_MAED_PARAMETRO_RELACION(ID_PARAMETRO, ID_DETALLE, PARAMETROS, DETALLES) VALUES (25, 30, '22|23', '33|7');
INSERT INTO T_MAED_PARAMETRO_RELACION(ID_PARAMETRO, ID_DETALLE, PARAMETROS, DETALLES) VALUES (25, 12, '22|23', '33|7');
INSERT INTO T_MAED_PARAMETRO_RELACION(ID_PARAMETRO, ID_DETALLE, PARAMETROS, DETALLES) VALUES (25, 30, '22|23', '33|8');
INSERT INTO T_MAED_PARAMETRO_RELACION(ID_PARAMETRO, ID_DETALLE, PARAMETROS, DETALLES) VALUES (25, 12, '22|23', '33|8');
INSERT INTO T_MAED_PARAMETRO_RELACION(ID_PARAMETRO, ID_DETALLE, PARAMETROS, DETALLES) VALUES (25, 31, '22|23', '33|9');
INSERT INTO T_MAED_PARAMETRO_RELACION(ID_PARAMETRO, ID_DETALLE, PARAMETROS, DETALLES) VALUES (25, 15, '22|23', '33|9');
INSERT INTO T_MAED_PARAMETRO_RELACION(ID_PARAMETRO, ID_DETALLE, PARAMETROS, DETALLES) VALUES (25, 16, '22|23', '33|4');

INSERT INTO T_MAED_PARAMETRO_RELACION(ID_PARAMETRO, ID_DETALLE, PARAMETROS, DETALLES) VALUES (7, 1, '22', '1');
INSERT INTO T_MAED_PARAMETRO_RELACION(ID_PARAMETRO, ID_DETALLE, PARAMETROS, DETALLES) VALUES (7, 2, '22', '1');
INSERT INTO T_MAED_PARAMETRO_RELACION(ID_PARAMETRO, ID_DETALLE, PARAMETROS, DETALLES) VALUES (7, 3, '22', '1');
INSERT INTO T_MAED_PARAMETRO_RELACION(ID_PARAMETRO, ID_DETALLE, PARAMETROS, DETALLES) VALUES (7, 4, '22', '1');
INSERT INTO T_MAED_PARAMETRO_RELACION(ID_PARAMETRO, ID_DETALLE, PARAMETROS, DETALLES) VALUES (7, 1, '22', '2');
INSERT INTO T_MAED_PARAMETRO_RELACION(ID_PARAMETRO, ID_DETALLE, PARAMETROS, DETALLES) VALUES (7, 2, '22', '2');
INSERT INTO T_MAED_PARAMETRO_RELACION(ID_PARAMETRO, ID_DETALLE, PARAMETROS, DETALLES) VALUES (7, 3, '22', '2');
INSERT INTO T_MAED_PARAMETRO_RELACION(ID_PARAMETRO, ID_DETALLE, PARAMETROS, DETALLES) VALUES (7, 4, '22', '2');
INSERT INTO T_MAED_PARAMETRO_RELACION(ID_PARAMETRO, ID_DETALLE, PARAMETROS, DETALLES) VALUES (7, 1, '22', '3');
INSERT INTO T_MAED_PARAMETRO_RELACION(ID_PARAMETRO, ID_DETALLE, PARAMETROS, DETALLES) VALUES (7, 2, '22', '3');
INSERT INTO T_MAED_PARAMETRO_RELACION(ID_PARAMETRO, ID_DETALLE, PARAMETROS, DETALLES) VALUES (7, 3, '22', '3');
INSERT INTO T_MAED_PARAMETRO_RELACION(ID_PARAMETRO, ID_DETALLE, PARAMETROS, DETALLES) VALUES (7, 4, '22', '3');
INSERT INTO T_MAED_PARAMETRO_RELACION(ID_PARAMETRO, ID_DETALLE, PARAMETROS, DETALLES) VALUES (7, 1, '22', '4');
INSERT INTO T_MAED_PARAMETRO_RELACION(ID_PARAMETRO, ID_DETALLE, PARAMETROS, DETALLES) VALUES (7, 2, '22', '4');
INSERT INTO T_MAED_PARAMETRO_RELACION(ID_PARAMETRO, ID_DETALLE, PARAMETROS, DETALLES) VALUES (7, 5, '22', '4');
INSERT INTO T_MAED_PARAMETRO_RELACION(ID_PARAMETRO, ID_DETALLE, PARAMETROS, DETALLES) VALUES (7, 4, '22', '4');
INSERT INTO T_MAED_PARAMETRO_RELACION(ID_PARAMETRO, ID_DETALLE, PARAMETROS, DETALLES) VALUES (7, 1, '22', '5');
INSERT INTO T_MAED_PARAMETRO_RELACION(ID_PARAMETRO, ID_DETALLE, PARAMETROS, DETALLES) VALUES (7, 2, '22', '5');
INSERT INTO T_MAED_PARAMETRO_RELACION(ID_PARAMETRO, ID_DETALLE, PARAMETROS, DETALLES) VALUES (7, 5, '22', '5');
INSERT INTO T_MAED_PARAMETRO_RELACION(ID_PARAMETRO, ID_DETALLE, PARAMETROS, DETALLES) VALUES (7, 4, '22', '5');
INSERT INTO T_MAED_PARAMETRO_RELACION(ID_PARAMETRO, ID_DETALLE, PARAMETROS, DETALLES) VALUES (7, 6, '22', '6');
INSERT INTO T_MAED_PARAMETRO_RELACION(ID_PARAMETRO, ID_DETALLE, PARAMETROS, DETALLES) VALUES (7, 7, '22', '6');
INSERT INTO T_MAED_PARAMETRO_RELACION(ID_PARAMETRO, ID_DETALLE, PARAMETROS, DETALLES) VALUES (7, 8, '22', '6');
INSERT INTO T_MAED_PARAMETRO_RELACION(ID_PARAMETRO, ID_DETALLE, PARAMETROS, DETALLES) VALUES (7, 9, '22', '6');
INSERT INTO T_MAED_PARAMETRO_RELACION(ID_PARAMETRO, ID_DETALLE, PARAMETROS, DETALLES) VALUES (7, 10, '22', '6');
INSERT INTO T_MAED_PARAMETRO_RELACION(ID_PARAMETRO, ID_DETALLE, PARAMETROS, DETALLES) VALUES (7, 6, '22', '7');
INSERT INTO T_MAED_PARAMETRO_RELACION(ID_PARAMETRO, ID_DETALLE, PARAMETROS, DETALLES) VALUES (7, 7, '22', '7');
INSERT INTO T_MAED_PARAMETRO_RELACION(ID_PARAMETRO, ID_DETALLE, PARAMETROS, DETALLES) VALUES (7, 8, '22', '7');
INSERT INTO T_MAED_PARAMETRO_RELACION(ID_PARAMETRO, ID_DETALLE, PARAMETROS, DETALLES) VALUES (7, 9, '22', '7');
INSERT INTO T_MAED_PARAMETRO_RELACION(ID_PARAMETRO, ID_DETALLE, PARAMETROS, DETALLES) VALUES (7, 10, '22', '7');
INSERT INTO T_MAED_PARAMETRO_RELACION(ID_PARAMETRO, ID_DETALLE, PARAMETROS, DETALLES) VALUES (7, 6, '22', '8');
INSERT INTO T_MAED_PARAMETRO_RELACION(ID_PARAMETRO, ID_DETALLE, PARAMETROS, DETALLES) VALUES (7, 7, '22', '8');
INSERT INTO T_MAED_PARAMETRO_RELACION(ID_PARAMETRO, ID_DETALLE, PARAMETROS, DETALLES) VALUES (7, 8, '22', '8');
INSERT INTO T_MAED_PARAMETRO_RELACION(ID_PARAMETRO, ID_DETALLE, PARAMETROS, DETALLES) VALUES (7, 9, '22', '8');
INSERT INTO T_MAED_PARAMETRO_RELACION(ID_PARAMETRO, ID_DETALLE, PARAMETROS, DETALLES) VALUES (7, 6, '22', '9');
INSERT INTO T_MAED_PARAMETRO_RELACION(ID_PARAMETRO, ID_DETALLE, PARAMETROS, DETALLES) VALUES (7, 7, '22', '9');
INSERT INTO T_MAED_PARAMETRO_RELACION(ID_PARAMETRO, ID_DETALLE, PARAMETROS, DETALLES) VALUES (7, 8, '22', '9');
INSERT INTO T_MAED_PARAMETRO_RELACION(ID_PARAMETRO, ID_DETALLE, PARAMETROS, DETALLES) VALUES (7, 9, '22', '9');
INSERT INTO T_MAED_PARAMETRO_RELACION(ID_PARAMETRO, ID_DETALLE, PARAMETROS, DETALLES) VALUES (7, 6, '22', '10');
INSERT INTO T_MAED_PARAMETRO_RELACION(ID_PARAMETRO, ID_DETALLE, PARAMETROS, DETALLES) VALUES (7, 7, '22', '10');
INSERT INTO T_MAED_PARAMETRO_RELACION(ID_PARAMETRO, ID_DETALLE, PARAMETROS, DETALLES) VALUES (7, 8, '22', '10');
INSERT INTO T_MAED_PARAMETRO_RELACION(ID_PARAMETRO, ID_DETALLE, PARAMETROS, DETALLES) VALUES (7, 9, '22', '10');
INSERT INTO T_MAED_PARAMETRO_RELACION(ID_PARAMETRO, ID_DETALLE, PARAMETROS, DETALLES) VALUES (7, 6, '22', '11');
INSERT INTO T_MAED_PARAMETRO_RELACION(ID_PARAMETRO, ID_DETALLE, PARAMETROS, DETALLES) VALUES (7, 7, '22', '11');
INSERT INTO T_MAED_PARAMETRO_RELACION(ID_PARAMETRO, ID_DETALLE, PARAMETROS, DETALLES) VALUES (7, 8, '22', '11');
INSERT INTO T_MAED_PARAMETRO_RELACION(ID_PARAMETRO, ID_DETALLE, PARAMETROS, DETALLES) VALUES (7, 9, '22', '11');
INSERT INTO T_MAED_PARAMETRO_RELACION(ID_PARAMETRO, ID_DETALLE, PARAMETROS, DETALLES) VALUES (7, 6, '22', '12');
INSERT INTO T_MAED_PARAMETRO_RELACION(ID_PARAMETRO, ID_DETALLE, PARAMETROS, DETALLES) VALUES (7, 7, '22', '12');
INSERT INTO T_MAED_PARAMETRO_RELACION(ID_PARAMETRO, ID_DETALLE, PARAMETROS, DETALLES) VALUES (7, 8, '22', '12');
INSERT INTO T_MAED_PARAMETRO_RELACION(ID_PARAMETRO, ID_DETALLE, PARAMETROS, DETALLES) VALUES (7, 9, '22', '12');
INSERT INTO T_MAED_PARAMETRO_RELACION(ID_PARAMETRO, ID_DETALLE, PARAMETROS, DETALLES) VALUES (7, 6, '22', '13');
INSERT INTO T_MAED_PARAMETRO_RELACION(ID_PARAMETRO, ID_DETALLE, PARAMETROS, DETALLES) VALUES (7, 7, '22', '13');
INSERT INTO T_MAED_PARAMETRO_RELACION(ID_PARAMETRO, ID_DETALLE, PARAMETROS, DETALLES) VALUES (7, 9, '22', '13');
INSERT INTO T_MAED_PARAMETRO_RELACION(ID_PARAMETRO, ID_DETALLE, PARAMETROS, DETALLES) VALUES (7, 6, '22', '14');
INSERT INTO T_MAED_PARAMETRO_RELACION(ID_PARAMETRO, ID_DETALLE, PARAMETROS, DETALLES) VALUES (7, 7, '22', '14');
INSERT INTO T_MAED_PARAMETRO_RELACION(ID_PARAMETRO, ID_DETALLE, PARAMETROS, DETALLES) VALUES (7, 8, '22', '14');
INSERT INTO T_MAED_PARAMETRO_RELACION(ID_PARAMETRO, ID_DETALLE, PARAMETROS, DETALLES) VALUES (7, 9, '22', '14');
INSERT INTO T_MAED_PARAMETRO_RELACION(ID_PARAMETRO, ID_DETALLE, PARAMETROS, DETALLES) VALUES (7, 4, '22', '14');
INSERT INTO T_MAED_PARAMETRO_RELACION(ID_PARAMETRO, ID_DETALLE, PARAMETROS, DETALLES) VALUES (7, 6, '22', '15');
INSERT INTO T_MAED_PARAMETRO_RELACION(ID_PARAMETRO, ID_DETALLE, PARAMETROS, DETALLES) VALUES (7, 7, '22', '15');
INSERT INTO T_MAED_PARAMETRO_RELACION(ID_PARAMETRO, ID_DETALLE, PARAMETROS, DETALLES) VALUES (7, 8, '22', '15');
INSERT INTO T_MAED_PARAMETRO_RELACION(ID_PARAMETRO, ID_DETALLE, PARAMETROS, DETALLES) VALUES (7, 9, '22', '15');
INSERT INTO T_MAED_PARAMETRO_RELACION(ID_PARAMETRO, ID_DETALLE, PARAMETROS, DETALLES) VALUES (7, 4, '22', '15');
INSERT INTO T_MAED_PARAMETRO_RELACION(ID_PARAMETRO, ID_DETALLE, PARAMETROS, DETALLES) VALUES (7, 6, '22', '16');
INSERT INTO T_MAED_PARAMETRO_RELACION(ID_PARAMETRO, ID_DETALLE, PARAMETROS, DETALLES) VALUES (7, 7, '22', '16');
INSERT INTO T_MAED_PARAMETRO_RELACION(ID_PARAMETRO, ID_DETALLE, PARAMETROS, DETALLES) VALUES (7, 8, '22', '16');
INSERT INTO T_MAED_PARAMETRO_RELACION(ID_PARAMETRO, ID_DETALLE, PARAMETROS, DETALLES) VALUES (7, 9, '22', '16');
INSERT INTO T_MAED_PARAMETRO_RELACION(ID_PARAMETRO, ID_DETALLE, PARAMETROS, DETALLES) VALUES (7, 6, '22', '17');
INSERT INTO T_MAED_PARAMETRO_RELACION(ID_PARAMETRO, ID_DETALLE, PARAMETROS, DETALLES) VALUES (7, 7, '22', '17');
INSERT INTO T_MAED_PARAMETRO_RELACION(ID_PARAMETRO, ID_DETALLE, PARAMETROS, DETALLES) VALUES (7, 8, '22', '17');
INSERT INTO T_MAED_PARAMETRO_RELACION(ID_PARAMETRO, ID_DETALLE, PARAMETROS, DETALLES) VALUES (7, 9, '22', '17');
INSERT INTO T_MAED_PARAMETRO_RELACION(ID_PARAMETRO, ID_DETALLE, PARAMETROS, DETALLES) VALUES (7, 4, '22', '17');
INSERT INTO T_MAED_PARAMETRO_RELACION(ID_PARAMETRO, ID_DETALLE, PARAMETROS, DETALLES) VALUES (7, 6, '22', '18');
INSERT INTO T_MAED_PARAMETRO_RELACION(ID_PARAMETRO, ID_DETALLE, PARAMETROS, DETALLES) VALUES (7, 7, '22', '18');
INSERT INTO T_MAED_PARAMETRO_RELACION(ID_PARAMETRO, ID_DETALLE, PARAMETROS, DETALLES) VALUES (7, 9, '22', '18');
INSERT INTO T_MAED_PARAMETRO_RELACION(ID_PARAMETRO, ID_DETALLE, PARAMETROS, DETALLES) VALUES (7, 4, '22', '18');
INSERT INTO T_MAED_PARAMETRO_RELACION(ID_PARAMETRO, ID_DETALLE, PARAMETROS, DETALLES) VALUES (7, 11, '22', '19');
INSERT INTO T_MAED_PARAMETRO_RELACION(ID_PARAMETRO, ID_DETALLE, PARAMETROS, DETALLES) VALUES (7, 12, '22', '19');
INSERT INTO T_MAED_PARAMETRO_RELACION(ID_PARAMETRO, ID_DETALLE, PARAMETROS, DETALLES) VALUES (7, 11, '22', '20');
INSERT INTO T_MAED_PARAMETRO_RELACION(ID_PARAMETRO, ID_DETALLE, PARAMETROS, DETALLES) VALUES (7, 12, '22', '20');
INSERT INTO T_MAED_PARAMETRO_RELACION(ID_PARAMETRO, ID_DETALLE, PARAMETROS, DETALLES) VALUES (7, 11, '22', '21');
INSERT INTO T_MAED_PARAMETRO_RELACION(ID_PARAMETRO, ID_DETALLE, PARAMETROS, DETALLES) VALUES (7, 12, '22', '21');
INSERT INTO T_MAED_PARAMETRO_RELACION(ID_PARAMETRO, ID_DETALLE, PARAMETROS, DETALLES) VALUES (7, 11, '22', '22');
INSERT INTO T_MAED_PARAMETRO_RELACION(ID_PARAMETRO, ID_DETALLE, PARAMETROS, DETALLES) VALUES (7, 12, '22', '22');
INSERT INTO T_MAED_PARAMETRO_RELACION(ID_PARAMETRO, ID_DETALLE, PARAMETROS, DETALLES) VALUES (7, 11, '22', '23');
INSERT INTO T_MAED_PARAMETRO_RELACION(ID_PARAMETRO, ID_DETALLE, PARAMETROS, DETALLES) VALUES (7, 11, '22', '24');
INSERT INTO T_MAED_PARAMETRO_RELACION(ID_PARAMETRO, ID_DETALLE, PARAMETROS, DETALLES) VALUES (7, 11, '22', '25');
INSERT INTO T_MAED_PARAMETRO_RELACION(ID_PARAMETRO, ID_DETALLE, PARAMETROS, DETALLES) VALUES (7, 12, '22', '25');
INSERT INTO T_MAED_PARAMETRO_RELACION(ID_PARAMETRO, ID_DETALLE, PARAMETROS, DETALLES) VALUES (7, 11, '22', '26');
INSERT INTO T_MAED_PARAMETRO_RELACION(ID_PARAMETRO, ID_DETALLE, PARAMETROS, DETALLES) VALUES (7, 11, '22', '27');
INSERT INTO T_MAED_PARAMETRO_RELACION(ID_PARAMETRO, ID_DETALLE, PARAMETROS, DETALLES) VALUES (7, 12, '22', '27');
INSERT INTO T_MAED_PARAMETRO_RELACION(ID_PARAMETRO, ID_DETALLE, PARAMETROS, DETALLES) VALUES (7, 11, '22', '28');
INSERT INTO T_MAED_PARAMETRO_RELACION(ID_PARAMETRO, ID_DETALLE, PARAMETROS, DETALLES) VALUES (7, 11, '22', '29');
INSERT INTO T_MAED_PARAMETRO_RELACION(ID_PARAMETRO, ID_DETALLE, PARAMETROS, DETALLES) VALUES (7, 6, '22', '30');
INSERT INTO T_MAED_PARAMETRO_RELACION(ID_PARAMETRO, ID_DETALLE, PARAMETROS, DETALLES) VALUES (7, 7, '22', '30');
INSERT INTO T_MAED_PARAMETRO_RELACION(ID_PARAMETRO, ID_DETALLE, PARAMETROS, DETALLES) VALUES (7, 8, '22', '30');
INSERT INTO T_MAED_PARAMETRO_RELACION(ID_PARAMETRO, ID_DETALLE, PARAMETROS, DETALLES) VALUES (7, 9, '22', '30');
INSERT INTO T_MAED_PARAMETRO_RELACION(ID_PARAMETRO, ID_DETALLE, PARAMETROS, DETALLES) VALUES (7, 4, '22', '30');
INSERT INTO T_MAED_PARAMETRO_RELACION(ID_PARAMETRO, ID_DETALLE, PARAMETROS, DETALLES) VALUES (7, 6, '22', '31');
INSERT INTO T_MAED_PARAMETRO_RELACION(ID_PARAMETRO, ID_DETALLE, PARAMETROS, DETALLES) VALUES (7, 7, '22', '31');
INSERT INTO T_MAED_PARAMETRO_RELACION(ID_PARAMETRO, ID_DETALLE, PARAMETROS, DETALLES) VALUES (7, 8, '22', '31');
INSERT INTO T_MAED_PARAMETRO_RELACION(ID_PARAMETRO, ID_DETALLE, PARAMETROS, DETALLES) VALUES (7, 9, '22', '31');
INSERT INTO T_MAED_PARAMETRO_RELACION(ID_PARAMETRO, ID_DETALLE, PARAMETROS, DETALLES) VALUES (7, 4, '22', '31');
INSERT INTO T_MAED_PARAMETRO_RELACION(ID_PARAMETRO, ID_DETALLE, PARAMETROS, DETALLES) VALUES (7, 6, '22', '32');
INSERT INTO T_MAED_PARAMETRO_RELACION(ID_PARAMETRO, ID_DETALLE, PARAMETROS, DETALLES) VALUES (7, 7, '22', '32');
INSERT INTO T_MAED_PARAMETRO_RELACION(ID_PARAMETRO, ID_DETALLE, PARAMETROS, DETALLES) VALUES (7, 8, '22', '32');
INSERT INTO T_MAED_PARAMETRO_RELACION(ID_PARAMETRO, ID_DETALLE, PARAMETROS, DETALLES) VALUES (7, 9, '22', '32');
INSERT INTO T_MAED_PARAMETRO_RELACION(ID_PARAMETRO, ID_DETALLE, PARAMETROS, DETALLES) VALUES (7, 4, '22', '32');
INSERT INTO T_MAED_PARAMETRO_RELACION(ID_PARAMETRO, ID_DETALLE, PARAMETROS, DETALLES) VALUES (7, 6, '22', '33');
INSERT INTO T_MAED_PARAMETRO_RELACION(ID_PARAMETRO, ID_DETALLE, PARAMETROS, DETALLES) VALUES (7, 7, '22', '33');
INSERT INTO T_MAED_PARAMETRO_RELACION(ID_PARAMETRO, ID_DETALLE, PARAMETROS, DETALLES) VALUES (7, 8, '22', '33');
INSERT INTO T_MAED_PARAMETRO_RELACION(ID_PARAMETRO, ID_DETALLE, PARAMETROS, DETALLES) VALUES (7, 9, '22', '33');
INSERT INTO T_MAED_PARAMETRO_RELACION(ID_PARAMETRO, ID_DETALLE, PARAMETROS, DETALLES) VALUES (7, 4, '22', '33');

INSERT INTO T_MAED_PARAMETRO_RELACION(ID_PARAMETRO, ID_DETALLE, PARAMETROS, DETALLES) VALUES (9, 1, '22|7', '1|1');
INSERT INTO T_MAED_PARAMETRO_RELACION(ID_PARAMETRO, ID_DETALLE, PARAMETROS, DETALLES) VALUES (9, 2, '22|7', '1|2');
INSERT INTO T_MAED_PARAMETRO_RELACION(ID_PARAMETRO, ID_DETALLE, PARAMETROS, DETALLES) VALUES (9, 3, '22|7', '1|3');
INSERT INTO T_MAED_PARAMETRO_RELACION(ID_PARAMETRO, ID_DETALLE, PARAMETROS, DETALLES) VALUES (9, 4, '22|7', '1|4');
INSERT INTO T_MAED_PARAMETRO_RELACION(ID_PARAMETRO, ID_DETALLE, PARAMETROS, DETALLES) VALUES (9, 1, '22|7', '2|1');
INSERT INTO T_MAED_PARAMETRO_RELACION(ID_PARAMETRO, ID_DETALLE, PARAMETROS, DETALLES) VALUES (9, 2, '22|7', '2|2');
INSERT INTO T_MAED_PARAMETRO_RELACION(ID_PARAMETRO, ID_DETALLE, PARAMETROS, DETALLES) VALUES (9, 3, '22|7', '2|3');
INSERT INTO T_MAED_PARAMETRO_RELACION(ID_PARAMETRO, ID_DETALLE, PARAMETROS, DETALLES) VALUES (9, 4, '22|7', '2|4');
INSERT INTO T_MAED_PARAMETRO_RELACION(ID_PARAMETRO, ID_DETALLE, PARAMETROS, DETALLES) VALUES (9, 1, '22|7', '3|1');
INSERT INTO T_MAED_PARAMETRO_RELACION(ID_PARAMETRO, ID_DETALLE, PARAMETROS, DETALLES) VALUES (9, 2, '22|7', '3|2');
INSERT INTO T_MAED_PARAMETRO_RELACION(ID_PARAMETRO, ID_DETALLE, PARAMETROS, DETALLES) VALUES (9, 3, '22|7', '3|3');
INSERT INTO T_MAED_PARAMETRO_RELACION(ID_PARAMETRO, ID_DETALLE, PARAMETROS, DETALLES) VALUES (9, 4, '22|7', '3|4');
INSERT INTO T_MAED_PARAMETRO_RELACION(ID_PARAMETRO, ID_DETALLE, PARAMETROS, DETALLES) VALUES (9, 1, '22|7', '4|1');
INSERT INTO T_MAED_PARAMETRO_RELACION(ID_PARAMETRO, ID_DETALLE, PARAMETROS, DETALLES) VALUES (9, 2, '22|7', '4|2');
INSERT INTO T_MAED_PARAMETRO_RELACION(ID_PARAMETRO, ID_DETALLE, PARAMETROS, DETALLES) VALUES (9, 5, '22|7', '4|5');
INSERT INTO T_MAED_PARAMETRO_RELACION(ID_PARAMETRO, ID_DETALLE, PARAMETROS, DETALLES) VALUES (9, 1, '22|7', '4|4');
INSERT INTO T_MAED_PARAMETRO_RELACION(ID_PARAMETRO, ID_DETALLE, PARAMETROS, DETALLES) VALUES (9, 2, '22|7', '5|1');
INSERT INTO T_MAED_PARAMETRO_RELACION(ID_PARAMETRO, ID_DETALLE, PARAMETROS, DETALLES) VALUES (9, 5, '22|7', '5|2');
INSERT INTO T_MAED_PARAMETRO_RELACION(ID_PARAMETRO, ID_DETALLE, PARAMETROS, DETALLES) VALUES (9, 4, '22|7', '5|5');
INSERT INTO T_MAED_PARAMETRO_RELACION(ID_PARAMETRO, ID_DETALLE, PARAMETROS, DETALLES) VALUES (9, 4, '22|7', '5|4');
INSERT INTO T_MAED_PARAMETRO_RELACION(ID_PARAMETRO, ID_DETALLE, PARAMETROS, DETALLES) VALUES (9, 6, '22|7', '6|6');
INSERT INTO T_MAED_PARAMETRO_RELACION(ID_PARAMETRO, ID_DETALLE, PARAMETROS, DETALLES) VALUES (9, 7, '22|7', '6|6');
INSERT INTO T_MAED_PARAMETRO_RELACION(ID_PARAMETRO, ID_DETALLE, PARAMETROS, DETALLES) VALUES (9, 6, '22|7', '6|7');
INSERT INTO T_MAED_PARAMETRO_RELACION(ID_PARAMETRO, ID_DETALLE, PARAMETROS, DETALLES) VALUES (9, 7, '22|7', '6|7');
INSERT INTO T_MAED_PARAMETRO_RELACION(ID_PARAMETRO, ID_DETALLE, PARAMETROS, DETALLES) VALUES (9, 6, '22|7', '6|8');
INSERT INTO T_MAED_PARAMETRO_RELACION(ID_PARAMETRO, ID_DETALLE, PARAMETROS, DETALLES) VALUES (9, 7, '22|7', '6|8');
INSERT INTO T_MAED_PARAMETRO_RELACION(ID_PARAMETRO, ID_DETALLE, PARAMETROS, DETALLES) VALUES (9, 8, '22|7', '6|9');
INSERT INTO T_MAED_PARAMETRO_RELACION(ID_PARAMETRO, ID_DETALLE, PARAMETROS, DETALLES) VALUES (9, 9, '22|7', '6|9');
INSERT INTO T_MAED_PARAMETRO_RELACION(ID_PARAMETRO, ID_DETALLE, PARAMETROS, DETALLES) VALUES (9, 6, '22|7', '6|10');
INSERT INTO T_MAED_PARAMETRO_RELACION(ID_PARAMETRO, ID_DETALLE, PARAMETROS, DETALLES) VALUES (9, 7, '22|7', '6|10');
INSERT INTO T_MAED_PARAMETRO_RELACION(ID_PARAMETRO, ID_DETALLE, PARAMETROS, DETALLES) VALUES (9, 6, '22|7', '7|6');
INSERT INTO T_MAED_PARAMETRO_RELACION(ID_PARAMETRO, ID_DETALLE, PARAMETROS, DETALLES) VALUES (9, 7, '22|7', '7|6');
INSERT INTO T_MAED_PARAMETRO_RELACION(ID_PARAMETRO, ID_DETALLE, PARAMETROS, DETALLES) VALUES (9, 6, '22|7', '7|7');
INSERT INTO T_MAED_PARAMETRO_RELACION(ID_PARAMETRO, ID_DETALLE, PARAMETROS, DETALLES) VALUES (9, 7, '22|7', '7|7');
INSERT INTO T_MAED_PARAMETRO_RELACION(ID_PARAMETRO, ID_DETALLE, PARAMETROS, DETALLES) VALUES (9, 6, '22|7', '7|8');
INSERT INTO T_MAED_PARAMETRO_RELACION(ID_PARAMETRO, ID_DETALLE, PARAMETROS, DETALLES) VALUES (9, 7, '22|7', '7|8');
INSERT INTO T_MAED_PARAMETRO_RELACION(ID_PARAMETRO, ID_DETALLE, PARAMETROS, DETALLES) VALUES (9, 8, '22|7', '7|9');
INSERT INTO T_MAED_PARAMETRO_RELACION(ID_PARAMETRO, ID_DETALLE, PARAMETROS, DETALLES) VALUES (9, 9, '22|7', '7|9');
INSERT INTO T_MAED_PARAMETRO_RELACION(ID_PARAMETRO, ID_DETALLE, PARAMETROS, DETALLES) VALUES (9, 6, '22|7', '7|10');
INSERT INTO T_MAED_PARAMETRO_RELACION(ID_PARAMETRO, ID_DETALLE, PARAMETROS, DETALLES) VALUES (9, 7, '22|7', '7|10');
INSERT INTO T_MAED_PARAMETRO_RELACION(ID_PARAMETRO, ID_DETALLE, PARAMETROS, DETALLES) VALUES (9, 6, '22|7', '8|6');
INSERT INTO T_MAED_PARAMETRO_RELACION(ID_PARAMETRO, ID_DETALLE, PARAMETROS, DETALLES) VALUES (9, 7, '22|7', '8|6');
INSERT INTO T_MAED_PARAMETRO_RELACION(ID_PARAMETRO, ID_DETALLE, PARAMETROS, DETALLES) VALUES (9, 6, '22|7', '8|7');
INSERT INTO T_MAED_PARAMETRO_RELACION(ID_PARAMETRO, ID_DETALLE, PARAMETROS, DETALLES) VALUES (9, 7, '22|7', '8|7');
INSERT INTO T_MAED_PARAMETRO_RELACION(ID_PARAMETRO, ID_DETALLE, PARAMETROS, DETALLES) VALUES (9, 6, '22|7', '8|8');
INSERT INTO T_MAED_PARAMETRO_RELACION(ID_PARAMETRO, ID_DETALLE, PARAMETROS, DETALLES) VALUES (9, 7, '22|7', '8|8');
INSERT INTO T_MAED_PARAMETRO_RELACION(ID_PARAMETRO, ID_DETALLE, PARAMETROS, DETALLES) VALUES (9, 8, '22|7', '8|9');
INSERT INTO T_MAED_PARAMETRO_RELACION(ID_PARAMETRO, ID_DETALLE, PARAMETROS, DETALLES) VALUES (9, 9, '22|7', '8|9');
INSERT INTO T_MAED_PARAMETRO_RELACION(ID_PARAMETRO, ID_DETALLE, PARAMETROS, DETALLES) VALUES (9, 6, '22|7', '9|6');
INSERT INTO T_MAED_PARAMETRO_RELACION(ID_PARAMETRO, ID_DETALLE, PARAMETROS, DETALLES) VALUES (9, 7, '22|7', '9|6');
INSERT INTO T_MAED_PARAMETRO_RELACION(ID_PARAMETRO, ID_DETALLE, PARAMETROS, DETALLES) VALUES (9, 6, '22|7', '9|7');
INSERT INTO T_MAED_PARAMETRO_RELACION(ID_PARAMETRO, ID_DETALLE, PARAMETROS, DETALLES) VALUES (9, 7, '22|7', '9|7');
INSERT INTO T_MAED_PARAMETRO_RELACION(ID_PARAMETRO, ID_DETALLE, PARAMETROS, DETALLES) VALUES (9, 6, '22|7', '9|8');
INSERT INTO T_MAED_PARAMETRO_RELACION(ID_PARAMETRO, ID_DETALLE, PARAMETROS, DETALLES) VALUES (9, 7, '22|7', '9|8');
INSERT INTO T_MAED_PARAMETRO_RELACION(ID_PARAMETRO, ID_DETALLE, PARAMETROS, DETALLES) VALUES (9, 8, '22|7', '9|9');
INSERT INTO T_MAED_PARAMETRO_RELACION(ID_PARAMETRO, ID_DETALLE, PARAMETROS, DETALLES) VALUES (9, 9, '22|7', '9|9');
INSERT INTO T_MAED_PARAMETRO_RELACION(ID_PARAMETRO, ID_DETALLE, PARAMETROS, DETALLES) VALUES (9, 6, '22|7', '10|6');
INSERT INTO T_MAED_PARAMETRO_RELACION(ID_PARAMETRO, ID_DETALLE, PARAMETROS, DETALLES) VALUES (9, 7, '22|7', '10|6');
INSERT INTO T_MAED_PARAMETRO_RELACION(ID_PARAMETRO, ID_DETALLE, PARAMETROS, DETALLES) VALUES (9, 6, '22|7', '10|7');
INSERT INTO T_MAED_PARAMETRO_RELACION(ID_PARAMETRO, ID_DETALLE, PARAMETROS, DETALLES) VALUES (9, 7, '22|7', '10|7');
INSERT INTO T_MAED_PARAMETRO_RELACION(ID_PARAMETRO, ID_DETALLE, PARAMETROS, DETALLES) VALUES (9, 6, '22|7', '10|8');
INSERT INTO T_MAED_PARAMETRO_RELACION(ID_PARAMETRO, ID_DETALLE, PARAMETROS, DETALLES) VALUES (9, 7, '22|7', '10|8');
INSERT INTO T_MAED_PARAMETRO_RELACION(ID_PARAMETRO, ID_DETALLE, PARAMETROS, DETALLES) VALUES (9, 8, '22|7', '10|9');
INSERT INTO T_MAED_PARAMETRO_RELACION(ID_PARAMETRO, ID_DETALLE, PARAMETROS, DETALLES) VALUES (9, 9, '22|7', '10|9');
INSERT INTO T_MAED_PARAMETRO_RELACION(ID_PARAMETRO, ID_DETALLE, PARAMETROS, DETALLES) VALUES (9, 6, '22|7', '11|6');
INSERT INTO T_MAED_PARAMETRO_RELACION(ID_PARAMETRO, ID_DETALLE, PARAMETROS, DETALLES) VALUES (9, 7, '22|7', '11|6');
INSERT INTO T_MAED_PARAMETRO_RELACION(ID_PARAMETRO, ID_DETALLE, PARAMETROS, DETALLES) VALUES (9, 6, '22|7', '11|7');
INSERT INTO T_MAED_PARAMETRO_RELACION(ID_PARAMETRO, ID_DETALLE, PARAMETROS, DETALLES) VALUES (9, 7, '22|7', '11|7');
INSERT INTO T_MAED_PARAMETRO_RELACION(ID_PARAMETRO, ID_DETALLE, PARAMETROS, DETALLES) VALUES (9, 6, '22|7', '11|8');
INSERT INTO T_MAED_PARAMETRO_RELACION(ID_PARAMETRO, ID_DETALLE, PARAMETROS, DETALLES) VALUES (9, 7, '22|7', '11|8');
INSERT INTO T_MAED_PARAMETRO_RELACION(ID_PARAMETRO, ID_DETALLE, PARAMETROS, DETALLES) VALUES (9, 8, '22|7', '11|9');
INSERT INTO T_MAED_PARAMETRO_RELACION(ID_PARAMETRO, ID_DETALLE, PARAMETROS, DETALLES) VALUES (9, 9, '22|7', '11|9');
INSERT INTO T_MAED_PARAMETRO_RELACION(ID_PARAMETRO, ID_DETALLE, PARAMETROS, DETALLES) VALUES (9, 6, '22|7', '12|6');
INSERT INTO T_MAED_PARAMETRO_RELACION(ID_PARAMETRO, ID_DETALLE, PARAMETROS, DETALLES) VALUES (9, 7, '22|7', '12|6');
INSERT INTO T_MAED_PARAMETRO_RELACION(ID_PARAMETRO, ID_DETALLE, PARAMETROS, DETALLES) VALUES (9, 6, '22|7', '12|7');
INSERT INTO T_MAED_PARAMETRO_RELACION(ID_PARAMETRO, ID_DETALLE, PARAMETROS, DETALLES) VALUES (9, 7, '22|7', '12|7');
INSERT INTO T_MAED_PARAMETRO_RELACION(ID_PARAMETRO, ID_DETALLE, PARAMETROS, DETALLES) VALUES (9, 6, '22|7', '12|8');
INSERT INTO T_MAED_PARAMETRO_RELACION(ID_PARAMETRO, ID_DETALLE, PARAMETROS, DETALLES) VALUES (9, 7, '22|7', '12|8');
INSERT INTO T_MAED_PARAMETRO_RELACION(ID_PARAMETRO, ID_DETALLE, PARAMETROS, DETALLES) VALUES (9, 8, '22|7', '12|9');
INSERT INTO T_MAED_PARAMETRO_RELACION(ID_PARAMETRO, ID_DETALLE, PARAMETROS, DETALLES) VALUES (9, 9, '22|7', '12|9');
INSERT INTO T_MAED_PARAMETRO_RELACION(ID_PARAMETRO, ID_DETALLE, PARAMETROS, DETALLES) VALUES (9, 6, '22|7', '13|6');
INSERT INTO T_MAED_PARAMETRO_RELACION(ID_PARAMETRO, ID_DETALLE, PARAMETROS, DETALLES) VALUES (9, 6, '22|7', '13|7');
INSERT INTO T_MAED_PARAMETRO_RELACION(ID_PARAMETRO, ID_DETALLE, PARAMETROS, DETALLES) VALUES (9, 8, '22|7', '13|9');
INSERT INTO T_MAED_PARAMETRO_RELACION(ID_PARAMETRO, ID_DETALLE, PARAMETROS, DETALLES) VALUES (9, 10, '22|7', '14|6');
INSERT INTO T_MAED_PARAMETRO_RELACION(ID_PARAMETRO, ID_DETALLE, PARAMETROS, DETALLES) VALUES (9, 11, '22|7', '14|6');
INSERT INTO T_MAED_PARAMETRO_RELACION(ID_PARAMETRO, ID_DETALLE, PARAMETROS, DETALLES) VALUES (9, 12, '22|7', '14|6');
INSERT INTO T_MAED_PARAMETRO_RELACION(ID_PARAMETRO, ID_DETALLE, PARAMETROS, DETALLES) VALUES (9, 10, '22|7', '14|7');
INSERT INTO T_MAED_PARAMETRO_RELACION(ID_PARAMETRO, ID_DETALLE, PARAMETROS, DETALLES) VALUES (9, 11, '22|7', '14|7');
INSERT INTO T_MAED_PARAMETRO_RELACION(ID_PARAMETRO, ID_DETALLE, PARAMETROS, DETALLES) VALUES (9, 12, '22|7', '14|7');
INSERT INTO T_MAED_PARAMETRO_RELACION(ID_PARAMETRO, ID_DETALLE, PARAMETROS, DETALLES) VALUES (9, 10, '22|7', '14|8');
INSERT INTO T_MAED_PARAMETRO_RELACION(ID_PARAMETRO, ID_DETALLE, PARAMETROS, DETALLES) VALUES (9, 11, '22|7', '14|8');
INSERT INTO T_MAED_PARAMETRO_RELACION(ID_PARAMETRO, ID_DETALLE, PARAMETROS, DETALLES) VALUES (9, 12, '22|7', '14|8');
INSERT INTO T_MAED_PARAMETRO_RELACION(ID_PARAMETRO, ID_DETALLE, PARAMETROS, DETALLES) VALUES (9, 13, '22|7', '14|9');
INSERT INTO T_MAED_PARAMETRO_RELACION(ID_PARAMETRO, ID_DETALLE, PARAMETROS, DETALLES) VALUES (9, 14, '22|7', '14|9');
INSERT INTO T_MAED_PARAMETRO_RELACION(ID_PARAMETRO, ID_DETALLE, PARAMETROS, DETALLES) VALUES (9, 15, '22|7', '14|9');
INSERT INTO T_MAED_PARAMETRO_RELACION(ID_PARAMETRO, ID_DETALLE, PARAMETROS, DETALLES) VALUES (9, 16, '22|7', '14|4');
INSERT INTO T_MAED_PARAMETRO_RELACION(ID_PARAMETRO, ID_DETALLE, PARAMETROS, DETALLES) VALUES (9, 17, '22|7', '15|6');
INSERT INTO T_MAED_PARAMETRO_RELACION(ID_PARAMETRO, ID_DETALLE, PARAMETROS, DETALLES) VALUES (9, 11, '22|7', '15|6');
INSERT INTO T_MAED_PARAMETRO_RELACION(ID_PARAMETRO, ID_DETALLE, PARAMETROS, DETALLES) VALUES (9, 12, '22|7', '15|6');
INSERT INTO T_MAED_PARAMETRO_RELACION(ID_PARAMETRO, ID_DETALLE, PARAMETROS, DETALLES) VALUES (9, 17, '22|7', '15|7');
INSERT INTO T_MAED_PARAMETRO_RELACION(ID_PARAMETRO, ID_DETALLE, PARAMETROS, DETALLES) VALUES (9, 11, '22|7', '15|7');
INSERT INTO T_MAED_PARAMETRO_RELACION(ID_PARAMETRO, ID_DETALLE, PARAMETROS, DETALLES) VALUES (9, 12, '22|7', '15|7');
INSERT INTO T_MAED_PARAMETRO_RELACION(ID_PARAMETRO, ID_DETALLE, PARAMETROS, DETALLES) VALUES (9, 17, '22|7', '15|8');
INSERT INTO T_MAED_PARAMETRO_RELACION(ID_PARAMETRO, ID_DETALLE, PARAMETROS, DETALLES) VALUES (9, 11, '22|7', '15|8');
INSERT INTO T_MAED_PARAMETRO_RELACION(ID_PARAMETRO, ID_DETALLE, PARAMETROS, DETALLES) VALUES (9, 12, '22|7', '15|8');
INSERT INTO T_MAED_PARAMETRO_RELACION(ID_PARAMETRO, ID_DETALLE, PARAMETROS, DETALLES) VALUES (9, 18, '22|7', '15|9');
INSERT INTO T_MAED_PARAMETRO_RELACION(ID_PARAMETRO, ID_DETALLE, PARAMETROS, DETALLES) VALUES (9, 14, '22|7', '15|9');
INSERT INTO T_MAED_PARAMETRO_RELACION(ID_PARAMETRO, ID_DETALLE, PARAMETROS, DETALLES) VALUES (9, 15, '22|7', '15|9');
INSERT INTO T_MAED_PARAMETRO_RELACION(ID_PARAMETRO, ID_DETALLE, PARAMETROS, DETALLES) VALUES (9, 16, '22|7', '15|4');
INSERT INTO T_MAED_PARAMETRO_RELACION(ID_PARAMETRO, ID_DETALLE, PARAMETROS, DETALLES) VALUES (9, 12, '22|7', '16|6');
INSERT INTO T_MAED_PARAMETRO_RELACION(ID_PARAMETRO, ID_DETALLE, PARAMETROS, DETALLES) VALUES (9, 12, '22|7', '16|7');
INSERT INTO T_MAED_PARAMETRO_RELACION(ID_PARAMETRO, ID_DETALLE, PARAMETROS, DETALLES) VALUES (9, 12, '22|7', '16|8');
INSERT INTO T_MAED_PARAMETRO_RELACION(ID_PARAMETRO, ID_DETALLE, PARAMETROS, DETALLES) VALUES (9, 15, '22|7', '16|9');
INSERT INTO T_MAED_PARAMETRO_RELACION(ID_PARAMETRO, ID_DETALLE, PARAMETROS, DETALLES) VALUES (9, 10, '22|7', '17|6');
INSERT INTO T_MAED_PARAMETRO_RELACION(ID_PARAMETRO, ID_DETALLE, PARAMETROS, DETALLES) VALUES (9, 19, '22|7', '17|6');
INSERT INTO T_MAED_PARAMETRO_RELACION(ID_PARAMETRO, ID_DETALLE, PARAMETROS, DETALLES) VALUES (9, 12, '22|7', '17|6');
INSERT INTO T_MAED_PARAMETRO_RELACION(ID_PARAMETRO, ID_DETALLE, PARAMETROS, DETALLES) VALUES (9, 10, '22|7', '17|7');
INSERT INTO T_MAED_PARAMETRO_RELACION(ID_PARAMETRO, ID_DETALLE, PARAMETROS, DETALLES) VALUES (9, 19, '22|7', '17|7');
INSERT INTO T_MAED_PARAMETRO_RELACION(ID_PARAMETRO, ID_DETALLE, PARAMETROS, DETALLES) VALUES (9, 12, '22|7', '17|7');
INSERT INTO T_MAED_PARAMETRO_RELACION(ID_PARAMETRO, ID_DETALLE, PARAMETROS, DETALLES) VALUES (9, 10, '22|7', '17|8');
INSERT INTO T_MAED_PARAMETRO_RELACION(ID_PARAMETRO, ID_DETALLE, PARAMETROS, DETALLES) VALUES (9, 19, '22|7', '17|8');
INSERT INTO T_MAED_PARAMETRO_RELACION(ID_PARAMETRO, ID_DETALLE, PARAMETROS, DETALLES) VALUES (9, 12, '22|7', '17|8');
INSERT INTO T_MAED_PARAMETRO_RELACION(ID_PARAMETRO, ID_DETALLE, PARAMETROS, DETALLES) VALUES (9, 13, '22|7', '17|9');
INSERT INTO T_MAED_PARAMETRO_RELACION(ID_PARAMETRO, ID_DETALLE, PARAMETROS, DETALLES) VALUES (9, 20, '22|7', '17|9');
INSERT INTO T_MAED_PARAMETRO_RELACION(ID_PARAMETRO, ID_DETALLE, PARAMETROS, DETALLES) VALUES (9, 15, '22|7', '17|9');
INSERT INTO T_MAED_PARAMETRO_RELACION(ID_PARAMETRO, ID_DETALLE, PARAMETROS, DETALLES) VALUES (9, 16, '22|7', '17|4');
INSERT INTO T_MAED_PARAMETRO_RELACION(ID_PARAMETRO, ID_DETALLE, PARAMETROS, DETALLES) VALUES (9, 21, '22|7', '18|6');
INSERT INTO T_MAED_PARAMETRO_RELACION(ID_PARAMETRO, ID_DETALLE, PARAMETROS, DETALLES) VALUES (9, 12, '22|7', '18|6');
INSERT INTO T_MAED_PARAMETRO_RELACION(ID_PARAMETRO, ID_DETALLE, PARAMETROS, DETALLES) VALUES (9, 21, '22|7', '18|7');
INSERT INTO T_MAED_PARAMETRO_RELACION(ID_PARAMETRO, ID_DETALLE, PARAMETROS, DETALLES) VALUES (9, 12, '22|7', '18|7');
INSERT INTO T_MAED_PARAMETRO_RELACION(ID_PARAMETRO, ID_DETALLE, PARAMETROS, DETALLES) VALUES (9, 22, '22|7', '18|9');
INSERT INTO T_MAED_PARAMETRO_RELACION(ID_PARAMETRO, ID_DETALLE, PARAMETROS, DETALLES) VALUES (9, 15, '22|7', '18|9');
INSERT INTO T_MAED_PARAMETRO_RELACION(ID_PARAMETRO, ID_DETALLE, PARAMETROS, DETALLES) VALUES (9, 16, '22|7', '18|4');
INSERT INTO T_MAED_PARAMETRO_RELACION(ID_PARAMETRO, ID_DETALLE, PARAMETROS, DETALLES) VALUES (9, 23, '22|7', '19|11');
INSERT INTO T_MAED_PARAMETRO_RELACION(ID_PARAMETRO, ID_DETALLE, PARAMETROS, DETALLES) VALUES (9, 24, '22|7', '19|11');
INSERT INTO T_MAED_PARAMETRO_RELACION(ID_PARAMETRO, ID_DETALLE, PARAMETROS, DETALLES) VALUES (9, 25, '22|7', '19|12');
INSERT INTO T_MAED_PARAMETRO_RELACION(ID_PARAMETRO, ID_DETALLE, PARAMETROS, DETALLES) VALUES (9, 23, '22|7', '20|11');
INSERT INTO T_MAED_PARAMETRO_RELACION(ID_PARAMETRO, ID_DETALLE, PARAMETROS, DETALLES) VALUES (9, 24, '22|7', '20|11');
INSERT INTO T_MAED_PARAMETRO_RELACION(ID_PARAMETRO, ID_DETALLE, PARAMETROS, DETALLES) VALUES (9, 25, '22|7', '20|12');
INSERT INTO T_MAED_PARAMETRO_RELACION(ID_PARAMETRO, ID_DETALLE, PARAMETROS, DETALLES) VALUES (9, 23, '22|7', '21|11');
INSERT INTO T_MAED_PARAMETRO_RELACION(ID_PARAMETRO, ID_DETALLE, PARAMETROS, DETALLES) VALUES (9, 24, '22|7', '21|11');
INSERT INTO T_MAED_PARAMETRO_RELACION(ID_PARAMETRO, ID_DETALLE, PARAMETROS, DETALLES) VALUES (9, 25, '22|7', '21|12');
INSERT INTO T_MAED_PARAMETRO_RELACION(ID_PARAMETRO, ID_DETALLE, PARAMETROS, DETALLES) VALUES (9, 23, '22|7', '22|11');
INSERT INTO T_MAED_PARAMETRO_RELACION(ID_PARAMETRO, ID_DETALLE, PARAMETROS, DETALLES) VALUES (9, 24, '22|7', '22|11');
INSERT INTO T_MAED_PARAMETRO_RELACION(ID_PARAMETRO, ID_DETALLE, PARAMETROS, DETALLES) VALUES (9, 25, '22|7', '22|12');
INSERT INTO T_MAED_PARAMETRO_RELACION(ID_PARAMETRO, ID_DETALLE, PARAMETROS, DETALLES) VALUES (9, 23, '22|7', '23|11');
INSERT INTO T_MAED_PARAMETRO_RELACION(ID_PARAMETRO, ID_DETALLE, PARAMETROS, DETALLES) VALUES (9, 24, '22|7', '23|11');
INSERT INTO T_MAED_PARAMETRO_RELACION(ID_PARAMETRO, ID_DETALLE, PARAMETROS, DETALLES) VALUES (9, 23, '22|7', '24|11');
INSERT INTO T_MAED_PARAMETRO_RELACION(ID_PARAMETRO, ID_DETALLE, PARAMETROS, DETALLES) VALUES (9, 24, '22|7', '24|11');
INSERT INTO T_MAED_PARAMETRO_RELACION(ID_PARAMETRO, ID_DETALLE, PARAMETROS, DETALLES) VALUES (9, 23, '22|7', '25|11');
INSERT INTO T_MAED_PARAMETRO_RELACION(ID_PARAMETRO, ID_DETALLE, PARAMETROS, DETALLES) VALUES (9, 24, '22|7', '25|11');
INSERT INTO T_MAED_PARAMETRO_RELACION(ID_PARAMETRO, ID_DETALLE, PARAMETROS, DETALLES) VALUES (9, 25, '22|7', '25|12');
INSERT INTO T_MAED_PARAMETRO_RELACION(ID_PARAMETRO, ID_DETALLE, PARAMETROS, DETALLES) VALUES (9, 27, '22|7', '26|11');
INSERT INTO T_MAED_PARAMETRO_RELACION(ID_PARAMETRO, ID_DETALLE, PARAMETROS, DETALLES) VALUES (9, 24, '22|7', '26|11');
INSERT INTO T_MAED_PARAMETRO_RELACION(ID_PARAMETRO, ID_DETALLE, PARAMETROS, DETALLES) VALUES (9, 27, '22|7', '27|11');
INSERT INTO T_MAED_PARAMETRO_RELACION(ID_PARAMETRO, ID_DETALLE, PARAMETROS, DETALLES) VALUES (9, 24, '22|7', '27|11');
INSERT INTO T_MAED_PARAMETRO_RELACION(ID_PARAMETRO, ID_DETALLE, PARAMETROS, DETALLES) VALUES (9, 25, '22|7', '27|12');
INSERT INTO T_MAED_PARAMETRO_RELACION(ID_PARAMETRO, ID_DETALLE, PARAMETROS, DETALLES) VALUES (9, 27, '22|7', '28|11');
INSERT INTO T_MAED_PARAMETRO_RELACION(ID_PARAMETRO, ID_DETALLE, PARAMETROS, DETALLES) VALUES (9, 24, '22|7', '28|11');
INSERT INTO T_MAED_PARAMETRO_RELACION(ID_PARAMETRO, ID_DETALLE, PARAMETROS, DETALLES) VALUES (9, 27, '22|7', '29|11');
INSERT INTO T_MAED_PARAMETRO_RELACION(ID_PARAMETRO, ID_DETALLE, PARAMETROS, DETALLES) VALUES (9, 24, '22|7', '29|11');
INSERT INTO T_MAED_PARAMETRO_RELACION(ID_PARAMETRO, ID_DETALLE, PARAMETROS, DETALLES) VALUES (9, 10, '22|7', '30|6');
INSERT INTO T_MAED_PARAMETRO_RELACION(ID_PARAMETRO, ID_DETALLE, PARAMETROS, DETALLES) VALUES (9, 19, '22|7', '30|6');
INSERT INTO T_MAED_PARAMETRO_RELACION(ID_PARAMETRO, ID_DETALLE, PARAMETROS, DETALLES) VALUES (9, 12, '22|7', '30|6');
INSERT INTO T_MAED_PARAMETRO_RELACION(ID_PARAMETRO, ID_DETALLE, PARAMETROS, DETALLES) VALUES (9, 10, '22|7', '30|7');
INSERT INTO T_MAED_PARAMETRO_RELACION(ID_PARAMETRO, ID_DETALLE, PARAMETROS, DETALLES) VALUES (9, 19, '22|7', '30|7');
INSERT INTO T_MAED_PARAMETRO_RELACION(ID_PARAMETRO, ID_DETALLE, PARAMETROS, DETALLES) VALUES (9, 12, '22|7', '30|7');
INSERT INTO T_MAED_PARAMETRO_RELACION(ID_PARAMETRO, ID_DETALLE, PARAMETROS, DETALLES) VALUES (9, 10, '22|7', '30|8');
INSERT INTO T_MAED_PARAMETRO_RELACION(ID_PARAMETRO, ID_DETALLE, PARAMETROS, DETALLES) VALUES (9, 19, '22|7', '30|8');
INSERT INTO T_MAED_PARAMETRO_RELACION(ID_PARAMETRO, ID_DETALLE, PARAMETROS, DETALLES) VALUES (9, 12, '22|7', '30|8');
INSERT INTO T_MAED_PARAMETRO_RELACION(ID_PARAMETRO, ID_DETALLE, PARAMETROS, DETALLES) VALUES (9, 13, '22|7', '30|9');
INSERT INTO T_MAED_PARAMETRO_RELACION(ID_PARAMETRO, ID_DETALLE, PARAMETROS, DETALLES) VALUES (9, 20, '22|7', '30|9');
INSERT INTO T_MAED_PARAMETRO_RELACION(ID_PARAMETRO, ID_DETALLE, PARAMETROS, DETALLES) VALUES (9, 15, '22|7', '30|9');
INSERT INTO T_MAED_PARAMETRO_RELACION(ID_PARAMETRO, ID_DETALLE, PARAMETROS, DETALLES) VALUES (9, 16, '22|7', '30|4');
INSERT INTO T_MAED_PARAMETRO_RELACION(ID_PARAMETRO, ID_DETALLE, PARAMETROS, DETALLES) VALUES (9, 21, '22|7', '31|6');
INSERT INTO T_MAED_PARAMETRO_RELACION(ID_PARAMETRO, ID_DETALLE, PARAMETROS, DETALLES) VALUES (9, 12, '22|7', '31|6');
INSERT INTO T_MAED_PARAMETRO_RELACION(ID_PARAMETRO, ID_DETALLE, PARAMETROS, DETALLES) VALUES (9, 21, '22|7', '31|7');
INSERT INTO T_MAED_PARAMETRO_RELACION(ID_PARAMETRO, ID_DETALLE, PARAMETROS, DETALLES) VALUES (9, 12, '22|7', '31|7');
INSERT INTO T_MAED_PARAMETRO_RELACION(ID_PARAMETRO, ID_DETALLE, PARAMETROS, DETALLES) VALUES (9, 21, '22|7', '31|8');
INSERT INTO T_MAED_PARAMETRO_RELACION(ID_PARAMETRO, ID_DETALLE, PARAMETROS, DETALLES) VALUES (9, 12, '22|7', '31|8');
INSERT INTO T_MAED_PARAMETRO_RELACION(ID_PARAMETRO, ID_DETALLE, PARAMETROS, DETALLES) VALUES (9, 22, '22|7', '31|9');
INSERT INTO T_MAED_PARAMETRO_RELACION(ID_PARAMETRO, ID_DETALLE, PARAMETROS, DETALLES) VALUES (9, 15, '22|7', '31|9');
INSERT INTO T_MAED_PARAMETRO_RELACION(ID_PARAMETRO, ID_DETALLE, PARAMETROS, DETALLES) VALUES (9, 16, '22|7', '31|4');
INSERT INTO T_MAED_PARAMETRO_RELACION(ID_PARAMETRO, ID_DETALLE, PARAMETROS, DETALLES) VALUES (9, 28, '22|7', '32|6');
INSERT INTO T_MAED_PARAMETRO_RELACION(ID_PARAMETRO, ID_DETALLE, PARAMETROS, DETALLES) VALUES (9, 12, '22|7', '32|6');
INSERT INTO T_MAED_PARAMETRO_RELACION(ID_PARAMETRO, ID_DETALLE, PARAMETROS, DETALLES) VALUES (9, 28, '22|7', '32|7');
INSERT INTO T_MAED_PARAMETRO_RELACION(ID_PARAMETRO, ID_DETALLE, PARAMETROS, DETALLES) VALUES (9, 12, '22|7', '32|7');
INSERT INTO T_MAED_PARAMETRO_RELACION(ID_PARAMETRO, ID_DETALLE, PARAMETROS, DETALLES) VALUES (9, 28, '22|7', '32|8');
INSERT INTO T_MAED_PARAMETRO_RELACION(ID_PARAMETRO, ID_DETALLE, PARAMETROS, DETALLES) VALUES (9, 12, '22|7', '32|8');
INSERT INTO T_MAED_PARAMETRO_RELACION(ID_PARAMETRO, ID_DETALLE, PARAMETROS, DETALLES) VALUES (9, 29, '22|7', '32|9');
INSERT INTO T_MAED_PARAMETRO_RELACION(ID_PARAMETRO, ID_DETALLE, PARAMETROS, DETALLES) VALUES (9, 15, '22|7', '32|9');
INSERT INTO T_MAED_PARAMETRO_RELACION(ID_PARAMETRO, ID_DETALLE, PARAMETROS, DETALLES) VALUES (9, 16, '22|7', '32|4');
INSERT INTO T_MAED_PARAMETRO_RELACION(ID_PARAMETRO, ID_DETALLE, PARAMETROS, DETALLES) VALUES (9, 30, '22|7', '33|6');
INSERT INTO T_MAED_PARAMETRO_RELACION(ID_PARAMETRO, ID_DETALLE, PARAMETROS, DETALLES) VALUES (9, 12, '22|7', '33|6');
INSERT INTO T_MAED_PARAMETRO_RELACION(ID_PARAMETRO, ID_DETALLE, PARAMETROS, DETALLES) VALUES (9, 30, '22|7', '33|7');
INSERT INTO T_MAED_PARAMETRO_RELACION(ID_PARAMETRO, ID_DETALLE, PARAMETROS, DETALLES) VALUES (9, 12, '22|7', '33|7');
INSERT INTO T_MAED_PARAMETRO_RELACION(ID_PARAMETRO, ID_DETALLE, PARAMETROS, DETALLES) VALUES (9, 30, '22|7', '33|8');
INSERT INTO T_MAED_PARAMETRO_RELACION(ID_PARAMETRO, ID_DETALLE, PARAMETROS, DETALLES) VALUES (9, 12, '22|7', '33|8');
INSERT INTO T_MAED_PARAMETRO_RELACION(ID_PARAMETRO, ID_DETALLE, PARAMETROS, DETALLES) VALUES (9, 31, '22|7', '33|9');
INSERT INTO T_MAED_PARAMETRO_RELACION(ID_PARAMETRO, ID_DETALLE, PARAMETROS, DETALLES) VALUES (9, 15, '22|7', '33|9');
INSERT INTO T_MAED_PARAMETRO_RELACION(ID_PARAMETRO, ID_DETALLE, PARAMETROS, DETALLES) VALUES (9, 16, '22|7', '33|4');

--T_MAEM_INDICADOR
INSERT INTO T_MAEM_INDICADOR (ID_CRITERIO, ID_CASO, ID_COMPONENTE, ID_PARAMETRO, ORDEN) VALUES (1, 1, 1, 1, 1);
INSERT INTO T_MAEM_INDICADOR (ID_CRITERIO, ID_CASO, ID_COMPONENTE, ID_PARAMETRO, ORDEN) VALUES (1, 1, 1, 2, 2);
INSERT INTO T_MAEM_INDICADOR (ID_CRITERIO, ID_CASO, ID_COMPONENTE, ID_PARAMETRO, ORDEN) VALUES (1, 1, 1, 3, 3);
INSERT INTO T_MAEM_INDICADOR (ID_CRITERIO, ID_CASO, ID_COMPONENTE, ID_PARAMETRO, ORDEN) VALUES (1, 1, 1, 4, 4);
INSERT INTO T_MAEM_INDICADOR (ID_CRITERIO, ID_CASO, ID_COMPONENTE, ID_PARAMETRO, ORDEN) VALUES (1, 1, 1, 5, 5);
INSERT INTO T_MAEM_INDICADOR (ID_CRITERIO, ID_CASO, ID_COMPONENTE, ID_PARAMETRO, ORDEN) VALUES (1, 1, 1, 6, 6);
INSERT INTO T_MAEM_INDICADOR (ID_CRITERIO, ID_CASO, ID_COMPONENTE, ID_PARAMETRO, ORDEN) VALUES (1, 1, 1, 7, 7);
INSERT INTO T_MAEM_INDICADOR (ID_CRITERIO, ID_CASO, ID_COMPONENTE, ID_PARAMETRO, ORDEN) VALUES (1, 1, 1, 8, 8);
INSERT INTO T_MAEM_INDICADOR (ID_CRITERIO, ID_CASO, ID_COMPONENTE, ID_PARAMETRO, ORDEN) VALUES (1, 1, 1, 9, 9);
INSERT INTO T_MAEM_INDICADOR (ID_CRITERIO, ID_CASO, ID_COMPONENTE, ID_PARAMETRO, ORDEN) VALUES (1, 1, 1, 10, 10);
INSERT INTO T_MAEM_INDICADOR (ID_CRITERIO, ID_CASO, ID_COMPONENTE, ID_PARAMETRO, ORDEN) VALUES (1, 1, 1, 11, 11);

INSERT INTO T_MAEM_INDICADOR (ID_CRITERIO, ID_CASO, ID_COMPONENTE, ID_PARAMETRO, ORDEN) VALUES (1, 1, 2, 12, 1);
INSERT INTO T_MAEM_INDICADOR (ID_CRITERIO, ID_CASO, ID_COMPONENTE, ID_PARAMETRO, ORDEN) VALUES (1, 1, 2, 13, 2);
INSERT INTO T_MAEM_INDICADOR (ID_CRITERIO, ID_CASO, ID_COMPONENTE, ID_PARAMETRO, ORDEN) VALUES (1, 1, 2, 14, 3);
INSERT INTO T_MAEM_INDICADOR (ID_CRITERIO, ID_CASO, ID_COMPONENTE, ID_PARAMETRO, ORDEN) VALUES (1, 1, 2, 15, 4);
INSERT INTO T_MAEM_INDICADOR (ID_CRITERIO, ID_CASO, ID_COMPONENTE, ID_PARAMETRO, ORDEN) VALUES (1, 1, 2, 16, 5);
INSERT INTO T_MAEM_INDICADOR (ID_CRITERIO, ID_CASO, ID_COMPONENTE, ID_PARAMETRO, ORDEN) VALUES (1, 1, 2, 17, 6);
INSERT INTO T_MAEM_INDICADOR (ID_CRITERIO, ID_CASO, ID_COMPONENTE, ID_PARAMETRO, ORDEN) VALUES (1, 1, 2, 18, 7);

INSERT INTO T_MAEM_INDICADOR (ID_CRITERIO, ID_CASO, ID_COMPONENTE, ID_PARAMETRO, ORDEN) VALUES (2, 1, 1, 1, 1);
INSERT INTO T_MAEM_INDICADOR (ID_CRITERIO, ID_CASO, ID_COMPONENTE, ID_PARAMETRO, ORDEN) VALUES (2, 1, 1, 2, 2);
INSERT INTO T_MAEM_INDICADOR (ID_CRITERIO, ID_CASO, ID_COMPONENTE, ID_PARAMETRO, ORDEN) VALUES (2, 1, 1, 19, 3);
INSERT INTO T_MAEM_INDICADOR (ID_CRITERIO, ID_CASO, ID_COMPONENTE, ID_PARAMETRO, ORDEN) VALUES (2, 1, 1, 20, 4);
INSERT INTO T_MAEM_INDICADOR (ID_CRITERIO, ID_CASO, ID_COMPONENTE, ID_PARAMETRO, ORDEN) VALUES (2, 1, 1, 21, 5);
INSERT INTO T_MAEM_INDICADOR (ID_CRITERIO, ID_CASO, ID_COMPONENTE, ID_PARAMETRO, ORDEN) VALUES (2, 1, 1, 22, 6);
INSERT INTO T_MAEM_INDICADOR (ID_CRITERIO, ID_CASO, ID_COMPONENTE, ID_PARAMETRO, ORDEN) VALUES (2, 1, 1, 7, 7);
INSERT INTO T_MAEM_INDICADOR (ID_CRITERIO, ID_CASO, ID_COMPONENTE, ID_PARAMETRO, ORDEN) VALUES (2, 1, 1, 8, 8);
INSERT INTO T_MAEM_INDICADOR (ID_CRITERIO, ID_CASO, ID_COMPONENTE, ID_PARAMETRO, ORDEN) VALUES (2, 1, 1, 9, 9);
INSERT INTO T_MAEM_INDICADOR (ID_CRITERIO, ID_CASO, ID_COMPONENTE, ID_PARAMETRO, ORDEN) VALUES (2, 1, 1, 10, 10);
INSERT INTO T_MAEM_INDICADOR (ID_CRITERIO, ID_CASO, ID_COMPONENTE, ID_PARAMETRO, ORDEN) VALUES (2, 1, 1, 11, 11);
INSERT INTO T_MAEM_INDICADOR (ID_CRITERIO, ID_CASO, ID_COMPONENTE, ID_PARAMETRO, ORDEN) VALUES (2, 1, 1, 23, 12);
INSERT INTO T_MAEM_INDICADOR (ID_CRITERIO, ID_CASO, ID_COMPONENTE, ID_PARAMETRO, ORDEN) VALUES (2, 1, 1, 24, 13);
INSERT INTO T_MAEM_INDICADOR (ID_CRITERIO, ID_CASO, ID_COMPONENTE, ID_PARAMETRO, ORDEN) VALUES (2, 1, 1, 25, 14);
INSERT INTO T_MAEM_INDICADOR (ID_CRITERIO, ID_CASO, ID_COMPONENTE, ID_PARAMETRO, ORDEN) VALUES (2, 1, 1, 26, 15);
INSERT INTO T_MAEM_INDICADOR (ID_CRITERIO, ID_CASO, ID_COMPONENTE, ID_PARAMETRO, ORDEN) VALUES (2, 1, 1, 27, 16);

INSERT INTO T_MAEM_INDICADOR (ID_CRITERIO, ID_CASO, ID_COMPONENTE, ID_PARAMETRO, ORDEN) VALUES (2, 1, 2, 28, 1);
INSERT INTO T_MAEM_INDICADOR (ID_CRITERIO, ID_CASO, ID_COMPONENTE, ID_PARAMETRO, ORDEN) VALUES (2, 1, 2, 29, 2);
INSERT INTO T_MAEM_INDICADOR (ID_CRITERIO, ID_CASO, ID_COMPONENTE, ID_PARAMETRO, ORDEN) VALUES (2, 1, 2, 30, 3);
INSERT INTO T_MAEM_INDICADOR (ID_CRITERIO, ID_CASO, ID_COMPONENTE, ID_PARAMETRO, ORDEN) VALUES (2, 1, 2, 31, 4);
INSERT INTO T_MAEM_INDICADOR (ID_CRITERIO, ID_CASO, ID_COMPONENTE, ID_PARAMETRO, ORDEN) VALUES (2, 1, 2, 32, 5);
INSERT INTO T_MAEM_INDICADOR (ID_CRITERIO, ID_CASO, ID_COMPONENTE, ID_PARAMETRO, ORDEN) VALUES (2, 1, 2, 33, 6);
INSERT INTO T_MAEM_INDICADOR (ID_CRITERIO, ID_CASO, ID_COMPONENTE, ID_PARAMETRO, ORDEN) VALUES (2, 1, 2, 34, 7);
INSERT INTO T_MAEM_INDICADOR (ID_CRITERIO, ID_CASO, ID_COMPONENTE, ID_PARAMETRO, ORDEN) VALUES (2, 1, 2, 35, 8);
INSERT INTO T_MAEM_INDICADOR (ID_CRITERIO, ID_CASO, ID_COMPONENTE, ID_PARAMETRO, ORDEN) VALUES (2, 1, 2, 36, 9);
INSERT INTO T_MAEM_INDICADOR (ID_CRITERIO, ID_CASO, ID_COMPONENTE, ID_PARAMETRO, ORDEN) VALUES (2, 1, 2, 37, 10);

INSERT INTO T_MAEM_INDICADOR (ID_CRITERIO, ID_CASO, ID_COMPONENTE, ID_PARAMETRO, ORDEN) VALUES (2, 2, 1, 1, 1);
INSERT INTO T_MAEM_INDICADOR (ID_CRITERIO, ID_CASO, ID_COMPONENTE, ID_PARAMETRO, ORDEN) VALUES (2, 2, 1, 2, 2);
INSERT INTO T_MAEM_INDICADOR (ID_CRITERIO, ID_CASO, ID_COMPONENTE, ID_PARAMETRO, ORDEN) VALUES (2, 2, 1, 19, 3);
INSERT INTO T_MAEM_INDICADOR (ID_CRITERIO, ID_CASO, ID_COMPONENTE, ID_PARAMETRO, ORDEN) VALUES (2, 2, 1, 20, 4);
INSERT INTO T_MAEM_INDICADOR (ID_CRITERIO, ID_CASO, ID_COMPONENTE, ID_PARAMETRO, ORDEN) VALUES (2, 2, 1, 21, 5);
INSERT INTO T_MAEM_INDICADOR (ID_CRITERIO, ID_CASO, ID_COMPONENTE, ID_PARAMETRO, ORDEN) VALUES (2, 2, 1, 22, 6);
INSERT INTO T_MAEM_INDICADOR (ID_CRITERIO, ID_CASO, ID_COMPONENTE, ID_PARAMETRO, ORDEN) VALUES (2, 2, 1, 7, 7);
INSERT INTO T_MAEM_INDICADOR (ID_CRITERIO, ID_CASO, ID_COMPONENTE, ID_PARAMETRO, ORDEN) VALUES (2, 2, 1, 8, 8);
INSERT INTO T_MAEM_INDICADOR (ID_CRITERIO, ID_CASO, ID_COMPONENTE, ID_PARAMETRO, ORDEN) VALUES (2, 2, 1, 9, 9);
INSERT INTO T_MAEM_INDICADOR (ID_CRITERIO, ID_CASO, ID_COMPONENTE, ID_PARAMETRO, ORDEN) VALUES (2, 2, 1, 10, 10);
INSERT INTO T_MAEM_INDICADOR (ID_CRITERIO, ID_CASO, ID_COMPONENTE, ID_PARAMETRO, ORDEN) VALUES (2, 2, 1, 11, 11);
INSERT INTO T_MAEM_INDICADOR (ID_CRITERIO, ID_CASO, ID_COMPONENTE, ID_PARAMETRO, ORDEN) VALUES (2, 2, 1, 23, 12);
INSERT INTO T_MAEM_INDICADOR (ID_CRITERIO, ID_CASO, ID_COMPONENTE, ID_PARAMETRO, ORDEN) VALUES (2, 2, 1, 24, 13);
INSERT INTO T_MAEM_INDICADOR (ID_CRITERIO, ID_CASO, ID_COMPONENTE, ID_PARAMETRO, ORDEN) VALUES (2, 2, 1, 25, 14);
INSERT INTO T_MAEM_INDICADOR (ID_CRITERIO, ID_CASO, ID_COMPONENTE, ID_PARAMETRO, ORDEN) VALUES (2, 2, 1, 26, 15);
INSERT INTO T_MAEM_INDICADOR (ID_CRITERIO, ID_CASO, ID_COMPONENTE, ID_PARAMETRO, ORDEN) VALUES (2, 2, 1, 27, 16);

INSERT INTO T_MAEM_INDICADOR (ID_CRITERIO, ID_CASO, ID_COMPONENTE, ID_PARAMETRO, ORDEN) VALUES (2, 2, 2, 28, 1);
INSERT INTO T_MAEM_INDICADOR (ID_CRITERIO, ID_CASO, ID_COMPONENTE, ID_PARAMETRO, ORDEN) VALUES (2, 2, 2, 29, 2);
INSERT INTO T_MAEM_INDICADOR (ID_CRITERIO, ID_CASO, ID_COMPONENTE, ID_PARAMETRO, ORDEN) VALUES (2, 2, 2, 30, 3);
INSERT INTO T_MAEM_INDICADOR (ID_CRITERIO, ID_CASO, ID_COMPONENTE, ID_PARAMETRO, ORDEN) VALUES (2, 2, 2, 31, 4);
INSERT INTO T_MAEM_INDICADOR (ID_CRITERIO, ID_CASO, ID_COMPONENTE, ID_PARAMETRO, ORDEN) VALUES (2, 2, 2, 32, 5);
INSERT INTO T_MAEM_INDICADOR (ID_CRITERIO, ID_CASO, ID_COMPONENTE, ID_PARAMETRO, ORDEN) VALUES (2, 2, 2, 33, 6);
INSERT INTO T_MAEM_INDICADOR (ID_CRITERIO, ID_CASO, ID_COMPONENTE, ID_PARAMETRO, ORDEN) VALUES (2, 2, 2, 34, 7);
INSERT INTO T_MAEM_INDICADOR (ID_CRITERIO, ID_CASO, ID_COMPONENTE, ID_PARAMETRO, ORDEN) VALUES (2, 2, 2, 35, 8);
INSERT INTO T_MAEM_INDICADOR (ID_CRITERIO, ID_CASO, ID_COMPONENTE, ID_PARAMETRO, ORDEN) VALUES (2, 2, 2, 36, 9);
INSERT INTO T_MAEM_INDICADOR (ID_CRITERIO, ID_CASO, ID_COMPONENTE, ID_PARAMETRO, ORDEN) VALUES (2, 2, 2, 37, 10);

INSERT INTO T_MAEM_INDICADOR (ID_CRITERIO, ID_CASO, ID_COMPONENTE, ID_PARAMETRO, ORDEN) VALUES (2, 2, 3, 96, 1);

INSERT INTO T_MAEM_INDICADOR (ID_CRITERIO, ID_CASO, ID_COMPONENTE, ID_PARAMETRO, ORDEN) VALUES (2, 3, 1, 38, 1);
INSERT INTO T_MAEM_INDICADOR (ID_CRITERIO, ID_CASO, ID_COMPONENTE, ID_PARAMETRO, ORDEN) VALUES (2, 3, 1, 39, 2);
INSERT INTO T_MAEM_INDICADOR (ID_CRITERIO, ID_CASO, ID_COMPONENTE, ID_PARAMETRO, ORDEN) VALUES (2, 3, 1, 41, 3);
INSERT INTO T_MAEM_INDICADOR (ID_CRITERIO, ID_CASO, ID_COMPONENTE, ID_PARAMETRO, ORDEN) VALUES (2, 3, 1, 42, 4);
INSERT INTO T_MAEM_INDICADOR (ID_CRITERIO, ID_CASO, ID_COMPONENTE, ID_PARAMETRO, ORDEN) VALUES (2, 3, 1, 43, 5);
INSERT INTO T_MAEM_INDICADOR (ID_CRITERIO, ID_CASO, ID_COMPONENTE, ID_PARAMETRO, ORDEN) VALUES (2, 3, 1, 45, 6);
INSERT INTO T_MAEM_INDICADOR (ID_CRITERIO, ID_CASO, ID_COMPONENTE, ID_PARAMETRO, ORDEN) VALUES (2, 3, 1, 51, 7);
INSERT INTO T_MAEM_INDICADOR (ID_CRITERIO, ID_CASO, ID_COMPONENTE, ID_PARAMETRO, ORDEN) VALUES (2, 3, 1, 54, 8);
INSERT INTO T_MAEM_INDICADOR (ID_CRITERIO, ID_CASO, ID_COMPONENTE, ID_PARAMETRO, ORDEN) VALUES (2, 3, 1, 55, 9);

INSERT INTO T_MAEM_INDICADOR (ID_CRITERIO, ID_CASO, ID_COMPONENTE, ID_PARAMETRO, ORDEN) VALUES (2, 3, 2, 38, 1);
INSERT INTO T_MAEM_INDICADOR (ID_CRITERIO, ID_CASO, ID_COMPONENTE, ID_PARAMETRO, ORDEN) VALUES (2, 3, 2, 39, 2);
INSERT INTO T_MAEM_INDICADOR (ID_CRITERIO, ID_CASO, ID_COMPONENTE, ID_PARAMETRO, ORDEN) VALUES (2, 3, 2, 40, 3);
INSERT INTO T_MAEM_INDICADOR (ID_CRITERIO, ID_CASO, ID_COMPONENTE, ID_PARAMETRO, ORDEN) VALUES (2, 3, 2, 41, 4);
INSERT INTO T_MAEM_INDICADOR (ID_CRITERIO, ID_CASO, ID_COMPONENTE, ID_PARAMETRO, ORDEN) VALUES (2, 3, 2, 42, 5);
INSERT INTO T_MAEM_INDICADOR (ID_CRITERIO, ID_CASO, ID_COMPONENTE, ID_PARAMETRO, ORDEN) VALUES (2, 3, 2, 43, 6);
INSERT INTO T_MAEM_INDICADOR (ID_CRITERIO, ID_CASO, ID_COMPONENTE, ID_PARAMETRO, ORDEN) VALUES (2, 3, 2, 44, 7);
INSERT INTO T_MAEM_INDICADOR (ID_CRITERIO, ID_CASO, ID_COMPONENTE, ID_PARAMETRO, ORDEN) VALUES (2, 3, 2, 45, 8);
INSERT INTO T_MAEM_INDICADOR (ID_CRITERIO, ID_CASO, ID_COMPONENTE, ID_PARAMETRO, ORDEN) VALUES (2, 3, 2, 46, 9);
INSERT INTO T_MAEM_INDICADOR (ID_CRITERIO, ID_CASO, ID_COMPONENTE, ID_PARAMETRO, ORDEN) VALUES (2, 3, 2, 51, 10);
INSERT INTO T_MAEM_INDICADOR (ID_CRITERIO, ID_CASO, ID_COMPONENTE, ID_PARAMETRO, ORDEN) VALUES (2, 3, 2, 54, 11);
INSERT INTO T_MAEM_INDICADOR (ID_CRITERIO, ID_CASO, ID_COMPONENTE, ID_PARAMETRO, ORDEN) VALUES (2, 3, 2, 55, 12);

INSERT INTO T_MAEM_INDICADOR (ID_CRITERIO, ID_CASO, ID_COMPONENTE, ID_PARAMETRO, ORDEN) VALUES (2, 3, 3, 38, 1);
INSERT INTO T_MAEM_INDICADOR (ID_CRITERIO, ID_CASO, ID_COMPONENTE, ID_PARAMETRO, ORDEN) VALUES (2, 3, 3, 39, 2);
INSERT INTO T_MAEM_INDICADOR (ID_CRITERIO, ID_CASO, ID_COMPONENTE, ID_PARAMETRO, ORDEN) VALUES (2, 3, 3, 41, 3);
INSERT INTO T_MAEM_INDICADOR (ID_CRITERIO, ID_CASO, ID_COMPONENTE, ID_PARAMETRO, ORDEN) VALUES (2, 3, 3, 42, 4);
INSERT INTO T_MAEM_INDICADOR (ID_CRITERIO, ID_CASO, ID_COMPONENTE, ID_PARAMETRO, ORDEN) VALUES (2, 3, 3, 47, 5);
INSERT INTO T_MAEM_INDICADOR (ID_CRITERIO, ID_CASO, ID_COMPONENTE, ID_PARAMETRO, ORDEN) VALUES (2, 3, 3, 51, 6);
INSERT INTO T_MAEM_INDICADOR (ID_CRITERIO, ID_CASO, ID_COMPONENTE, ID_PARAMETRO, ORDEN) VALUES (2, 3, 3, 54, 7);
INSERT INTO T_MAEM_INDICADOR (ID_CRITERIO, ID_CASO, ID_COMPONENTE, ID_PARAMETRO, ORDEN) VALUES (2, 3, 3, 55, 8);

INSERT INTO T_MAEM_INDICADOR (ID_CRITERIO, ID_CASO, ID_COMPONENTE, ID_PARAMETRO, ORDEN) VALUES (2, 3, 4, 38, 1);
INSERT INTO T_MAEM_INDICADOR (ID_CRITERIO, ID_CASO, ID_COMPONENTE, ID_PARAMETRO, ORDEN) VALUES (2, 3, 4, 39, 2);
INSERT INTO T_MAEM_INDICADOR (ID_CRITERIO, ID_CASO, ID_COMPONENTE, ID_PARAMETRO, ORDEN) VALUES (2, 3, 4, 41, 3);
INSERT INTO T_MAEM_INDICADOR (ID_CRITERIO, ID_CASO, ID_COMPONENTE, ID_PARAMETRO, ORDEN) VALUES (2, 3, 4, 42, 4);
INSERT INTO T_MAEM_INDICADOR (ID_CRITERIO, ID_CASO, ID_COMPONENTE, ID_PARAMETRO, ORDEN) VALUES (2, 3, 4, 47, 5);
INSERT INTO T_MAEM_INDICADOR (ID_CRITERIO, ID_CASO, ID_COMPONENTE, ID_PARAMETRO, ORDEN) VALUES (2, 3, 4, 46, 6);
INSERT INTO T_MAEM_INDICADOR (ID_CRITERIO, ID_CASO, ID_COMPONENTE, ID_PARAMETRO, ORDEN) VALUES (2, 3, 4, 48, 7);
INSERT INTO T_MAEM_INDICADOR (ID_CRITERIO, ID_CASO, ID_COMPONENTE, ID_PARAMETRO, ORDEN) VALUES (2, 3, 4, 51, 8);
INSERT INTO T_MAEM_INDICADOR (ID_CRITERIO, ID_CASO, ID_COMPONENTE, ID_PARAMETRO, ORDEN) VALUES (2, 3, 4, 54, 9);
INSERT INTO T_MAEM_INDICADOR (ID_CRITERIO, ID_CASO, ID_COMPONENTE, ID_PARAMETRO, ORDEN) VALUES (2, 3, 4, 55, 10);

INSERT INTO T_MAEM_INDICADOR (ID_CRITERIO, ID_CASO, ID_COMPONENTE, ID_PARAMETRO, ORDEN) VALUES (3, 1, 1, 1, 1);
INSERT INTO T_MAEM_INDICADOR (ID_CRITERIO, ID_CASO, ID_COMPONENTE, ID_PARAMETRO, ORDEN) VALUES (3, 1, 1, 2, 2);
INSERT INTO T_MAEM_INDICADOR (ID_CRITERIO, ID_CASO, ID_COMPONENTE, ID_PARAMETRO, ORDEN) VALUES (3, 1, 1, 3, 3);
INSERT INTO T_MAEM_INDICADOR (ID_CRITERIO, ID_CASO, ID_COMPONENTE, ID_PARAMETRO, ORDEN) VALUES (3, 1, 1, 4, 4);
INSERT INTO T_MAEM_INDICADOR (ID_CRITERIO, ID_CASO, ID_COMPONENTE, ID_PARAMETRO, ORDEN) VALUES (3, 1, 1, 5, 5);
INSERT INTO T_MAEM_INDICADOR (ID_CRITERIO, ID_CASO, ID_COMPONENTE, ID_PARAMETRO, ORDEN) VALUES (3, 1, 1, 6, 6);

INSERT INTO T_MAEM_INDICADOR (ID_CRITERIO, ID_CASO, ID_COMPONENTE, ID_PARAMETRO, ORDEN) VALUES (3, 1, 2, 56, 1);
INSERT INTO T_MAEM_INDICADOR (ID_CRITERIO, ID_CASO, ID_COMPONENTE, ID_PARAMETRO, ORDEN) VALUES (3, 1, 2, 57, 2);
INSERT INTO T_MAEM_INDICADOR (ID_CRITERIO, ID_CASO, ID_COMPONENTE, ID_PARAMETRO, ORDEN) VALUES (3, 1, 2, 58, 3);
INSERT INTO T_MAEM_INDICADOR (ID_CRITERIO, ID_CASO, ID_COMPONENTE, ID_PARAMETRO, ORDEN) VALUES (3, 1, 2, 59, 4);

INSERT INTO T_MAEM_INDICADOR (ID_CRITERIO, ID_CASO, ID_COMPONENTE, ID_PARAMETRO, ORDEN) VALUES (3, 1, 3, 60, 1);
INSERT INTO T_MAEM_INDICADOR (ID_CRITERIO, ID_CASO, ID_COMPONENTE, ID_PARAMETRO, ORDEN) VALUES (3, 1, 3, 61, 2);
INSERT INTO T_MAEM_INDICADOR (ID_CRITERIO, ID_CASO, ID_COMPONENTE, ID_PARAMETRO, ORDEN) VALUES (3, 1, 3, 62, 3);
INSERT INTO T_MAEM_INDICADOR (ID_CRITERIO, ID_CASO, ID_COMPONENTE, ID_PARAMETRO, ORDEN) VALUES (3, 1, 3, 63, 4);

INSERT INTO T_MAEM_INDICADOR (ID_CRITERIO, ID_CASO, ID_COMPONENTE, ID_PARAMETRO, ORDEN) VALUES (4, 1, 1, 1, 1);
INSERT INTO T_MAEM_INDICADOR (ID_CRITERIO, ID_CASO, ID_COMPONENTE, ID_PARAMETRO, ORDEN) VALUES (4, 1, 1, 2, 2);
INSERT INTO T_MAEM_INDICADOR (ID_CRITERIO, ID_CASO, ID_COMPONENTE, ID_PARAMETRO, ORDEN) VALUES (4, 1, 1, 3, 3);
INSERT INTO T_MAEM_INDICADOR (ID_CRITERIO, ID_CASO, ID_COMPONENTE, ID_PARAMETRO, ORDEN) VALUES (4, 1, 1, 4, 4);
INSERT INTO T_MAEM_INDICADOR (ID_CRITERIO, ID_CASO, ID_COMPONENTE, ID_PARAMETRO, ORDEN) VALUES (4, 1, 1, 5, 5);
INSERT INTO T_MAEM_INDICADOR (ID_CRITERIO, ID_CASO, ID_COMPONENTE, ID_PARAMETRO, ORDEN) VALUES (4, 1, 1, 6, 6);

INSERT INTO T_MAEM_INDICADOR (ID_CRITERIO, ID_CASO, ID_COMPONENTE, ID_PARAMETRO, ORDEN) VALUES (4, 1, 2, 64, 1);
INSERT INTO T_MAEM_INDICADOR (ID_CRITERIO, ID_CASO, ID_COMPONENTE, ID_PARAMETRO, ORDEN) VALUES (4, 1, 2, 65, 2);
INSERT INTO T_MAEM_INDICADOR (ID_CRITERIO, ID_CASO, ID_COMPONENTE, ID_PARAMETRO, ORDEN) VALUES (4, 1, 2, 66, 3);
INSERT INTO T_MAEM_INDICADOR (ID_CRITERIO, ID_CASO, ID_COMPONENTE, ID_PARAMETRO, ORDEN) VALUES (4, 1, 2, 67, 4);

INSERT INTO T_MAEM_INDICADOR (ID_CRITERIO, ID_CASO, ID_COMPONENTE, ID_PARAMETRO, ORDEN) VALUES (4, 1, 3, 68, 1);

INSERT INTO T_MAEM_INDICADOR (ID_CRITERIO, ID_CASO, ID_COMPONENTE, ID_PARAMETRO, ORDEN) VALUES (4, 2, 1, 1, 1);
INSERT INTO T_MAEM_INDICADOR (ID_CRITERIO, ID_CASO, ID_COMPONENTE, ID_PARAMETRO, ORDEN) VALUES (4, 2, 1, 2, 2);
INSERT INTO T_MAEM_INDICADOR (ID_CRITERIO, ID_CASO, ID_COMPONENTE, ID_PARAMETRO, ORDEN) VALUES (4, 2, 1, 3, 3);
INSERT INTO T_MAEM_INDICADOR (ID_CRITERIO, ID_CASO, ID_COMPONENTE, ID_PARAMETRO, ORDEN) VALUES (4, 2, 1, 4, 4);
INSERT INTO T_MAEM_INDICADOR (ID_CRITERIO, ID_CASO, ID_COMPONENTE, ID_PARAMETRO, ORDEN) VALUES (4, 2, 1, 5, 5);
INSERT INTO T_MAEM_INDICADOR (ID_CRITERIO, ID_CASO, ID_COMPONENTE, ID_PARAMETRO, ORDEN) VALUES (4, 2, 1, 6, 6);

INSERT INTO T_MAEM_INDICADOR (ID_CRITERIO, ID_CASO, ID_COMPONENTE, ID_PARAMETRO, ORDEN) VALUES (4, 2, 2, 64, 1);
INSERT INTO T_MAEM_INDICADOR (ID_CRITERIO, ID_CASO, ID_COMPONENTE, ID_PARAMETRO, ORDEN) VALUES (4, 2, 2, 65, 2);
INSERT INTO T_MAEM_INDICADOR (ID_CRITERIO, ID_CASO, ID_COMPONENTE, ID_PARAMETRO, ORDEN) VALUES (4, 2, 2, 66, 3);
INSERT INTO T_MAEM_INDICADOR (ID_CRITERIO, ID_CASO, ID_COMPONENTE, ID_PARAMETRO, ORDEN) VALUES (4, 2, 2, 67, 4);

INSERT INTO T_MAEM_INDICADOR (ID_CRITERIO, ID_CASO, ID_COMPONENTE, ID_PARAMETRO, ORDEN) VALUES (4, 2, 3, 68, 1);

INSERT INTO T_MAEM_INDICADOR (ID_CRITERIO, ID_CASO, ID_COMPONENTE, ID_PARAMETRO, ORDEN) VALUES (4, 3, 1, 1, 1);
INSERT INTO T_MAEM_INDICADOR (ID_CRITERIO, ID_CASO, ID_COMPONENTE, ID_PARAMETRO, ORDEN) VALUES (4, 3, 1, 2, 2);
INSERT INTO T_MAEM_INDICADOR (ID_CRITERIO, ID_CASO, ID_COMPONENTE, ID_PARAMETRO, ORDEN) VALUES (4, 3, 1, 3, 3);
INSERT INTO T_MAEM_INDICADOR (ID_CRITERIO, ID_CASO, ID_COMPONENTE, ID_PARAMETRO, ORDEN) VALUES (4, 3, 1, 4, 4);
INSERT INTO T_MAEM_INDICADOR (ID_CRITERIO, ID_CASO, ID_COMPONENTE, ID_PARAMETRO, ORDEN) VALUES (4, 3, 1, 5, 5);
INSERT INTO T_MAEM_INDICADOR (ID_CRITERIO, ID_CASO, ID_COMPONENTE, ID_PARAMETRO, ORDEN) VALUES (4, 3, 1, 6, 6);

INSERT INTO T_MAEM_INDICADOR (ID_CRITERIO, ID_CASO, ID_COMPONENTE, ID_PARAMETRO, ORDEN) VALUES (4, 3, 2, 64, 1);
INSERT INTO T_MAEM_INDICADOR (ID_CRITERIO, ID_CASO, ID_COMPONENTE, ID_PARAMETRO, ORDEN) VALUES (4, 3, 2, 65, 2);
INSERT INTO T_MAEM_INDICADOR (ID_CRITERIO, ID_CASO, ID_COMPONENTE, ID_PARAMETRO, ORDEN) VALUES (4, 3, 2, 66, 3);
INSERT INTO T_MAEM_INDICADOR (ID_CRITERIO, ID_CASO, ID_COMPONENTE, ID_PARAMETRO, ORDEN) VALUES (4, 3, 2, 67, 4);

INSERT INTO T_MAEM_INDICADOR (ID_CRITERIO, ID_CASO, ID_COMPONENTE, ID_PARAMETRO, ORDEN) VALUES (4, 3, 3, 3, 1);
INSERT INTO T_MAEM_INDICADOR (ID_CRITERIO, ID_CASO, ID_COMPONENTE, ID_PARAMETRO, ORDEN) VALUES (4, 3, 3, 4, 2);
INSERT INTO T_MAEM_INDICADOR (ID_CRITERIO, ID_CASO, ID_COMPONENTE, ID_PARAMETRO, ORDEN) VALUES (4, 3, 3, 5, 3);
INSERT INTO T_MAEM_INDICADOR (ID_CRITERIO, ID_CASO, ID_COMPONENTE, ID_PARAMETRO, ORDEN) VALUES (4, 3, 3, 6, 4);
INSERT INTO T_MAEM_INDICADOR (ID_CRITERIO, ID_CASO, ID_COMPONENTE, ID_PARAMETRO, ORDEN) VALUES (4, 3, 3, 7, 5);
INSERT INTO T_MAEM_INDICADOR (ID_CRITERIO, ID_CASO, ID_COMPONENTE, ID_PARAMETRO, ORDEN) VALUES (4, 3, 3, 8, 6);
INSERT INTO T_MAEM_INDICADOR (ID_CRITERIO, ID_CASO, ID_COMPONENTE, ID_PARAMETRO, ORDEN) VALUES (4, 3, 3, 9, 7);
INSERT INTO T_MAEM_INDICADOR (ID_CRITERIO, ID_CASO, ID_COMPONENTE, ID_PARAMETRO, ORDEN) VALUES (4, 3, 3, 10, 8);
INSERT INTO T_MAEM_INDICADOR (ID_CRITERIO, ID_CASO, ID_COMPONENTE, ID_PARAMETRO, ORDEN) VALUES (4, 3, 3, 11, 9);

INSERT INTO T_MAEM_INDICADOR (ID_CRITERIO, ID_CASO, ID_COMPONENTE, ID_PARAMETRO, ORDEN) VALUES (4, 3, 4, 68, 1);

INSERT INTO T_MAEM_INDICADOR (ID_CRITERIO, ID_CASO, ID_COMPONENTE, ID_PARAMETRO, ORDEN) VALUES (5, 1, 1, 1, 1);
INSERT INTO T_MAEM_INDICADOR (ID_CRITERIO, ID_CASO, ID_COMPONENTE, ID_PARAMETRO, ORDEN) VALUES (5, 1, 1, 2, 2);
INSERT INTO T_MAEM_INDICADOR (ID_CRITERIO, ID_CASO, ID_COMPONENTE, ID_PARAMETRO, ORDEN) VALUES (5, 1, 1, 3, 3);
INSERT INTO T_MAEM_INDICADOR (ID_CRITERIO, ID_CASO, ID_COMPONENTE, ID_PARAMETRO, ORDEN) VALUES (5, 1, 1, 4, 4);
INSERT INTO T_MAEM_INDICADOR (ID_CRITERIO, ID_CASO, ID_COMPONENTE, ID_PARAMETRO, ORDEN) VALUES (5, 1, 1, 5, 5);
INSERT INTO T_MAEM_INDICADOR (ID_CRITERIO, ID_CASO, ID_COMPONENTE, ID_PARAMETRO, ORDEN) VALUES (5, 1, 1, 6, 6);

INSERT INTO T_MAEM_INDICADOR (ID_CRITERIO, ID_CASO, ID_COMPONENTE, ID_PARAMETRO, ORDEN) VALUES (5, 1, 2, 69, 1);
INSERT INTO T_MAEM_INDICADOR (ID_CRITERIO, ID_CASO, ID_COMPONENTE, ID_PARAMETRO, ORDEN) VALUES (5, 1, 2, 70, 2);

INSERT INTO T_MAEM_INDICADOR (ID_CRITERIO, ID_CASO, ID_COMPONENTE, ID_PARAMETRO, ORDEN) VALUES (5, 1, 3, 71, 1);
INSERT INTO T_MAEM_INDICADOR (ID_CRITERIO, ID_CASO, ID_COMPONENTE, ID_PARAMETRO, ORDEN) VALUES (5, 1, 3, 72, 2);
INSERT INTO T_MAEM_INDICADOR (ID_CRITERIO, ID_CASO, ID_COMPONENTE, ID_PARAMETRO, ORDEN) VALUES (5, 1, 3, 73, 3);
INSERT INTO T_MAEM_INDICADOR (ID_CRITERIO, ID_CASO, ID_COMPONENTE, ID_PARAMETRO, ORDEN) VALUES (5, 1, 3, 74, 4);

INSERT INTO T_MAEM_INDICADOR (ID_CRITERIO, ID_CASO, ID_COMPONENTE, ID_PARAMETRO, ORDEN) VALUES (5, 1, 4, 75, 1);

INSERT INTO T_MAEM_INDICADOR (ID_CRITERIO, ID_CASO, ID_COMPONENTE, ID_PARAMETRO, ORDEN) VALUES (5, 2, 1, 1, 1);
INSERT INTO T_MAEM_INDICADOR (ID_CRITERIO, ID_CASO, ID_COMPONENTE, ID_PARAMETRO, ORDEN) VALUES (5, 2, 1, 2, 2);
INSERT INTO T_MAEM_INDICADOR (ID_CRITERIO, ID_CASO, ID_COMPONENTE, ID_PARAMETRO, ORDEN) VALUES (5, 2, 1, 3, 3);
INSERT INTO T_MAEM_INDICADOR (ID_CRITERIO, ID_CASO, ID_COMPONENTE, ID_PARAMETRO, ORDEN) VALUES (5, 2, 1, 4, 4);
INSERT INTO T_MAEM_INDICADOR (ID_CRITERIO, ID_CASO, ID_COMPONENTE, ID_PARAMETRO, ORDEN) VALUES (5, 2, 1, 5, 5);
INSERT INTO T_MAEM_INDICADOR (ID_CRITERIO, ID_CASO, ID_COMPONENTE, ID_PARAMETRO, ORDEN) VALUES (5, 2, 1, 6, 6);

INSERT INTO T_MAEM_INDICADOR (ID_CRITERIO, ID_CASO, ID_COMPONENTE, ID_PARAMETRO, ORDEN) VALUES (5, 2, 2, 69, 1);
INSERT INTO T_MAEM_INDICADOR (ID_CRITERIO, ID_CASO, ID_COMPONENTE, ID_PARAMETRO, ORDEN) VALUES (5, 2, 2, 70, 2);

INSERT INTO T_MAEM_INDICADOR (ID_CRITERIO, ID_CASO, ID_COMPONENTE, ID_PARAMETRO, ORDEN) VALUES (5, 2, 3, 71, 1);
INSERT INTO T_MAEM_INDICADOR (ID_CRITERIO, ID_CASO, ID_COMPONENTE, ID_PARAMETRO, ORDEN) VALUES (5, 2, 3, 72, 2);
INSERT INTO T_MAEM_INDICADOR (ID_CRITERIO, ID_CASO, ID_COMPONENTE, ID_PARAMETRO, ORDEN) VALUES (5, 2, 3, 73, 3);
INSERT INTO T_MAEM_INDICADOR (ID_CRITERIO, ID_CASO, ID_COMPONENTE, ID_PARAMETRO, ORDEN) VALUES (5, 2, 3, 74, 4);

INSERT INTO T_MAEM_INDICADOR (ID_CRITERIO, ID_CASO, ID_COMPONENTE, ID_PARAMETRO, ORDEN) VALUES (5, 2, 4, 75, 1);

INSERT INTO T_MAEM_INDICADOR (ID_CRITERIO, ID_CASO, ID_COMPONENTE, ID_PARAMETRO, ORDEN) VALUES (5, 3, 1, 1, 1);
INSERT INTO T_MAEM_INDICADOR (ID_CRITERIO, ID_CASO, ID_COMPONENTE, ID_PARAMETRO, ORDEN) VALUES (5, 3, 1, 2, 2);
INSERT INTO T_MAEM_INDICADOR (ID_CRITERIO, ID_CASO, ID_COMPONENTE, ID_PARAMETRO, ORDEN) VALUES (5, 3, 1, 3, 3);
INSERT INTO T_MAEM_INDICADOR (ID_CRITERIO, ID_CASO, ID_COMPONENTE, ID_PARAMETRO, ORDEN) VALUES (5, 3, 1, 4, 4);
INSERT INTO T_MAEM_INDICADOR (ID_CRITERIO, ID_CASO, ID_COMPONENTE, ID_PARAMETRO, ORDEN) VALUES (5, 3, 1, 5, 5);
INSERT INTO T_MAEM_INDICADOR (ID_CRITERIO, ID_CASO, ID_COMPONENTE, ID_PARAMETRO, ORDEN) VALUES (5, 3, 1, 6, 6);

INSERT INTO T_MAEM_INDICADOR (ID_CRITERIO, ID_CASO, ID_COMPONENTE, ID_PARAMETRO, ORDEN) VALUES (5, 3, 2, 69, 1);
INSERT INTO T_MAEM_INDICADOR (ID_CRITERIO, ID_CASO, ID_COMPONENTE, ID_PARAMETRO, ORDEN) VALUES (5, 3, 2, 70, 2);

INSERT INTO T_MAEM_INDICADOR (ID_CRITERIO, ID_CASO, ID_COMPONENTE, ID_PARAMETRO, ORDEN) VALUES (5, 3, 3, 71, 1);
INSERT INTO T_MAEM_INDICADOR (ID_CRITERIO, ID_CASO, ID_COMPONENTE, ID_PARAMETRO, ORDEN) VALUES (5, 3, 3, 72, 2);
INSERT INTO T_MAEM_INDICADOR (ID_CRITERIO, ID_CASO, ID_COMPONENTE, ID_PARAMETRO, ORDEN) VALUES (5, 3, 3, 73, 3);
INSERT INTO T_MAEM_INDICADOR (ID_CRITERIO, ID_CASO, ID_COMPONENTE, ID_PARAMETRO, ORDEN) VALUES (5, 3, 3, 74, 4);

INSERT INTO T_MAEM_INDICADOR (ID_CRITERIO, ID_CASO, ID_COMPONENTE, ID_PARAMETRO, ORDEN) VALUES (5, 3, 4, 75, 1);

INSERT INTO T_MAEM_INDICADOR (ID_CRITERIO, ID_CASO, ID_COMPONENTE, ID_PARAMETRO, ORDEN) VALUES (6, 1, 1, 1, 1);
INSERT INTO T_MAEM_INDICADOR (ID_CRITERIO, ID_CASO, ID_COMPONENTE, ID_PARAMETRO, ORDEN) VALUES (6, 1, 1, 2, 2);
INSERT INTO T_MAEM_INDICADOR (ID_CRITERIO, ID_CASO, ID_COMPONENTE, ID_PARAMETRO, ORDEN) VALUES (6, 1, 1, 3, 3);
INSERT INTO T_MAEM_INDICADOR (ID_CRITERIO, ID_CASO, ID_COMPONENTE, ID_PARAMETRO, ORDEN) VALUES (6, 1, 1, 4, 4);
INSERT INTO T_MAEM_INDICADOR (ID_CRITERIO, ID_CASO, ID_COMPONENTE, ID_PARAMETRO, ORDEN) VALUES (6, 1, 1, 5, 5);
INSERT INTO T_MAEM_INDICADOR (ID_CRITERIO, ID_CASO, ID_COMPONENTE, ID_PARAMETRO, ORDEN) VALUES (6, 1, 1, 6, 6);

INSERT INTO T_MAEM_INDICADOR (ID_CRITERIO, ID_CASO, ID_COMPONENTE, ID_PARAMETRO, ORDEN) VALUES (6, 1, 2, 76, 1);
INSERT INTO T_MAEM_INDICADOR (ID_CRITERIO, ID_CASO, ID_COMPONENTE, ID_PARAMETRO, ORDEN) VALUES (6, 1, 2, 77, 2);
INSERT INTO T_MAEM_INDICADOR (ID_CRITERIO, ID_CASO, ID_COMPONENTE, ID_PARAMETRO, ORDEN) VALUES (6, 1, 2, 78, 3);
INSERT INTO T_MAEM_INDICADOR (ID_CRITERIO, ID_CASO, ID_COMPONENTE, ID_PARAMETRO, ORDEN) VALUES (6, 1, 2, 79, 4);
INSERT INTO T_MAEM_INDICADOR (ID_CRITERIO, ID_CASO, ID_COMPONENTE, ID_PARAMETRO, ORDEN) VALUES (6, 1, 2, 80, 5);
INSERT INTO T_MAEM_INDICADOR (ID_CRITERIO, ID_CASO, ID_COMPONENTE, ID_PARAMETRO, ORDEN) VALUES (6, 1, 2, 81, 6);

INSERT INTO T_MAEM_INDICADOR (ID_CRITERIO, ID_CASO, ID_COMPONENTE, ID_PARAMETRO, ORDEN) VALUES (6, 2, 1, 1, 1);
INSERT INTO T_MAEM_INDICADOR (ID_CRITERIO, ID_CASO, ID_COMPONENTE, ID_PARAMETRO, ORDEN) VALUES (6, 2, 1, 2, 2);
INSERT INTO T_MAEM_INDICADOR (ID_CRITERIO, ID_CASO, ID_COMPONENTE, ID_PARAMETRO, ORDEN) VALUES (6, 2, 1, 3, 3);
INSERT INTO T_MAEM_INDICADOR (ID_CRITERIO, ID_CASO, ID_COMPONENTE, ID_PARAMETRO, ORDEN) VALUES (6, 2, 1, 4, 4);
INSERT INTO T_MAEM_INDICADOR (ID_CRITERIO, ID_CASO, ID_COMPONENTE, ID_PARAMETRO, ORDEN) VALUES (6, 2, 1, 5, 5);
INSERT INTO T_MAEM_INDICADOR (ID_CRITERIO, ID_CASO, ID_COMPONENTE, ID_PARAMETRO, ORDEN) VALUES (6, 2, 1, 6, 6);

INSERT INTO T_MAEM_INDICADOR (ID_CRITERIO, ID_CASO, ID_COMPONENTE, ID_PARAMETRO, ORDEN) VALUES (6, 2, 2, 76, 1);
INSERT INTO T_MAEM_INDICADOR (ID_CRITERIO, ID_CASO, ID_COMPONENTE, ID_PARAMETRO, ORDEN) VALUES (6, 2, 2, 77, 2);
INSERT INTO T_MAEM_INDICADOR (ID_CRITERIO, ID_CASO, ID_COMPONENTE, ID_PARAMETRO, ORDEN) VALUES (6, 2, 2, 78, 3);
INSERT INTO T_MAEM_INDICADOR (ID_CRITERIO, ID_CASO, ID_COMPONENTE, ID_PARAMETRO, ORDEN) VALUES (6, 2, 2, 79, 4);
INSERT INTO T_MAEM_INDICADOR (ID_CRITERIO, ID_CASO, ID_COMPONENTE, ID_PARAMETRO, ORDEN) VALUES (6, 2, 2, 80, 5);
INSERT INTO T_MAEM_INDICADOR (ID_CRITERIO, ID_CASO, ID_COMPONENTE, ID_PARAMETRO, ORDEN) VALUES (6, 2, 2, 81, 6);

INSERT INTO T_MAEM_INDICADOR (ID_CRITERIO, ID_CASO, ID_COMPONENTE, ID_PARAMETRO, ORDEN) VALUES (6, 3, 1, 1, 1);
INSERT INTO T_MAEM_INDICADOR (ID_CRITERIO, ID_CASO, ID_COMPONENTE, ID_PARAMETRO, ORDEN) VALUES (6, 3, 1, 2, 2);
INSERT INTO T_MAEM_INDICADOR (ID_CRITERIO, ID_CASO, ID_COMPONENTE, ID_PARAMETRO, ORDEN) VALUES (6, 3, 1, 3, 3);
INSERT INTO T_MAEM_INDICADOR (ID_CRITERIO, ID_CASO, ID_COMPONENTE, ID_PARAMETRO, ORDEN) VALUES (6, 3, 1, 4, 4);
INSERT INTO T_MAEM_INDICADOR (ID_CRITERIO, ID_CASO, ID_COMPONENTE, ID_PARAMETRO, ORDEN) VALUES (6, 3, 1, 5, 5);
INSERT INTO T_MAEM_INDICADOR (ID_CRITERIO, ID_CASO, ID_COMPONENTE, ID_PARAMETRO, ORDEN) VALUES (6, 3, 1, 6, 6);

INSERT INTO T_MAEM_INDICADOR (ID_CRITERIO, ID_CASO, ID_COMPONENTE, ID_PARAMETRO, ORDEN) VALUES (6, 3, 2, 76, 1);
INSERT INTO T_MAEM_INDICADOR (ID_CRITERIO, ID_CASO, ID_COMPONENTE, ID_PARAMETRO, ORDEN) VALUES (6, 3, 2, 77, 2);
INSERT INTO T_MAEM_INDICADOR (ID_CRITERIO, ID_CASO, ID_COMPONENTE, ID_PARAMETRO, ORDEN) VALUES (6, 3, 2, 78, 3);
INSERT INTO T_MAEM_INDICADOR (ID_CRITERIO, ID_CASO, ID_COMPONENTE, ID_PARAMETRO, ORDEN) VALUES (6, 3, 2, 79, 4);
INSERT INTO T_MAEM_INDICADOR (ID_CRITERIO, ID_CASO, ID_COMPONENTE, ID_PARAMETRO, ORDEN) VALUES (6, 3, 2, 80, 5);
INSERT INTO T_MAEM_INDICADOR (ID_CRITERIO, ID_CASO, ID_COMPONENTE, ID_PARAMETRO, ORDEN) VALUES (6, 3, 2, 81, 6);

INSERT INTO T_MAEM_INDICADOR (ID_CRITERIO, ID_CASO, ID_COMPONENTE, ID_PARAMETRO, ORDEN) VALUES (7, 1, 1, 1, 1);
INSERT INTO T_MAEM_INDICADOR (ID_CRITERIO, ID_CASO, ID_COMPONENTE, ID_PARAMETRO, ORDEN) VALUES (7, 1, 1, 2, 2);
INSERT INTO T_MAEM_INDICADOR (ID_CRITERIO, ID_CASO, ID_COMPONENTE, ID_PARAMETRO, ORDEN) VALUES (7, 1, 1, 3, 3);
INSERT INTO T_MAEM_INDICADOR (ID_CRITERIO, ID_CASO, ID_COMPONENTE, ID_PARAMETRO, ORDEN) VALUES (7, 1, 1, 4, 4);
INSERT INTO T_MAEM_INDICADOR (ID_CRITERIO, ID_CASO, ID_COMPONENTE, ID_PARAMETRO, ORDEN) VALUES (7, 1, 1, 5, 5);
INSERT INTO T_MAEM_INDICADOR (ID_CRITERIO, ID_CASO, ID_COMPONENTE, ID_PARAMETRO, ORDEN) VALUES (7, 1, 1, 6, 6);

INSERT INTO T_MAEM_INDICADOR (ID_CRITERIO, ID_CASO, ID_COMPONENTE, ID_PARAMETRO, ORDEN) VALUES (7, 1, 2, 82, 1);
INSERT INTO T_MAEM_INDICADOR (ID_CRITERIO, ID_CASO, ID_COMPONENTE, ID_PARAMETRO, ORDEN) VALUES (7, 1, 2, 83, 2);
INSERT INTO T_MAEM_INDICADOR (ID_CRITERIO, ID_CASO, ID_COMPONENTE, ID_PARAMETRO, ORDEN) VALUES (7, 1, 2, 84, 3);
INSERT INTO T_MAEM_INDICADOR (ID_CRITERIO, ID_CASO, ID_COMPONENTE, ID_PARAMETRO, ORDEN) VALUES (7, 1, 2, 85, 4);
INSERT INTO T_MAEM_INDICADOR (ID_CRITERIO, ID_CASO, ID_COMPONENTE, ID_PARAMETRO, ORDEN) VALUES (7, 1, 2, 86, 5);
INSERT INTO T_MAEM_INDICADOR (ID_CRITERIO, ID_CASO, ID_COMPONENTE, ID_PARAMETRO, ORDEN) VALUES (7, 1, 2, 87, 5);

INSERT INTO T_MAEM_INDICADOR (ID_CRITERIO, ID_CASO, ID_COMPONENTE, ID_PARAMETRO, ORDEN) VALUES (8, 1, 1, 1, 1);
INSERT INTO T_MAEM_INDICADOR (ID_CRITERIO, ID_CASO, ID_COMPONENTE, ID_PARAMETRO, ORDEN) VALUES (8, 1, 1, 2, 2);
INSERT INTO T_MAEM_INDICADOR (ID_CRITERIO, ID_CASO, ID_COMPONENTE, ID_PARAMETRO, ORDEN) VALUES (8, 1, 1, 3, 3);
INSERT INTO T_MAEM_INDICADOR (ID_CRITERIO, ID_CASO, ID_COMPONENTE, ID_PARAMETRO, ORDEN) VALUES (8, 1, 1, 4, 4);
INSERT INTO T_MAEM_INDICADOR (ID_CRITERIO, ID_CASO, ID_COMPONENTE, ID_PARAMETRO, ORDEN) VALUES (8, 1, 1, 5, 5);
INSERT INTO T_MAEM_INDICADOR (ID_CRITERIO, ID_CASO, ID_COMPONENTE, ID_PARAMETRO, ORDEN) VALUES (8, 1, 1, 6, 6);

INSERT INTO T_MAEM_INDICADOR (ID_CRITERIO, ID_CASO, ID_COMPONENTE, ID_PARAMETRO, ORDEN) VALUES (8, 1, 2, 88, 1);
INSERT INTO T_MAEM_INDICADOR (ID_CRITERIO, ID_CASO, ID_COMPONENTE, ID_PARAMETRO, ORDEN) VALUES (8, 1, 2, 89, 2);
INSERT INTO T_MAEM_INDICADOR (ID_CRITERIO, ID_CASO, ID_COMPONENTE, ID_PARAMETRO, ORDEN) VALUES (8, 1, 2, 90, 3);
INSERT INTO T_MAEM_INDICADOR (ID_CRITERIO, ID_CASO, ID_COMPONENTE, ID_PARAMETRO, ORDEN) VALUES (8, 1, 2, 91, 4);
INSERT INTO T_MAEM_INDICADOR (ID_CRITERIO, ID_CASO, ID_COMPONENTE, ID_PARAMETRO, ORDEN) VALUES (8, 1, 2, 92, 5);

INSERT INTO T_MAEM_INDICADOR (ID_CRITERIO, ID_CASO, ID_COMPONENTE, ID_PARAMETRO, ORDEN) VALUES (8, 1, 3, 93, 1);
INSERT INTO T_MAEM_INDICADOR (ID_CRITERIO, ID_CASO, ID_COMPONENTE, ID_PARAMETRO, ORDEN) VALUES (8, 1, 3, 94, 2);

INSERT INTO T_MAEM_INDICADOR (ID_CRITERIO, ID_CASO, ID_COMPONENTE, ID_PARAMETRO, ORDEN) VALUES (8, 1, 4, 95, 1);

--T_MAEM_INDICADOR_FORM
INSERT INTO T_MAEM_INDICADOR_FORM (ID_CRITERIO, ID_CASO, ID_COMPONENTE, ID_PARAMETRO, ID_INDICADOR, VALOR) VALUES (1, 1, 1, 1, 1, '');
INSERT INTO T_MAEM_INDICADOR_FORM (ID_CRITERIO, ID_CASO, ID_COMPONENTE, ID_PARAMETRO, ID_INDICADOR, VALOR) VALUES (1, 1, 1, 2, 1, '');
INSERT INTO T_MAEM_INDICADOR_FORM (ID_CRITERIO, ID_CASO, ID_COMPONENTE, ID_PARAMETRO, ID_INDICADOR, VALOR) VALUES (1, 1, 1, 3, 1, '');
INSERT INTO T_MAEM_INDICADOR_FORM (ID_CRITERIO, ID_CASO, ID_COMPONENTE, ID_PARAMETRO, ID_INDICADOR, VALOR) VALUES (1, 1, 1, 4, 1, '');
INSERT INTO T_MAEM_INDICADOR_FORM (ID_CRITERIO, ID_CASO, ID_COMPONENTE, ID_PARAMETRO, ID_INDICADOR, VALOR) VALUES (1, 1, 1, 5, 1, '');
INSERT INTO T_MAEM_INDICADOR_FORM (ID_CRITERIO, ID_CASO, ID_COMPONENTE, ID_PARAMETRO, ID_INDICADOR, VALOR) VALUES (1, 1, 1, 6, 1, '');
INSERT INTO T_MAEM_INDICADOR_FORM (ID_CRITERIO, ID_CASO, ID_COMPONENTE, ID_PARAMETRO, ID_INDICADOR, VALOR) VALUES (1, 1, 1, 7, 1, '');
INSERT INTO T_MAEM_INDICADOR_FORM (ID_CRITERIO, ID_CASO, ID_COMPONENTE, ID_PARAMETRO, ID_INDICADOR, VALOR) VALUES (1, 1, 1, 8, 1, '');
INSERT INTO T_MAEM_INDICADOR_FORM (ID_CRITERIO, ID_CASO, ID_COMPONENTE, ID_PARAMETRO, ID_INDICADOR, VALOR) VALUES (1, 1, 1, 9, 1, '');
INSERT INTO T_MAEM_INDICADOR_FORM (ID_CRITERIO, ID_CASO, ID_COMPONENTE, ID_PARAMETRO, ID_INDICADOR, VALOR) VALUES (1, 1, 1, 10, 1, '');
INSERT INTO T_MAEM_INDICADOR_FORM (ID_CRITERIO, ID_CASO, ID_COMPONENTE, ID_PARAMETRO, ID_INDICADOR, VALOR) VALUES (1, 1, 1, 11, 1, '');

INSERT INTO T_MAEM_INDICADOR_FORM (ID_CRITERIO, ID_CASO, ID_COMPONENTE, ID_PARAMETRO, ID_INDICADOR, VALOR) VALUES (1, 1, 2, 12, 1, '');
INSERT INTO T_MAEM_INDICADOR_FORM (ID_CRITERIO, ID_CASO, ID_COMPONENTE, ID_PARAMETRO, ID_INDICADOR, VALOR) VALUES (1, 1, 2, 13, 1, '');
INSERT INTO T_MAEM_INDICADOR_FORM (ID_CRITERIO, ID_CASO, ID_COMPONENTE, ID_PARAMETRO, ID_INDICADOR, VALOR) VALUES (1, 1, 2, 14, 1, '');
INSERT INTO T_MAEM_INDICADOR_FORM (ID_CRITERIO, ID_CASO, ID_COMPONENTE, ID_PARAMETRO, ID_INDICADOR, VALOR) VALUES (1, 1, 2, 15, 1, '');
INSERT INTO T_MAEM_INDICADOR_FORM (ID_CRITERIO, ID_CASO, ID_COMPONENTE, ID_PARAMETRO, ID_INDICADOR, VALOR) VALUES (1, 1, 2, 16, 1, '');
INSERT INTO T_MAEM_INDICADOR_FORM (ID_CRITERIO, ID_CASO, ID_COMPONENTE, ID_PARAMETRO, ID_INDICADOR, VALOR) VALUES (1, 1, 2, 17, 1, '');
INSERT INTO T_MAEM_INDICADOR_FORM (ID_CRITERIO, ID_CASO, ID_COMPONENTE, ID_PARAMETRO, ID_INDICADOR, VALOR) VALUES (1, 1, 2, 18, 1, '');

INSERT INTO T_MAEM_INDICADOR_FORM (ID_CRITERIO, ID_CASO, ID_COMPONENTE, ID_PARAMETRO, ID_INDICADOR, VALOR) VALUES (2, 1, 1, 1, 1, '');
INSERT INTO T_MAEM_INDICADOR_FORM (ID_CRITERIO, ID_CASO, ID_COMPONENTE, ID_PARAMETRO, ID_INDICADOR, VALOR) VALUES (2, 1, 1, 2, 1, '');
INSERT INTO T_MAEM_INDICADOR_FORM (ID_CRITERIO, ID_CASO, ID_COMPONENTE, ID_PARAMETRO, ID_INDICADOR, VALOR) VALUES (2, 1, 1, 19, 1, '');
INSERT INTO T_MAEM_INDICADOR_FORM (ID_CRITERIO, ID_CASO, ID_COMPONENTE, ID_PARAMETRO, ID_INDICADOR, VALOR) VALUES (2, 1, 1, 20, 1, '');
INSERT INTO T_MAEM_INDICADOR_FORM (ID_CRITERIO, ID_CASO, ID_COMPONENTE, ID_PARAMETRO, ID_INDICADOR, VALOR) VALUES (2, 1, 1, 21, 1, '');
INSERT INTO T_MAEM_INDICADOR_FORM (ID_CRITERIO, ID_CASO, ID_COMPONENTE, ID_PARAMETRO, ID_INDICADOR, VALOR) VALUES (2, 1, 1, 22, 1, '');
INSERT INTO T_MAEM_INDICADOR_FORM (ID_CRITERIO, ID_CASO, ID_COMPONENTE, ID_PARAMETRO, ID_INDICADOR, VALOR) VALUES (2, 1, 1, 7, 1, '');
INSERT INTO T_MAEM_INDICADOR_FORM (ID_CRITERIO, ID_CASO, ID_COMPONENTE, ID_PARAMETRO, ID_INDICADOR, VALOR) VALUES (2, 1, 1, 8, 1, '');
INSERT INTO T_MAEM_INDICADOR_FORM (ID_CRITERIO, ID_CASO, ID_COMPONENTE, ID_PARAMETRO, ID_INDICADOR, VALOR) VALUES (2, 1, 1, 9, 1, '');
INSERT INTO T_MAEM_INDICADOR_FORM (ID_CRITERIO, ID_CASO, ID_COMPONENTE, ID_PARAMETRO, ID_INDICADOR, VALOR) VALUES (2, 1, 1, 10, 1, '');
INSERT INTO T_MAEM_INDICADOR_FORM (ID_CRITERIO, ID_CASO, ID_COMPONENTE, ID_PARAMETRO, ID_INDICADOR, VALOR) VALUES (2, 1, 1, 11, 1, '');
INSERT INTO T_MAEM_INDICADOR_FORM (ID_CRITERIO, ID_CASO, ID_COMPONENTE, ID_PARAMETRO, ID_INDICADOR, VALOR) VALUES (2, 1, 1, 23, 1, '');
INSERT INTO T_MAEM_INDICADOR_FORM (ID_CRITERIO, ID_CASO, ID_COMPONENTE, ID_PARAMETRO, ID_INDICADOR, VALOR) VALUES (2, 1, 1, 24, 1, '');
INSERT INTO T_MAEM_INDICADOR_FORM (ID_CRITERIO, ID_CASO, ID_COMPONENTE, ID_PARAMETRO, ID_INDICADOR, VALOR) VALUES (2, 1, 1, 25, 1, '');
INSERT INTO T_MAEM_INDICADOR_FORM (ID_CRITERIO, ID_CASO, ID_COMPONENTE, ID_PARAMETRO, ID_INDICADOR, VALOR) VALUES (2, 1, 1, 26, 1, '');
INSERT INTO T_MAEM_INDICADOR_FORM (ID_CRITERIO, ID_CASO, ID_COMPONENTE, ID_PARAMETRO, ID_INDICADOR, VALOR) VALUES (2, 1, 1, 27, 1, '');

INSERT INTO T_MAEM_INDICADOR_FORM (ID_CRITERIO, ID_CASO, ID_COMPONENTE, ID_PARAMETRO, ID_INDICADOR, VALOR) VALUES (2, 1, 2, 28, 1, '');
INSERT INTO T_MAEM_INDICADOR_FORM (ID_CRITERIO, ID_CASO, ID_COMPONENTE, ID_PARAMETRO, ID_INDICADOR, VALOR) VALUES (2, 1, 2, 29, 1, '');
INSERT INTO T_MAEM_INDICADOR_FORM (ID_CRITERIO, ID_CASO, ID_COMPONENTE, ID_PARAMETRO, ID_INDICADOR, VALOR) VALUES (2, 1, 2, 30, 1, '');
INSERT INTO T_MAEM_INDICADOR_FORM (ID_CRITERIO, ID_CASO, ID_COMPONENTE, ID_PARAMETRO, ID_INDICADOR, VALOR) VALUES (2, 1, 2, 31, 1, '');
INSERT INTO T_MAEM_INDICADOR_FORM (ID_CRITERIO, ID_CASO, ID_COMPONENTE, ID_PARAMETRO, ID_INDICADOR, VALOR) VALUES (2, 1, 2, 32, 1, '');
INSERT INTO T_MAEM_INDICADOR_FORM (ID_CRITERIO, ID_CASO, ID_COMPONENTE, ID_PARAMETRO, ID_INDICADOR, VALOR) VALUES (2, 1, 2, 33, 1, '');
INSERT INTO T_MAEM_INDICADOR_FORM (ID_CRITERIO, ID_CASO, ID_COMPONENTE, ID_PARAMETRO, ID_INDICADOR, VALOR) VALUES (2, 1, 2, 34, 1, '');
INSERT INTO T_MAEM_INDICADOR_FORM (ID_CRITERIO, ID_CASO, ID_COMPONENTE, ID_PARAMETRO, ID_INDICADOR, VALOR) VALUES (2, 1, 2, 35, 1, '');
INSERT INTO T_MAEM_INDICADOR_FORM (ID_CRITERIO, ID_CASO, ID_COMPONENTE, ID_PARAMETRO, ID_INDICADOR, VALOR) VALUES (2, 1, 2, 36, 1, '');
INSERT INTO T_MAEM_INDICADOR_FORM (ID_CRITERIO, ID_CASO, ID_COMPONENTE, ID_PARAMETRO, ID_INDICADOR, VALOR) VALUES (2, 1, 2, 37, 1, '');

INSERT INTO T_MAEM_INDICADOR_FORM (ID_CRITERIO, ID_CASO, ID_COMPONENTE, ID_PARAMETRO, ID_INDICADOR, VALOR) VALUES (2, 2, 1, 1, 1, '');
INSERT INTO T_MAEM_INDICADOR_FORM (ID_CRITERIO, ID_CASO, ID_COMPONENTE, ID_PARAMETRO, ID_INDICADOR, VALOR) VALUES (2, 2, 1, 2, 1, '');
INSERT INTO T_MAEM_INDICADOR_FORM (ID_CRITERIO, ID_CASO, ID_COMPONENTE, ID_PARAMETRO, ID_INDICADOR, VALOR) VALUES (2, 2, 1, 19, 1, '');
INSERT INTO T_MAEM_INDICADOR_FORM (ID_CRITERIO, ID_CASO, ID_COMPONENTE, ID_PARAMETRO, ID_INDICADOR, VALOR) VALUES (2, 2, 1, 20, 1, '');
INSERT INTO T_MAEM_INDICADOR_FORM (ID_CRITERIO, ID_CASO, ID_COMPONENTE, ID_PARAMETRO, ID_INDICADOR, VALOR) VALUES (2, 2, 1, 21, 1, '');
INSERT INTO T_MAEM_INDICADOR_FORM (ID_CRITERIO, ID_CASO, ID_COMPONENTE, ID_PARAMETRO, ID_INDICADOR, VALOR) VALUES (2, 2, 1, 22, 1, '');
INSERT INTO T_MAEM_INDICADOR_FORM (ID_CRITERIO, ID_CASO, ID_COMPONENTE, ID_PARAMETRO, ID_INDICADOR, VALOR) VALUES (2, 2, 1, 7, 1, '');
INSERT INTO T_MAEM_INDICADOR_FORM (ID_CRITERIO, ID_CASO, ID_COMPONENTE, ID_PARAMETRO, ID_INDICADOR, VALOR) VALUES (2, 2, 1, 8, 1, '');
INSERT INTO T_MAEM_INDICADOR_FORM (ID_CRITERIO, ID_CASO, ID_COMPONENTE, ID_PARAMETRO, ID_INDICADOR, VALOR) VALUES (2, 2, 1, 9, 1, '');
INSERT INTO T_MAEM_INDICADOR_FORM (ID_CRITERIO, ID_CASO, ID_COMPONENTE, ID_PARAMETRO, ID_INDICADOR, VALOR) VALUES (2, 2, 1, 10, 1, '');
INSERT INTO T_MAEM_INDICADOR_FORM (ID_CRITERIO, ID_CASO, ID_COMPONENTE, ID_PARAMETRO, ID_INDICADOR, VALOR) VALUES (2, 2, 1, 11, 1, '');
INSERT INTO T_MAEM_INDICADOR_FORM (ID_CRITERIO, ID_CASO, ID_COMPONENTE, ID_PARAMETRO, ID_INDICADOR, VALOR) VALUES (2, 2, 1, 23, 1, '');
INSERT INTO T_MAEM_INDICADOR_FORM (ID_CRITERIO, ID_CASO, ID_COMPONENTE, ID_PARAMETRO, ID_INDICADOR, VALOR) VALUES (2, 2, 1, 24, 1, '');
INSERT INTO T_MAEM_INDICADOR_FORM (ID_CRITERIO, ID_CASO, ID_COMPONENTE, ID_PARAMETRO, ID_INDICADOR, VALOR) VALUES (2, 2, 1, 25, 1, '');
INSERT INTO T_MAEM_INDICADOR_FORM (ID_CRITERIO, ID_CASO, ID_COMPONENTE, ID_PARAMETRO, ID_INDICADOR, VALOR) VALUES (2, 2, 1, 26, 1, '');
INSERT INTO T_MAEM_INDICADOR_FORM (ID_CRITERIO, ID_CASO, ID_COMPONENTE, ID_PARAMETRO, ID_INDICADOR, VALOR) VALUES (2, 2, 1, 27, 1, '');

INSERT INTO T_MAEM_INDICADOR_FORM (ID_CRITERIO, ID_CASO, ID_COMPONENTE, ID_PARAMETRO, ID_INDICADOR, VALOR) VALUES (2, 2, 2, 28, 1, '');
INSERT INTO T_MAEM_INDICADOR_FORM (ID_CRITERIO, ID_CASO, ID_COMPONENTE, ID_PARAMETRO, ID_INDICADOR, VALOR) VALUES (2, 2, 2, 29, 1, '');
INSERT INTO T_MAEM_INDICADOR_FORM (ID_CRITERIO, ID_CASO, ID_COMPONENTE, ID_PARAMETRO, ID_INDICADOR, VALOR) VALUES (2, 2, 2, 30, 1, '');
INSERT INTO T_MAEM_INDICADOR_FORM (ID_CRITERIO, ID_CASO, ID_COMPONENTE, ID_PARAMETRO, ID_INDICADOR, VALOR) VALUES (2, 2, 2, 31, 1, '');
INSERT INTO T_MAEM_INDICADOR_FORM (ID_CRITERIO, ID_CASO, ID_COMPONENTE, ID_PARAMETRO, ID_INDICADOR, VALOR) VALUES (2, 2, 2, 32, 1, '');
INSERT INTO T_MAEM_INDICADOR_FORM (ID_CRITERIO, ID_CASO, ID_COMPONENTE, ID_PARAMETRO, ID_INDICADOR, VALOR) VALUES (2, 2, 2, 33, 1, '');
INSERT INTO T_MAEM_INDICADOR_FORM (ID_CRITERIO, ID_CASO, ID_COMPONENTE, ID_PARAMETRO, ID_INDICADOR, VALOR) VALUES (2, 2, 2, 34, 1, '');
INSERT INTO T_MAEM_INDICADOR_FORM (ID_CRITERIO, ID_CASO, ID_COMPONENTE, ID_PARAMETRO, ID_INDICADOR, VALOR) VALUES (2, 2, 2, 35, 1, '');
INSERT INTO T_MAEM_INDICADOR_FORM (ID_CRITERIO, ID_CASO, ID_COMPONENTE, ID_PARAMETRO, ID_INDICADOR, VALOR) VALUES (2, 2, 2, 36, 1, '');
INSERT INTO T_MAEM_INDICADOR_FORM (ID_CRITERIO, ID_CASO, ID_COMPONENTE, ID_PARAMETRO, ID_INDICADOR, VALOR) VALUES (2, 2, 2, 37, 1, '');

INSERT INTO T_MAEM_INDICADOR_FORM (ID_CRITERIO, ID_CASO, ID_COMPONENTE, ID_PARAMETRO, ID_INDICADOR, VALOR) VALUES (2, 2, 3, 96, 1, '');

INSERT INTO T_MAEM_INDICADOR_FORM (ID_CRITERIO, ID_CASO, ID_COMPONENTE, ID_PARAMETRO, ID_INDICADOR, VALOR) VALUES (2, 3, 1, 38, 1, '');
INSERT INTO T_MAEM_INDICADOR_FORM (ID_CRITERIO, ID_CASO, ID_COMPONENTE, ID_PARAMETRO, ID_INDICADOR, VALOR) VALUES (2, 3, 1, 39, 1, '');
INSERT INTO T_MAEM_INDICADOR_FORM (ID_CRITERIO, ID_CASO, ID_COMPONENTE, ID_PARAMETRO, ID_INDICADOR, VALOR) VALUES (2, 3, 1, 41, 1, '');
INSERT INTO T_MAEM_INDICADOR_FORM (ID_CRITERIO, ID_CASO, ID_COMPONENTE, ID_PARAMETRO, ID_INDICADOR, VALOR) VALUES (2, 3, 1, 42, 1, '');
INSERT INTO T_MAEM_INDICADOR_FORM (ID_CRITERIO, ID_CASO, ID_COMPONENTE, ID_PARAMETRO, ID_INDICADOR, VALOR) VALUES (2, 3, 1, 43, 1, '');
INSERT INTO T_MAEM_INDICADOR_FORM (ID_CRITERIO, ID_CASO, ID_COMPONENTE, ID_PARAMETRO, ID_INDICADOR, VALOR) VALUES (2, 3, 1, 45, 1, '');
INSERT INTO T_MAEM_INDICADOR_FORM (ID_CRITERIO, ID_CASO, ID_COMPONENTE, ID_PARAMETRO, ID_INDICADOR, VALOR) VALUES (2, 3, 1, 51, 1, '');
INSERT INTO T_MAEM_INDICADOR_FORM (ID_CRITERIO, ID_CASO, ID_COMPONENTE, ID_PARAMETRO, ID_INDICADOR, VALOR) VALUES (2, 3, 1, 54, 1, '');
INSERT INTO T_MAEM_INDICADOR_FORM (ID_CRITERIO, ID_CASO, ID_COMPONENTE, ID_PARAMETRO, ID_INDICADOR, VALOR) VALUES (2, 3, 1, 55, 1, '');

INSERT INTO T_MAEM_INDICADOR_FORM (ID_CRITERIO, ID_CASO, ID_COMPONENTE, ID_PARAMETRO, ID_INDICADOR, VALOR) VALUES (2, 3, 2, 38, 1, '');
INSERT INTO T_MAEM_INDICADOR_FORM (ID_CRITERIO, ID_CASO, ID_COMPONENTE, ID_PARAMETRO, ID_INDICADOR, VALOR) VALUES (2, 3, 2, 39, 1, '');
INSERT INTO T_MAEM_INDICADOR_FORM (ID_CRITERIO, ID_CASO, ID_COMPONENTE, ID_PARAMETRO, ID_INDICADOR, VALOR) VALUES (2, 3, 2, 40, 1, '');
INSERT INTO T_MAEM_INDICADOR_FORM (ID_CRITERIO, ID_CASO, ID_COMPONENTE, ID_PARAMETRO, ID_INDICADOR, VALOR) VALUES (2, 3, 2, 41, 1, '');
INSERT INTO T_MAEM_INDICADOR_FORM (ID_CRITERIO, ID_CASO, ID_COMPONENTE, ID_PARAMETRO, ID_INDICADOR, VALOR) VALUES (2, 3, 2, 42, 1, '');
INSERT INTO T_MAEM_INDICADOR_FORM (ID_CRITERIO, ID_CASO, ID_COMPONENTE, ID_PARAMETRO, ID_INDICADOR, VALOR) VALUES (2, 3, 2, 43, 1, '');
INSERT INTO T_MAEM_INDICADOR_FORM (ID_CRITERIO, ID_CASO, ID_COMPONENTE, ID_PARAMETRO, ID_INDICADOR, VALOR) VALUES (2, 3, 2, 44, 1, '');
INSERT INTO T_MAEM_INDICADOR_FORM (ID_CRITERIO, ID_CASO, ID_COMPONENTE, ID_PARAMETRO, ID_INDICADOR, VALOR) VALUES (2, 3, 2, 45, 1, '');
INSERT INTO T_MAEM_INDICADOR_FORM (ID_CRITERIO, ID_CASO, ID_COMPONENTE, ID_PARAMETRO, ID_INDICADOR, VALOR) VALUES (2, 3, 2, 46, 1, '');
INSERT INTO T_MAEM_INDICADOR_FORM (ID_CRITERIO, ID_CASO, ID_COMPONENTE, ID_PARAMETRO, ID_INDICADOR, VALOR) VALUES (2, 3, 2, 51, 1, '');
INSERT INTO T_MAEM_INDICADOR_FORM (ID_CRITERIO, ID_CASO, ID_COMPONENTE, ID_PARAMETRO, ID_INDICADOR, VALOR) VALUES (2, 3, 2, 54, 1, '');
INSERT INTO T_MAEM_INDICADOR_FORM (ID_CRITERIO, ID_CASO, ID_COMPONENTE, ID_PARAMETRO, ID_INDICADOR, VALOR) VALUES (2, 3, 2, 55, 1, '');

INSERT INTO T_MAEM_INDICADOR_FORM (ID_CRITERIO, ID_CASO, ID_COMPONENTE, ID_PARAMETRO, ID_INDICADOR, VALOR) VALUES (2, 3, 3, 38, 1, '');
INSERT INTO T_MAEM_INDICADOR_FORM (ID_CRITERIO, ID_CASO, ID_COMPONENTE, ID_PARAMETRO, ID_INDICADOR, VALOR) VALUES (2, 3, 3, 39, 1, '');
INSERT INTO T_MAEM_INDICADOR_FORM (ID_CRITERIO, ID_CASO, ID_COMPONENTE, ID_PARAMETRO, ID_INDICADOR, VALOR) VALUES (2, 3, 3, 41, 1, '');
INSERT INTO T_MAEM_INDICADOR_FORM (ID_CRITERIO, ID_CASO, ID_COMPONENTE, ID_PARAMETRO, ID_INDICADOR, VALOR) VALUES (2, 3, 3, 42, 1, '');
INSERT INTO T_MAEM_INDICADOR_FORM (ID_CRITERIO, ID_CASO, ID_COMPONENTE, ID_PARAMETRO, ID_INDICADOR, VALOR) VALUES (2, 3, 3, 47, 1, '');
INSERT INTO T_MAEM_INDICADOR_FORM (ID_CRITERIO, ID_CASO, ID_COMPONENTE, ID_PARAMETRO, ID_INDICADOR, VALOR) VALUES (2, 3, 3, 51, 1, '');
INSERT INTO T_MAEM_INDICADOR_FORM (ID_CRITERIO, ID_CASO, ID_COMPONENTE, ID_PARAMETRO, ID_INDICADOR, VALOR) VALUES (2, 3, 3, 54, 1, '');
INSERT INTO T_MAEM_INDICADOR_FORM (ID_CRITERIO, ID_CASO, ID_COMPONENTE, ID_PARAMETRO, ID_INDICADOR, VALOR) VALUES (2, 3, 3, 55, 1, '');

INSERT INTO T_MAEM_INDICADOR_FORM (ID_CRITERIO, ID_CASO, ID_COMPONENTE, ID_PARAMETRO, ID_INDICADOR, VALOR) VALUES (2, 3, 4, 38, 1, '');
INSERT INTO T_MAEM_INDICADOR_FORM (ID_CRITERIO, ID_CASO, ID_COMPONENTE, ID_PARAMETRO, ID_INDICADOR, VALOR) VALUES (2, 3, 4, 39, 1, '');
INSERT INTO T_MAEM_INDICADOR_FORM (ID_CRITERIO, ID_CASO, ID_COMPONENTE, ID_PARAMETRO, ID_INDICADOR, VALOR) VALUES (2, 3, 4, 41, 1, '');
INSERT INTO T_MAEM_INDICADOR_FORM (ID_CRITERIO, ID_CASO, ID_COMPONENTE, ID_PARAMETRO, ID_INDICADOR, VALOR) VALUES (2, 3, 4, 42, 1, '');
INSERT INTO T_MAEM_INDICADOR_FORM (ID_CRITERIO, ID_CASO, ID_COMPONENTE, ID_PARAMETRO, ID_INDICADOR, VALOR) VALUES (2, 3, 4, 47, 1, '');
INSERT INTO T_MAEM_INDICADOR_FORM (ID_CRITERIO, ID_CASO, ID_COMPONENTE, ID_PARAMETRO, ID_INDICADOR, VALOR) VALUES (2, 3, 4, 46, 1, '');
INSERT INTO T_MAEM_INDICADOR_FORM (ID_CRITERIO, ID_CASO, ID_COMPONENTE, ID_PARAMETRO, ID_INDICADOR, VALOR) VALUES (2, 3, 4, 48, 1, '');
INSERT INTO T_MAEM_INDICADOR_FORM (ID_CRITERIO, ID_CASO, ID_COMPONENTE, ID_PARAMETRO, ID_INDICADOR, VALOR) VALUES (2, 3, 4, 51, 1, '');
INSERT INTO T_MAEM_INDICADOR_FORM (ID_CRITERIO, ID_CASO, ID_COMPONENTE, ID_PARAMETRO, ID_INDICADOR, VALOR) VALUES (2, 3, 4, 54, 1, '');
INSERT INTO T_MAEM_INDICADOR_FORM (ID_CRITERIO, ID_CASO, ID_COMPONENTE, ID_PARAMETRO, ID_INDICADOR, VALOR) VALUES (2, 3, 4, 55, 1, '');

INSERT INTO T_MAEM_INDICADOR_FORM (ID_CRITERIO, ID_CASO, ID_COMPONENTE, ID_PARAMETRO, ID_INDICADOR, VALOR) VALUES (3, 1, 1, 1, 1, '');
INSERT INTO T_MAEM_INDICADOR_FORM (ID_CRITERIO, ID_CASO, ID_COMPONENTE, ID_PARAMETRO, ID_INDICADOR, VALOR) VALUES (3, 1, 1, 2, 1, '');
INSERT INTO T_MAEM_INDICADOR_FORM (ID_CRITERIO, ID_CASO, ID_COMPONENTE, ID_PARAMETRO, ID_INDICADOR, VALOR) VALUES (3, 1, 1, 3, 1, '');
INSERT INTO T_MAEM_INDICADOR_FORM (ID_CRITERIO, ID_CASO, ID_COMPONENTE, ID_PARAMETRO, ID_INDICADOR, VALOR) VALUES (3, 1, 1, 4, 1, '');
INSERT INTO T_MAEM_INDICADOR_FORM (ID_CRITERIO, ID_CASO, ID_COMPONENTE, ID_PARAMETRO, ID_INDICADOR, VALOR) VALUES (3, 1, 1, 5, 1, '');
INSERT INTO T_MAEM_INDICADOR_FORM (ID_CRITERIO, ID_CASO, ID_COMPONENTE, ID_PARAMETRO, ID_INDICADOR, VALOR) VALUES (3, 1, 1, 6, 1, '');

INSERT INTO T_MAEM_INDICADOR_FORM (ID_CRITERIO, ID_CASO, ID_COMPONENTE, ID_PARAMETRO, ID_INDICADOR, VALOR) VALUES (3, 1, 2, 56, 1, '');
INSERT INTO T_MAEM_INDICADOR_FORM (ID_CRITERIO, ID_CASO, ID_COMPONENTE, ID_PARAMETRO, ID_INDICADOR, VALOR) VALUES (3, 1, 2, 57, 1, '');
INSERT INTO T_MAEM_INDICADOR_FORM (ID_CRITERIO, ID_CASO, ID_COMPONENTE, ID_PARAMETRO, ID_INDICADOR, VALOR) VALUES (3, 1, 2, 58, 1, '');
INSERT INTO T_MAEM_INDICADOR_FORM (ID_CRITERIO, ID_CASO, ID_COMPONENTE, ID_PARAMETRO, ID_INDICADOR, VALOR) VALUES (3, 1, 2, 59, 1, '');

INSERT INTO T_MAEM_INDICADOR_FORM (ID_CRITERIO, ID_CASO, ID_COMPONENTE, ID_PARAMETRO, ID_INDICADOR, VALOR) VALUES (3, 1, 3, 60, 1, '');
INSERT INTO T_MAEM_INDICADOR_FORM (ID_CRITERIO, ID_CASO, ID_COMPONENTE, ID_PARAMETRO, ID_INDICADOR, VALOR) VALUES (3, 1, 3, 61, 1, '');
INSERT INTO T_MAEM_INDICADOR_FORM (ID_CRITERIO, ID_CASO, ID_COMPONENTE, ID_PARAMETRO, ID_INDICADOR, VALOR) VALUES (3, 1, 3, 62, 1, '');
INSERT INTO T_MAEM_INDICADOR_FORM (ID_CRITERIO, ID_CASO, ID_COMPONENTE, ID_PARAMETRO, ID_INDICADOR, VALOR) VALUES (3, 1, 3, 63, 1, '');

INSERT INTO T_MAEM_INDICADOR_FORM (ID_CRITERIO, ID_CASO, ID_COMPONENTE, ID_PARAMETRO, ID_INDICADOR, VALOR) VALUES (4, 1, 1, 1, 1, '');
INSERT INTO T_MAEM_INDICADOR_FORM (ID_CRITERIO, ID_CASO, ID_COMPONENTE, ID_PARAMETRO, ID_INDICADOR, VALOR) VALUES (4, 1, 1, 2, 1, '');
INSERT INTO T_MAEM_INDICADOR_FORM (ID_CRITERIO, ID_CASO, ID_COMPONENTE, ID_PARAMETRO, ID_INDICADOR, VALOR) VALUES (4, 1, 1, 3, 1, '');
INSERT INTO T_MAEM_INDICADOR_FORM (ID_CRITERIO, ID_CASO, ID_COMPONENTE, ID_PARAMETRO, ID_INDICADOR, VALOR) VALUES (4, 1, 1, 4, 1, '');
INSERT INTO T_MAEM_INDICADOR_FORM (ID_CRITERIO, ID_CASO, ID_COMPONENTE, ID_PARAMETRO, ID_INDICADOR, VALOR) VALUES (4, 1, 1, 5, 1, '');
INSERT INTO T_MAEM_INDICADOR_FORM (ID_CRITERIO, ID_CASO, ID_COMPONENTE, ID_PARAMETRO, ID_INDICADOR, VALOR) VALUES (4, 1, 1, 6, 1, '');

INSERT INTO T_MAEM_INDICADOR_FORM (ID_CRITERIO, ID_CASO, ID_COMPONENTE, ID_PARAMETRO, ID_INDICADOR, VALOR) VALUES (4, 1, 2, 64, 1, 'Implementación de la norma ISO 50001 - sistema de gestión de la energía');
INSERT INTO T_MAEM_INDICADOR_FORM (ID_CRITERIO, ID_CASO, ID_COMPONENTE, ID_PARAMETRO, ID_INDICADOR, VALOR) VALUES (4, 1, 2, 65, 1, '');
INSERT INTO T_MAEM_INDICADOR_FORM (ID_CRITERIO, ID_CASO, ID_COMPONENTE, ID_PARAMETRO, ID_INDICADOR, VALOR) VALUES (4, 1, 2, 66, 1, '');
INSERT INTO T_MAEM_INDICADOR_FORM (ID_CRITERIO, ID_CASO, ID_COMPONENTE, ID_PARAMETRO, ID_INDICADOR, VALOR) VALUES (4, 1, 2, 67, 1, '');

INSERT INTO T_MAEM_INDICADOR_FORM (ID_CRITERIO, ID_CASO, ID_COMPONENTE, ID_PARAMETRO, ID_INDICADOR, VALOR) VALUES (4, 1, 3, 68, 1, '');

INSERT INTO T_MAEM_INDICADOR_FORM (ID_CRITERIO, ID_CASO, ID_COMPONENTE, ID_PARAMETRO, ID_INDICADOR, VALOR) VALUES (4, 2, 1, 1, 1, '');
INSERT INTO T_MAEM_INDICADOR_FORM (ID_CRITERIO, ID_CASO, ID_COMPONENTE, ID_PARAMETRO, ID_INDICADOR, VALOR) VALUES (4, 2, 1, 2, 1, '');
INSERT INTO T_MAEM_INDICADOR_FORM (ID_CRITERIO, ID_CASO, ID_COMPONENTE, ID_PARAMETRO, ID_INDICADOR, VALOR) VALUES (4, 2, 1, 3, 1, '');
INSERT INTO T_MAEM_INDICADOR_FORM (ID_CRITERIO, ID_CASO, ID_COMPONENTE, ID_PARAMETRO, ID_INDICADOR, VALOR) VALUES (4, 2, 1, 4, 1, '');
INSERT INTO T_MAEM_INDICADOR_FORM (ID_CRITERIO, ID_CASO, ID_COMPONENTE, ID_PARAMETRO, ID_INDICADOR, VALOR) VALUES (4, 2, 1, 5, 1, '');
INSERT INTO T_MAEM_INDICADOR_FORM (ID_CRITERIO, ID_CASO, ID_COMPONENTE, ID_PARAMETRO, ID_INDICADOR, VALOR) VALUES (4, 2, 1, 6, 1, '');

INSERT INTO T_MAEM_INDICADOR_FORM (ID_CRITERIO, ID_CASO, ID_COMPONENTE, ID_PARAMETRO, ID_INDICADOR, VALOR) VALUES (4, 2, 2, 64, 1, 'Sistema formal para reportes de los resultados del monitoreo de indicadores de desempeño energético');
INSERT INTO T_MAEM_INDICADOR_FORM (ID_CRITERIO, ID_CASO, ID_COMPONENTE, ID_PARAMETRO, ID_INDICADOR, VALOR) VALUES (4, 2, 2, 65, 1, '');
INSERT INTO T_MAEM_INDICADOR_FORM (ID_CRITERIO, ID_CASO, ID_COMPONENTE, ID_PARAMETRO, ID_INDICADOR, VALOR) VALUES (4, 2, 2, 66, 1, '');
INSERT INTO T_MAEM_INDICADOR_FORM (ID_CRITERIO, ID_CASO, ID_COMPONENTE, ID_PARAMETRO, ID_INDICADOR, VALOR) VALUES (4, 2, 2, 67, 1, '');

INSERT INTO T_MAEM_INDICADOR_FORM (ID_CRITERIO, ID_CASO, ID_COMPONENTE, ID_PARAMETRO, ID_INDICADOR, VALOR) VALUES (4, 2, 3, 68, 1, '');

INSERT INTO T_MAEM_INDICADOR_FORM (ID_CRITERIO, ID_CASO, ID_COMPONENTE, ID_PARAMETRO, ID_INDICADOR, VALOR) VALUES (4, 3, 1, 1, 1, '');
INSERT INTO T_MAEM_INDICADOR_FORM (ID_CRITERIO, ID_CASO, ID_COMPONENTE, ID_PARAMETRO, ID_INDICADOR, VALOR) VALUES (4, 3, 1, 2, 1, '');
INSERT INTO T_MAEM_INDICADOR_FORM (ID_CRITERIO, ID_CASO, ID_COMPONENTE, ID_PARAMETRO, ID_INDICADOR, VALOR) VALUES (4, 3, 1, 3, 1, '');
INSERT INTO T_MAEM_INDICADOR_FORM (ID_CRITERIO, ID_CASO, ID_COMPONENTE, ID_PARAMETRO, ID_INDICADOR, VALOR) VALUES (4, 3, 1, 4, 1, '');
INSERT INTO T_MAEM_INDICADOR_FORM (ID_CRITERIO, ID_CASO, ID_COMPONENTE, ID_PARAMETRO, ID_INDICADOR, VALOR) VALUES (4, 3, 1, 5, 1, '');
INSERT INTO T_MAEM_INDICADOR_FORM (ID_CRITERIO, ID_CASO, ID_COMPONENTE, ID_PARAMETRO, ID_INDICADOR, VALOR) VALUES (4, 3, 1, 6, 1, '');

INSERT INTO T_MAEM_INDICADOR_FORM (ID_CRITERIO, ID_CASO, ID_COMPONENTE, ID_PARAMETRO, ID_INDICADOR, VALOR) VALUES (4, 3, 2, 64, 1, 'Monitoreo de los indicadores de desempeño energético');
INSERT INTO T_MAEM_INDICADOR_FORM (ID_CRITERIO, ID_CASO, ID_COMPONENTE, ID_PARAMETRO, ID_INDICADOR, VALOR) VALUES (4, 3, 2, 65, 1, '');
INSERT INTO T_MAEM_INDICADOR_FORM (ID_CRITERIO, ID_CASO, ID_COMPONENTE, ID_PARAMETRO, ID_INDICADOR, VALOR) VALUES (4, 3, 2, 66, 1, '');
INSERT INTO T_MAEM_INDICADOR_FORM (ID_CRITERIO, ID_CASO, ID_COMPONENTE, ID_PARAMETRO, ID_INDICADOR, VALOR) VALUES (4, 3, 2, 67, 1, '');

INSERT INTO T_MAEM_INDICADOR_FORM (ID_CRITERIO, ID_CASO, ID_COMPONENTE, ID_PARAMETRO, ID_INDICADOR, VALOR) VALUES (4, 3, 3, 3, 1, '');
INSERT INTO T_MAEM_INDICADOR_FORM (ID_CRITERIO, ID_CASO, ID_COMPONENTE, ID_PARAMETRO, ID_INDICADOR, VALOR) VALUES (4, 3, 3, 4, 1, '');
INSERT INTO T_MAEM_INDICADOR_FORM (ID_CRITERIO, ID_CASO, ID_COMPONENTE, ID_PARAMETRO, ID_INDICADOR, VALOR) VALUES (4, 3, 3, 5, 1, '');
INSERT INTO T_MAEM_INDICADOR_FORM (ID_CRITERIO, ID_CASO, ID_COMPONENTE, ID_PARAMETRO, ID_INDICADOR, VALOR) VALUES (4, 3, 3, 6, 1, '');
INSERT INTO T_MAEM_INDICADOR_FORM (ID_CRITERIO, ID_CASO, ID_COMPONENTE, ID_PARAMETRO, ID_INDICADOR, VALOR) VALUES (4, 3, 3, 7, 1, '');
INSERT INTO T_MAEM_INDICADOR_FORM (ID_CRITERIO, ID_CASO, ID_COMPONENTE, ID_PARAMETRO, ID_INDICADOR, VALOR) VALUES (4, 3, 3, 8, 1, '');
INSERT INTO T_MAEM_INDICADOR_FORM (ID_CRITERIO, ID_CASO, ID_COMPONENTE, ID_PARAMETRO, ID_INDICADOR, VALOR) VALUES (4, 3, 3, 9, 1, '');
INSERT INTO T_MAEM_INDICADOR_FORM (ID_CRITERIO, ID_CASO, ID_COMPONENTE, ID_PARAMETRO, ID_INDICADOR, VALOR) VALUES (4, 3, 3, 10, 1, '');
INSERT INTO T_MAEM_INDICADOR_FORM (ID_CRITERIO, ID_CASO, ID_COMPONENTE, ID_PARAMETRO, ID_INDICADOR, VALOR) VALUES (4, 3, 3, 11, 1, '');

INSERT INTO T_MAEM_INDICADOR_FORM (ID_CRITERIO, ID_CASO, ID_COMPONENTE, ID_PARAMETRO, ID_INDICADOR, VALOR) VALUES (4, 3, 4, 68, 1, '');

INSERT INTO T_MAEM_INDICADOR_FORM (ID_CRITERIO, ID_CASO, ID_COMPONENTE, ID_PARAMETRO, ID_INDICADOR, VALOR) VALUES (5, 1, 1, 1, 1, '');
INSERT INTO T_MAEM_INDICADOR_FORM (ID_CRITERIO, ID_CASO, ID_COMPONENTE, ID_PARAMETRO, ID_INDICADOR, VALOR) VALUES (5, 1, 1, 2, 1, '');
INSERT INTO T_MAEM_INDICADOR_FORM (ID_CRITERIO, ID_CASO, ID_COMPONENTE, ID_PARAMETRO, ID_INDICADOR, VALOR) VALUES (5, 1, 1, 3, 1, '');
INSERT INTO T_MAEM_INDICADOR_FORM (ID_CRITERIO, ID_CASO, ID_COMPONENTE, ID_PARAMETRO, ID_INDICADOR, VALOR) VALUES (5, 1, 1, 4, 1, '');
INSERT INTO T_MAEM_INDICADOR_FORM (ID_CRITERIO, ID_CASO, ID_COMPONENTE, ID_PARAMETRO, ID_INDICADOR, VALOR) VALUES (5, 1, 1, 5, 1, '');
INSERT INTO T_MAEM_INDICADOR_FORM (ID_CRITERIO, ID_CASO, ID_COMPONENTE, ID_PARAMETRO, ID_INDICADOR, VALOR) VALUES (5, 1, 1, 6, 1, '');

INSERT INTO T_MAEM_INDICADOR_FORM (ID_CRITERIO, ID_CASO, ID_COMPONENTE, ID_PARAMETRO, ID_INDICADOR, VALOR) VALUES (5, 1, 2, 69, 1, 'Auditoría energética nivel I');
INSERT INTO T_MAEM_INDICADOR_FORM (ID_CRITERIO, ID_CASO, ID_COMPONENTE, ID_PARAMETRO, ID_INDICADOR, VALOR) VALUES (5, 1, 2, 70, 1, 'Evalúa el costo y la eficiencia energética de una entidad analizando las facturas de energía y realizando una breve encuesta in situ del edificio. Un análisis de energía de Nivel I identificará y proporcionará un análisis de ahorro y costo de medidas de bajo costo/sin costo. También proporcionará una lista de posibles mejoras de capital que merecen una mayor consideración, y un juicio inicial de los posibles costos y ahorros.');

INSERT INTO T_MAEM_INDICADOR_FORM (ID_CRITERIO, ID_CASO, ID_COMPONENTE, ID_PARAMETRO, ID_INDICADOR, VALOR) VALUES (5, 1, 3, 71, 1, '');
INSERT INTO T_MAEM_INDICADOR_FORM (ID_CRITERIO, ID_CASO, ID_COMPONENTE, ID_PARAMETRO, ID_INDICADOR, VALOR) VALUES (5, 1, 3, 72, 1, '');
INSERT INTO T_MAEM_INDICADOR_FORM (ID_CRITERIO, ID_CASO, ID_COMPONENTE, ID_PARAMETRO, ID_INDICADOR, VALOR) VALUES (5, 1, 3, 73, 1, '');
INSERT INTO T_MAEM_INDICADOR_FORM (ID_CRITERIO, ID_CASO, ID_COMPONENTE, ID_PARAMETRO, ID_INDICADOR, VALOR) VALUES (5, 1, 3, 74, 1, '');

INSERT INTO T_MAEM_INDICADOR_FORM (ID_CRITERIO, ID_CASO, ID_COMPONENTE, ID_PARAMETRO, ID_INDICADOR, VALOR) VALUES (5, 1, 4, 75, 1, '');

INSERT INTO T_MAEM_INDICADOR_FORM (ID_CRITERIO, ID_CASO, ID_COMPONENTE, ID_PARAMETRO, ID_INDICADOR, VALOR) VALUES (5, 2, 1, 1, 1, '');
INSERT INTO T_MAEM_INDICADOR_FORM (ID_CRITERIO, ID_CASO, ID_COMPONENTE, ID_PARAMETRO, ID_INDICADOR, VALOR) VALUES (5, 2, 1, 2, 1, '');
INSERT INTO T_MAEM_INDICADOR_FORM (ID_CRITERIO, ID_CASO, ID_COMPONENTE, ID_PARAMETRO, ID_INDICADOR, VALOR) VALUES (5, 2, 1, 3, 1, '');
INSERT INTO T_MAEM_INDICADOR_FORM (ID_CRITERIO, ID_CASO, ID_COMPONENTE, ID_PARAMETRO, ID_INDICADOR, VALOR) VALUES (5, 2, 1, 4, 1, '');
INSERT INTO T_MAEM_INDICADOR_FORM (ID_CRITERIO, ID_CASO, ID_COMPONENTE, ID_PARAMETRO, ID_INDICADOR, VALOR) VALUES (5, 2, 1, 5, 1, '');
INSERT INTO T_MAEM_INDICADOR_FORM (ID_CRITERIO, ID_CASO, ID_COMPONENTE, ID_PARAMETRO, ID_INDICADOR, VALOR) VALUES (5, 2, 1, 6, 1, '');

INSERT INTO T_MAEM_INDICADOR_FORM (ID_CRITERIO, ID_CASO, ID_COMPONENTE, ID_PARAMETRO, ID_INDICADOR, VALOR) VALUES (5, 2, 2, 69, 1, 'Auditoría energética nivel II');
INSERT INTO T_MAEM_INDICADOR_FORM (ID_CRITERIO, ID_CASO, ID_COMPONENTE, ID_PARAMETRO, ID_INDICADOR, VALOR) VALUES (5, 2, 2, 70, 1, 'Esto incluye una encuesta más detallada de la entidad y análisis de energía. Se proporciona un desglose del uso de energía dentro del edificio. Un análisis de energía de Nivel II identificará y proporcionará el análisis de ahorro y costo de todas las medidas prácticas que cumplan con las restricciones y criterios económicos del propietario, junto con una discusión sobre cualquier cambio en los procedimientos de operación y mantenimiento. También puede proporcionar una lista de posibles mejoras intensivas en capital que requieren una recopilación de datos y un análisis de ingeniería más exhaustivos, y un juicio sobre los posibles costos y ahorros.');

INSERT INTO T_MAEM_INDICADOR_FORM (ID_CRITERIO, ID_CASO, ID_COMPONENTE, ID_PARAMETRO, ID_INDICADOR, VALOR) VALUES (5, 2, 3, 71, 1, '');
INSERT INTO T_MAEM_INDICADOR_FORM (ID_CRITERIO, ID_CASO, ID_COMPONENTE, ID_PARAMETRO, ID_INDICADOR, VALOR) VALUES (5, 2, 3, 72, 1, '');
INSERT INTO T_MAEM_INDICADOR_FORM (ID_CRITERIO, ID_CASO, ID_COMPONENTE, ID_PARAMETRO, ID_INDICADOR, VALOR) VALUES (5, 2, 3, 73, 1, '');
INSERT INTO T_MAEM_INDICADOR_FORM (ID_CRITERIO, ID_CASO, ID_COMPONENTE, ID_PARAMETRO, ID_INDICADOR, VALOR) VALUES (5, 2, 3, 74, 1, '');

INSERT INTO T_MAEM_INDICADOR_FORM (ID_CRITERIO, ID_CASO, ID_COMPONENTE, ID_PARAMETRO, ID_INDICADOR, VALOR) VALUES (5, 2, 4, 75, 1, '');

INSERT INTO T_MAEM_INDICADOR_FORM (ID_CRITERIO, ID_CASO, ID_COMPONENTE, ID_PARAMETRO, ID_INDICADOR, VALOR) VALUES (5, 3, 1, 1, 1, '');
INSERT INTO T_MAEM_INDICADOR_FORM (ID_CRITERIO, ID_CASO, ID_COMPONENTE, ID_PARAMETRO, ID_INDICADOR, VALOR) VALUES (5, 3, 1, 2, 1, '');
INSERT INTO T_MAEM_INDICADOR_FORM (ID_CRITERIO, ID_CASO, ID_COMPONENTE, ID_PARAMETRO, ID_INDICADOR, VALOR) VALUES (5, 3, 1, 3, 1, '');
INSERT INTO T_MAEM_INDICADOR_FORM (ID_CRITERIO, ID_CASO, ID_COMPONENTE, ID_PARAMETRO, ID_INDICADOR, VALOR) VALUES (5, 3, 1, 4, 1, '');
INSERT INTO T_MAEM_INDICADOR_FORM (ID_CRITERIO, ID_CASO, ID_COMPONENTE, ID_PARAMETRO, ID_INDICADOR, VALOR) VALUES (5, 3, 1, 5, 1, '');
INSERT INTO T_MAEM_INDICADOR_FORM (ID_CRITERIO, ID_CASO, ID_COMPONENTE, ID_PARAMETRO, ID_INDICADOR, VALOR) VALUES (5, 3, 1, 6, 1, '');

INSERT INTO T_MAEM_INDICADOR_FORM (ID_CRITERIO, ID_CASO, ID_COMPONENTE, ID_PARAMETRO, ID_INDICADOR, VALOR) VALUES (5, 3, 2, 69, 1, 'Auditoría energética nivel III');
INSERT INTO T_MAEM_INDICADOR_FORM (ID_CRITERIO, ID_CASO, ID_COMPONENTE, ID_PARAMETRO, ID_INDICADOR, VALOR) VALUES (5, 3, 2, 70, 1, 'Este nivel de análisis de ingeniería se enfoca en proyectos potenciales intensivos en capital identificados durante el análisis de Nivel II e involucra una recolección de datos de campo más detallada, así como un análisis de ingeniería más riguroso. Proporciona cálculos detallados de costos y ahorros del proyecto con un alto nivel de confianza suficiente para las principales decisiones de inversión de capital.');

INSERT INTO T_MAEM_INDICADOR_FORM (ID_CRITERIO, ID_CASO, ID_COMPONENTE, ID_PARAMETRO, ID_INDICADOR, VALOR) VALUES (5, 3, 3, 71, 1, '');
INSERT INTO T_MAEM_INDICADOR_FORM (ID_CRITERIO, ID_CASO, ID_COMPONENTE, ID_PARAMETRO, ID_INDICADOR, VALOR) VALUES (5, 3, 3, 72, 1, '');
INSERT INTO T_MAEM_INDICADOR_FORM (ID_CRITERIO, ID_CASO, ID_COMPONENTE, ID_PARAMETRO, ID_INDICADOR, VALOR) VALUES (5, 3, 3, 73, 1, '');
INSERT INTO T_MAEM_INDICADOR_FORM (ID_CRITERIO, ID_CASO, ID_COMPONENTE, ID_PARAMETRO, ID_INDICADOR, VALOR) VALUES (5, 3, 3, 74, 1, '');

INSERT INTO T_MAEM_INDICADOR_FORM (ID_CRITERIO, ID_CASO, ID_COMPONENTE, ID_PARAMETRO, ID_INDICADOR, VALOR) VALUES (5, 3, 4, 75, 1, '');

INSERT INTO T_MAEM_INDICADOR_FORM (ID_CRITERIO, ID_CASO, ID_COMPONENTE, ID_PARAMETRO, ID_INDICADOR, VALOR) VALUES (6, 1, 1, 1, 1, '');
INSERT INTO T_MAEM_INDICADOR_FORM (ID_CRITERIO, ID_CASO, ID_COMPONENTE, ID_PARAMETRO, ID_INDICADOR, VALOR) VALUES (6, 1, 1, 2, 1, '');
INSERT INTO T_MAEM_INDICADOR_FORM (ID_CRITERIO, ID_CASO, ID_COMPONENTE, ID_PARAMETRO, ID_INDICADOR, VALOR) VALUES (6, 1, 1, 3, 1, '');
INSERT INTO T_MAEM_INDICADOR_FORM (ID_CRITERIO, ID_CASO, ID_COMPONENTE, ID_PARAMETRO, ID_INDICADOR, VALOR) VALUES (6, 1, 1, 4, 1, '');
INSERT INTO T_MAEM_INDICADOR_FORM (ID_CRITERIO, ID_CASO, ID_COMPONENTE, ID_PARAMETRO, ID_INDICADOR, VALOR) VALUES (6, 1, 1, 5, 1, '');
INSERT INTO T_MAEM_INDICADOR_FORM (ID_CRITERIO, ID_CASO, ID_COMPONENTE, ID_PARAMETRO, ID_INDICADOR, VALOR) VALUES (6, 1, 1, 6, 1, '');

INSERT INTO T_MAEM_INDICADOR_FORM (ID_CRITERIO, ID_CASO, ID_COMPONENTE, ID_PARAMETRO, ID_INDICADOR, VALOR) VALUES (6, 1, 2, 76, 1, '');
INSERT INTO T_MAEM_INDICADOR_FORM (ID_CRITERIO, ID_CASO, ID_COMPONENTE, ID_PARAMETRO, ID_INDICADOR, VALOR) VALUES (6, 1, 2, 77, 1, '');
INSERT INTO T_MAEM_INDICADOR_FORM (ID_CRITERIO, ID_CASO, ID_COMPONENTE, ID_PARAMETRO, ID_INDICADOR, VALOR) VALUES (6, 1, 2, 78, 1, '');
INSERT INTO T_MAEM_INDICADOR_FORM (ID_CRITERIO, ID_CASO, ID_COMPONENTE, ID_PARAMETRO, ID_INDICADOR, VALOR) VALUES (6, 1, 2, 79, 1, '');
INSERT INTO T_MAEM_INDICADOR_FORM (ID_CRITERIO, ID_CASO, ID_COMPONENTE, ID_PARAMETRO, ID_INDICADOR, VALOR) VALUES (6, 1, 2, 80, 1, '');
INSERT INTO T_MAEM_INDICADOR_FORM (ID_CRITERIO, ID_CASO, ID_COMPONENTE, ID_PARAMETRO, ID_INDICADOR, VALOR) VALUES (6, 1, 2, 81, 1, '');

INSERT INTO T_MAEM_INDICADOR_FORM (ID_CRITERIO, ID_CASO, ID_COMPONENTE, ID_PARAMETRO, ID_INDICADOR, VALOR) VALUES (6, 2, 1, 1, 1, '');
INSERT INTO T_MAEM_INDICADOR_FORM (ID_CRITERIO, ID_CASO, ID_COMPONENTE, ID_PARAMETRO, ID_INDICADOR, VALOR) VALUES (6, 2, 1, 2, 1, '');
INSERT INTO T_MAEM_INDICADOR_FORM (ID_CRITERIO, ID_CASO, ID_COMPONENTE, ID_PARAMETRO, ID_INDICADOR, VALOR) VALUES (6, 2, 1, 3, 1, '');
INSERT INTO T_MAEM_INDICADOR_FORM (ID_CRITERIO, ID_CASO, ID_COMPONENTE, ID_PARAMETRO, ID_INDICADOR, VALOR) VALUES (6, 2, 1, 4, 1, '');
INSERT INTO T_MAEM_INDICADOR_FORM (ID_CRITERIO, ID_CASO, ID_COMPONENTE, ID_PARAMETRO, ID_INDICADOR, VALOR) VALUES (6, 2, 1, 5, 1, '');
INSERT INTO T_MAEM_INDICADOR_FORM (ID_CRITERIO, ID_CASO, ID_COMPONENTE, ID_PARAMETRO, ID_INDICADOR, VALOR) VALUES (6, 2, 1, 6, 1, '');

INSERT INTO T_MAEM_INDICADOR_FORM (ID_CRITERIO, ID_CASO, ID_COMPONENTE, ID_PARAMETRO, ID_INDICADOR, VALOR) VALUES (6, 2, 2, 76, 1, '');
INSERT INTO T_MAEM_INDICADOR_FORM (ID_CRITERIO, ID_CASO, ID_COMPONENTE, ID_PARAMETRO, ID_INDICADOR, VALOR) VALUES (6, 2, 2, 77, 1, '');
INSERT INTO T_MAEM_INDICADOR_FORM (ID_CRITERIO, ID_CASO, ID_COMPONENTE, ID_PARAMETRO, ID_INDICADOR, VALOR) VALUES (6, 2, 2, 78, 1, '');
INSERT INTO T_MAEM_INDICADOR_FORM (ID_CRITERIO, ID_CASO, ID_COMPONENTE, ID_PARAMETRO, ID_INDICADOR, VALOR) VALUES (6, 2, 2, 79, 1, '');
INSERT INTO T_MAEM_INDICADOR_FORM (ID_CRITERIO, ID_CASO, ID_COMPONENTE, ID_PARAMETRO, ID_INDICADOR, VALOR) VALUES (6, 2, 2, 80, 1, '');
INSERT INTO T_MAEM_INDICADOR_FORM (ID_CRITERIO, ID_CASO, ID_COMPONENTE, ID_PARAMETRO, ID_INDICADOR, VALOR) VALUES (6, 2, 2, 81, 1, '');

INSERT INTO T_MAEM_INDICADOR_FORM (ID_CRITERIO, ID_CASO, ID_COMPONENTE, ID_PARAMETRO, ID_INDICADOR, VALOR) VALUES (6, 3, 1, 1, 1, '');
INSERT INTO T_MAEM_INDICADOR_FORM (ID_CRITERIO, ID_CASO, ID_COMPONENTE, ID_PARAMETRO, ID_INDICADOR, VALOR) VALUES (6, 3, 1, 2, 1, '');
INSERT INTO T_MAEM_INDICADOR_FORM (ID_CRITERIO, ID_CASO, ID_COMPONENTE, ID_PARAMETRO, ID_INDICADOR, VALOR) VALUES (6, 3, 1, 3, 1, '');
INSERT INTO T_MAEM_INDICADOR_FORM (ID_CRITERIO, ID_CASO, ID_COMPONENTE, ID_PARAMETRO, ID_INDICADOR, VALOR) VALUES (6, 3, 1, 4, 1, '');
INSERT INTO T_MAEM_INDICADOR_FORM (ID_CRITERIO, ID_CASO, ID_COMPONENTE, ID_PARAMETRO, ID_INDICADOR, VALOR) VALUES (6, 3, 1, 5, 1, '');
INSERT INTO T_MAEM_INDICADOR_FORM (ID_CRITERIO, ID_CASO, ID_COMPONENTE, ID_PARAMETRO, ID_INDICADOR, VALOR) VALUES (6, 3, 1, 6, 1, '');

INSERT INTO T_MAEM_INDICADOR_FORM (ID_CRITERIO, ID_CASO, ID_COMPONENTE, ID_PARAMETRO, ID_INDICADOR, VALOR) VALUES (6, 3, 2, 76, 1, '');
INSERT INTO T_MAEM_INDICADOR_FORM (ID_CRITERIO, ID_CASO, ID_COMPONENTE, ID_PARAMETRO, ID_INDICADOR, VALOR) VALUES (6, 3, 2, 77, 1, '');
INSERT INTO T_MAEM_INDICADOR_FORM (ID_CRITERIO, ID_CASO, ID_COMPONENTE, ID_PARAMETRO, ID_INDICADOR, VALOR) VALUES (6, 3, 2, 78, 1, '');
INSERT INTO T_MAEM_INDICADOR_FORM (ID_CRITERIO, ID_CASO, ID_COMPONENTE, ID_PARAMETRO, ID_INDICADOR, VALOR) VALUES (6, 3, 2, 79, 1, '');
INSERT INTO T_MAEM_INDICADOR_FORM (ID_CRITERIO, ID_CASO, ID_COMPONENTE, ID_PARAMETRO, ID_INDICADOR, VALOR) VALUES (6, 3, 2, 80, 1, '');
INSERT INTO T_MAEM_INDICADOR_FORM (ID_CRITERIO, ID_CASO, ID_COMPONENTE, ID_PARAMETRO, ID_INDICADOR, VALOR) VALUES (6, 3, 2, 81, 1, '');

INSERT INTO T_MAEM_INDICADOR_FORM (ID_CRITERIO, ID_CASO, ID_COMPONENTE, ID_PARAMETRO, ID_INDICADOR, VALOR) VALUES (7, 1, 1, 1, 1, '');
INSERT INTO T_MAEM_INDICADOR_FORM (ID_CRITERIO, ID_CASO, ID_COMPONENTE, ID_PARAMETRO, ID_INDICADOR, VALOR) VALUES (7, 1, 1, 2, 1, '');
INSERT INTO T_MAEM_INDICADOR_FORM (ID_CRITERIO, ID_CASO, ID_COMPONENTE, ID_PARAMETRO, ID_INDICADOR, VALOR) VALUES (7, 1, 1, 3, 1, '');
INSERT INTO T_MAEM_INDICADOR_FORM (ID_CRITERIO, ID_CASO, ID_COMPONENTE, ID_PARAMETRO, ID_INDICADOR, VALOR) VALUES (7, 1, 1, 4, 1, '');
INSERT INTO T_MAEM_INDICADOR_FORM (ID_CRITERIO, ID_CASO, ID_COMPONENTE, ID_PARAMETRO, ID_INDICADOR, VALOR) VALUES (7, 1, 1, 5, 1, '');
INSERT INTO T_MAEM_INDICADOR_FORM (ID_CRITERIO, ID_CASO, ID_COMPONENTE, ID_PARAMETRO, ID_INDICADOR, VALOR) VALUES (7, 1, 1, 6, 1, '');

INSERT INTO T_MAEM_INDICADOR_FORM (ID_CRITERIO, ID_CASO, ID_COMPONENTE, ID_PARAMETRO, ID_INDICADOR, VALOR) VALUES (7, 1, 2, 82, 1, '');
INSERT INTO T_MAEM_INDICADOR_FORM (ID_CRITERIO, ID_CASO, ID_COMPONENTE, ID_PARAMETRO, ID_INDICADOR, VALOR) VALUES (7, 1, 2, 83, 1, '');
INSERT INTO T_MAEM_INDICADOR_FORM (ID_CRITERIO, ID_CASO, ID_COMPONENTE, ID_PARAMETRO, ID_INDICADOR, VALOR) VALUES (7, 1, 2, 84, 1, '');
INSERT INTO T_MAEM_INDICADOR_FORM (ID_CRITERIO, ID_CASO, ID_COMPONENTE, ID_PARAMETRO, ID_INDICADOR, VALOR) VALUES (7, 1, 2, 85, 1, '');
INSERT INTO T_MAEM_INDICADOR_FORM (ID_CRITERIO, ID_CASO, ID_COMPONENTE, ID_PARAMETRO, ID_INDICADOR, VALOR) VALUES (7, 1, 2, 86, 1, '');
INSERT INTO T_MAEM_INDICADOR_FORM (ID_CRITERIO, ID_CASO, ID_COMPONENTE, ID_PARAMETRO, ID_INDICADOR, VALOR) VALUES (7, 1, 2, 87, 1, '');

INSERT INTO T_MAEM_INDICADOR_FORM (ID_CRITERIO, ID_CASO, ID_COMPONENTE, ID_PARAMETRO, ID_INDICADOR, VALOR) VALUES (8, 1, 1, 1, 1, '');
INSERT INTO T_MAEM_INDICADOR_FORM (ID_CRITERIO, ID_CASO, ID_COMPONENTE, ID_PARAMETRO, ID_INDICADOR, VALOR) VALUES (8, 1, 1, 2, 1, '');
INSERT INTO T_MAEM_INDICADOR_FORM (ID_CRITERIO, ID_CASO, ID_COMPONENTE, ID_PARAMETRO, ID_INDICADOR, VALOR) VALUES (8, 1, 1, 3, 1, '');
INSERT INTO T_MAEM_INDICADOR_FORM (ID_CRITERIO, ID_CASO, ID_COMPONENTE, ID_PARAMETRO, ID_INDICADOR, VALOR) VALUES (8, 1, 1, 4, 1, '');
INSERT INTO T_MAEM_INDICADOR_FORM (ID_CRITERIO, ID_CASO, ID_COMPONENTE, ID_PARAMETRO, ID_INDICADOR, VALOR) VALUES (8, 1, 1, 5, 1, '');
INSERT INTO T_MAEM_INDICADOR_FORM (ID_CRITERIO, ID_CASO, ID_COMPONENTE, ID_PARAMETRO, ID_INDICADOR, VALOR) VALUES (8, 1, 1, 6, 1, '');

INSERT INTO T_MAEM_INDICADOR_FORM (ID_CRITERIO, ID_CASO, ID_COMPONENTE, ID_PARAMETRO, ID_INDICADOR, VALOR) VALUES (8, 1, 2, 88, 1, '');
INSERT INTO T_MAEM_INDICADOR_FORM (ID_CRITERIO, ID_CASO, ID_COMPONENTE, ID_PARAMETRO, ID_INDICADOR, VALOR) VALUES (8, 1, 2, 89, 1, '');
INSERT INTO T_MAEM_INDICADOR_FORM (ID_CRITERIO, ID_CASO, ID_COMPONENTE, ID_PARAMETRO, ID_INDICADOR, VALOR) VALUES (8, 1, 2, 90, 1, '');
INSERT INTO T_MAEM_INDICADOR_FORM (ID_CRITERIO, ID_CASO, ID_COMPONENTE, ID_PARAMETRO, ID_INDICADOR, VALOR) VALUES (8, 1, 2, 91, 1, '');
INSERT INTO T_MAEM_INDICADOR_FORM (ID_CRITERIO, ID_CASO, ID_COMPONENTE, ID_PARAMETRO, ID_INDICADOR, VALOR) VALUES (8, 1, 2, 92, 1, '');

INSERT INTO T_MAEM_INDICADOR_FORM (ID_CRITERIO, ID_CASO, ID_COMPONENTE, ID_PARAMETRO, ID_INDICADOR, VALOR) VALUES (8, 1, 3, 93, 1, '');
INSERT INTO T_MAEM_INDICADOR_FORM (ID_CRITERIO, ID_CASO, ID_COMPONENTE, ID_PARAMETRO, ID_INDICADOR, VALOR) VALUES (8, 1, 3, 94, 1, '');

INSERT INTO T_MAEM_INDICADOR_FORM (ID_CRITERIO, ID_CASO, ID_COMPONENTE, ID_PARAMETRO, ID_INDICADOR, VALOR) VALUES (8, 1, 4, 95, 1, '');

-----------------------------------------------------------------------------------

--T_GENM_DOCUMENTO
INSERT INTO T_GENM_DOCUMENTO (ID_CRITERIO, ID_DOCUMENTO, NOMBRE, DESCRIPCION, OBLIGATORIO) VALUES (1, 1, 'Copia de facturas de energía eléctrica de los últimos 12 meses, en el periodo de la mejora.', '', '0');
INSERT INTO T_GENM_DOCUMENTO (ID_CRITERIO, ID_DOCUMENTO, NOMBRE, DESCRIPCION, OBLIGATORIO) VALUES (1, 2, 'Ficha técnica de los equipos adquiridos por la empresa o entidad.', '', '0');
INSERT INTO T_GENM_DOCUMENTO (ID_CRITERIO, ID_DOCUMENTO, NOMBRE, DESCRIPCION, OBLIGATORIO) VALUES (1, 3, 'Memoria descriptiva de la implementación de mejora.', 'ESTRUCTURA: OBJETIVO, ALCANCE, DESARROLLO DE INGENIERÍA, NORMAS APLICABLES, UBICACIÓN DEL PROYECTO, ESPECIFICACIONES TÉCNICAS, MEMORIA DE CÁLCULO Y CONCLUSIONES.', '0');

INSERT INTO T_GENM_DOCUMENTO (ID_CRITERIO, ID_DOCUMENTO, NOMBRE, DESCRIPCION, OBLIGATORIO) VALUES (2, 1, 'Copia de facturas de energía eléctrica de los últimos 12 meses, en el periodo de la mejora.', '', '0');
INSERT INTO T_GENM_DOCUMENTO (ID_CRITERIO, ID_DOCUMENTO, NOMBRE, DESCRIPCION, OBLIGATORIO) VALUES (2, 2, 'Ficha técnica de los equipos adquiridos por la empresa o entidad.', '', '0');
INSERT INTO T_GENM_DOCUMENTO (ID_CRITERIO, ID_DOCUMENTO, NOMBRE, DESCRIPCION, OBLIGATORIO) VALUES (2, 3, 'Memoria descriptiva de la implementación de mejora.', 'ESTRUCTURA: OBJETIVO, ALCANCE, DESARROLLO DE INGENIERÍA, NORMAS APLICABLES, UBICACIÓN DEL PROYECTO, ESPECIFICACIONES TÉCNICAS, MEMORIA DE CÁLCULO Y CONCLUSIONES.', '0');

INSERT INTO T_GENM_DOCUMENTO (ID_CRITERIO, ID_DOCUMENTO, NOMBRE, DESCRIPCION, OBLIGATORIO) VALUES (3, 1, 'Descripción de las funciones que realiza el trabajador incorporado relacionado a la gestión de la energía, refrendado por el representante legal.', '', '0');
INSERT INTO T_GENM_DOCUMENTO (ID_CRITERIO, ID_DOCUMENTO, NOMBRE, DESCRIPCION, OBLIGATORIO) VALUES (3, 2, 'Copia del registro de planilla del trabajador y/o contrato.', 'Mínimo 6 meses de antigüedad en el mismo cargo laboral', '0');

INSERT INTO T_GENM_DOCUMENTO (ID_CRITERIO, ID_DOCUMENTO, NOMBRE, DESCRIPCION, OBLIGATORIO) VALUES (4, 1, 'Copia del manual de la entidad sobre el cumplimiento del Sistema de Gestión ISO 50001 refrendada por un Ingeniero responsable de la actividad o ingeniero externo calificado, colegiado y habilitado tal como: Ingeniero en Energía, Ingeniero Mecánico Eléctrico, Ingeniero Mecánico, Ingeniero Electricista o Ingeniero Químico o afines.', 'ESTRUCTURA MANUAL: Objeto y campo de aplicación, términos y definiciones, responsabilidad de la dirección, política energética, planificación energética, implementación y operación, verificación y revisión por la dirección.', '0');
INSERT INTO T_GENM_DOCUMENTO (ID_CRITERIO, ID_DOCUMENTO, NOMBRE, DESCRIPCION, OBLIGATORIO) VALUES (4, 2, 'Informe validado por un Ingeniero responsable de la actividad.', 'ESTRUCTURA: Resumen ejecutivo, indicadores de desempeño energéticos monitoreados Y verificados, descripción del sistema formal (formato de fichas, plataforma u otra metodología) para reporte de resultados del monitoreo de indicadores de desempeño, mejoramiento de indicadores de desempeño energético y data estadística de una antigüedad de 12 meses de indicadores de desempeño energético.', '0');
INSERT INTO T_GENM_DOCUMENTO (ID_CRITERIO, ID_DOCUMENTO, NOMBRE, DESCRIPCION, OBLIGATORIO) VALUES (4, 3, 'Informe elaborado por el profesional responsable de la actividad y refrendado por el representante legal.', 'ESTRUCTURA: Resumen ejecutivo, indicadores de desempeño energéticos monitoreados, reporte estadístico de una antigüedad de 12 meses de indicadores de desempeño energético y documento de reporte de línea base energética.', '0');

INSERT INTO T_GENM_DOCUMENTO (ID_CRITERIO, ID_DOCUMENTO, NOMBRE, DESCRIPCION, OBLIGATORIO) VALUES (5, 1, 'Documentación refrendada por el representante legal de la entidad.', 'ESTRUCTURA: Resumen ejecutivo, objetivo, reportes de facturas, inventario energético, indicadores de desempeño obtenidos.', '0');
INSERT INTO T_GENM_DOCUMENTO (ID_CRITERIO, ID_DOCUMENTO, NOMBRE, DESCRIPCION, OBLIGATORIO) VALUES (5, 2, 'Documentación refrendada por un Ingeniero responsable de la entidad o profesional externo calificado, colegiado y habilitado tal como: Ingeniero en Energía, Ingeniero Mecánico Eléctrico, Ingeniero Mecánico, Ingeniero Electricista o Ingeniero Químico o afines.', 'ESTRUCTURA: Resumen ejecutivo, objetivo, descripción de procesos, cálculos justificados, instrumentos usados en la medición, propuesta de medidas de energía sostenible y registro fotográfico.', '0');
INSERT INTO T_GENM_DOCUMENTO (ID_CRITERIO, ID_DOCUMENTO, NOMBRE, DESCRIPCION, OBLIGATORIO) VALUES (5, 3, 'Documentación refrendada por un Ingeniero responsable de la entidad o profesional externo calificado, colegiado y habilitado tal como: Ingeniero en Energía, Ingeniero Mecánico Eléctrico, Ingeniero Mecánico, Ingeniero Electricista o Ingeniero Químico o afines.', 'ESTRUCTURA: Resumen ejecutivo, objetivo, descripción de procesos, cálculos justificados, instrumentos usados en la medición, propuesta de medidas de energía sostenible, propuesta de cálculos económicos, apertura de partida de eficiencia energética en el presupuesto de la empresa o fuentes de financiamiento y registro fotográfico.', '0');

INSERT INTO T_GENM_DOCUMENTO (ID_CRITERIO, ID_DOCUMENTO, NOMBRE, DESCRIPCION, OBLIGATORIO) VALUES (6, 1, 'Reconocimiento de la plataforma del MINAM - Diploma de Huella de Carbono Perú.', '', '0');
INSERT INTO T_GENM_DOCUMENTO (ID_CRITERIO, ID_DOCUMENTO, NOMBRE, DESCRIPCION, OBLIGATORIO) VALUES (6, 2, 'Reporte de emisiones de la plataforma Huella de Carbono Perú - MINAM.', '', '0');
INSERT INTO T_GENM_DOCUMENTO (ID_CRITERIO, ID_DOCUMENTO, NOMBRE, DESCRIPCION, OBLIGATORIO) VALUES (6, 3, 'Certificado de verificación.', '', '0');
INSERT INTO T_GENM_DOCUMENTO (ID_CRITERIO, ID_DOCUMENTO, NOMBRE, DESCRIPCION, OBLIGATORIO) VALUES (6, 4, 'Reporte de reducción de la plataforma Huella de Carbono Perú - MINAM.', '', '0');

INSERT INTO T_GENM_DOCUMENTO (ID_CRITERIO, ID_DOCUMENTO, NOMBRE, DESCRIPCION, OBLIGATORIO) VALUES (7, 1, 'Declaración jurada simple de cumplimiento del criterio firmada por el titular de la empresa.', '', '0');
INSERT INTO T_GENM_DOCUMENTO (ID_CRITERIO, ID_DOCUMENTO, NOMBRE, DESCRIPCION, OBLIGATORIO) VALUES (7, 2, 'Documentos con las actividades relacionadas a la gestión de la energía para los trabajadores de la entidad.', '', '0');
INSERT INTO T_GENM_DOCUMENTO (ID_CRITERIO, ID_DOCUMENTO, NOMBRE, DESCRIPCION, OBLIGATORIO) VALUES (7, 3, 'Documentos con los registros de asistencia de las actividades relacionadas a la gestión de la energía.', '', '0');
INSERT INTO T_GENM_DOCUMENTO (ID_CRITERIO, ID_DOCUMENTO, NOMBRE, DESCRIPCION, OBLIGATORIO) VALUES (7, 4, 'Registro fotográfico de la actividad relacionada a la gestión de la energía.', '', '0');

INSERT INTO T_GENM_DOCUMENTO (ID_CRITERIO, ID_DOCUMENTO, NOMBRE, DESCRIPCION, OBLIGATORIO) VALUES (8, 1, 'Documento con la descripción de las funciones que realiza el trabajador incorporado relacionado a la gestión de la energía, refrendado por el representante legal.', '', '0');
INSERT INTO T_GENM_DOCUMENTO (ID_CRITERIO, ID_DOCUMENTO, NOMBRE, DESCRIPCION, OBLIGATORIO) VALUES (8, 2, 'Registro de planilla del personal femenino y/o contrato.', 'Mínimo 6 meses de antigüedad en el mismo cargo laboral', '0');
INSERT INTO T_GENM_DOCUMENTO (ID_CRITERIO, ID_DOCUMENTO, NOMBRE, DESCRIPCION, OBLIGATORIO) VALUES (8, 3, 'Reporte del número de trabajadores de la empresa, refrendado por el titular de la empresa o entidad y validado por reporte de Ministerio de Trabajo.', 'Indicar el porcentaje de mujeres y hombres', '0');
----------------------

--T_MAEM_FORMULA_PARAMETRO
INSERT INTO T_MAEM_FORMULA_PARAMETRO (ID_CRITERIO, ID_CASO, ID_COMPONENTE, ID_PARAMETRO, COMPORTAMIENTO, FORMULA) VALUES (1,1,2,13,'=','[P12]*[C0.4119]');
INSERT INTO T_MAEM_FORMULA_PARAMETRO (ID_CRITERIO, ID_CASO, ID_COMPONENTE, ID_PARAMETRO, COMPORTAMIENTO, FORMULA) VALUES (1,1,2,16,'=','[P12]-[P15]');
INSERT INTO T_MAEM_FORMULA_PARAMETRO (ID_CRITERIO, ID_CASO, ID_COMPONENTE, ID_PARAMETRO, COMPORTAMIENTO, FORMULA) VALUES (1,1,2,17,'=','[P16]*[C0.4119]');
INSERT INTO T_MAEM_FORMULA_PARAMETRO (ID_CRITERIO, ID_CASO, ID_COMPONENTE, ID_PARAMETRO, COMPORTAMIENTO, FORMULA) VALUES (1,1,2,18,'=','[P16]/[P12]');

INSERT INTO T_MAEM_FORMULA_PARAMETRO (ID_CRITERIO, ID_CASO, ID_COMPONENTE, ID_PARAMETRO, COMPORTAMIENTO, FORMULA) VALUES (2,1,2,35,'=','([F3]*[P29])-([F4]*[P33])');
INSERT INTO T_MAEM_FORMULA_PARAMETRO (ID_CRITERIO, ID_CASO, ID_COMPONENTE, ID_PARAMETRO, COMPORTAMIENTO, FORMULA) VALUES (2,1,2,36,'=','([F3]*[P29]*[F1])-([F4]*[P33]*[F2])');
INSERT INTO T_MAEM_FORMULA_PARAMETRO (ID_CRITERIO, ID_CASO, ID_COMPONENTE, ID_PARAMETRO, COMPORTAMIENTO, FORMULA) VALUES (2,1,2,37,'=','([F4]*[P33])/([F3]*[P29])');

INSERT INTO T_MAEM_FORMULA_PARAMETRO (ID_CRITERIO, ID_CASO, ID_COMPONENTE, ID_PARAMETRO, COMPORTAMIENTO, FORMULA) VALUES (2,2,2,35,'=','([F3]*[P29])-([F4]*[P33])');
INSERT INTO T_MAEM_FORMULA_PARAMETRO (ID_CRITERIO, ID_CASO, ID_COMPONENTE, ID_PARAMETRO, COMPORTAMIENTO, FORMULA) VALUES (2,2,2,36,'=','([F3]*[P29]*[F1])-([F4]*[P33]*[F2])');
INSERT INTO T_MAEM_FORMULA_PARAMETRO (ID_CRITERIO, ID_CASO, ID_COMPONENTE, ID_PARAMETRO, COMPORTAMIENTO, FORMULA) VALUES (2,2,2,37,'=','([F4]*[P33])/([F3]*[P29])');

INSERT INTO T_MAEM_FORMULA_PARAMETRO (ID_CRITERIO, ID_CASO, ID_COMPONENTE, ID_PARAMETRO, COMPORTAMIENTO, FORMULA) VALUES (2,3,1,51,'=','([P43]*[C1]*[F7]/[C1000000])-(([P43]*[C1]*[P45]*[F5]/([C1]-[F6]))/[C1000])');
INSERT INTO T_MAEM_FORMULA_PARAMETRO (ID_CRITERIO, ID_CASO, ID_COMPONENTE, ID_PARAMETRO, COMPORTAMIENTO, FORMULA) VALUES (2,3,1,54,'=','([P43]/[F13]/[C1000])-([P43]*[P45]*[C0.0036]/[C1000])');
INSERT INTO T_MAEM_FORMULA_PARAMETRO (ID_CRITERIO, ID_CASO, ID_COMPONENTE, ID_PARAMETRO, COMPORTAMIENTO, FORMULA) VALUES (2,3,1,55,'=','[C1]-([P43]*[P45]*[C0.0036]/[C1000])/([P43]/[F13]/[C1000])');

INSERT INTO T_MAEM_FORMULA_PARAMETRO (ID_CRITERIO, ID_CASO, ID_COMPONENTE, ID_PARAMETRO, COMPORTAMIENTO, FORMULA) VALUES (2,3,2,51,'=','([P40]*[C1]*[F7]/[C1000000])-([P43]*[C1]*[P45]*[F5]/([C1]-[F6]))/[C1000]+([P44]*[C1]*[F8]/1000000)');
INSERT INTO T_MAEM_FORMULA_PARAMETRO (ID_CRITERIO, ID_CASO, ID_COMPONENTE, ID_PARAMETRO, COMPORTAMIENTO, FORMULA) VALUES (2,3,2,54,'=','([P40]*[C1]/[F13]/[C1000])-([P43]*[P45]*[C0.0036]/[C1000]+[P44]/[F14]/[C1000])');
INSERT INTO T_MAEM_FORMULA_PARAMETRO (ID_CRITERIO, ID_CASO, ID_COMPONENTE, ID_PARAMETRO, COMPORTAMIENTO, FORMULA) VALUES (2,3,2,55,'=','[C1]-([P43]*[P45]*[C0.0036]/[C1000]+[P44]/[F14]/[C1000])/([P40]*[C1]/[F13]/[C1000])');

INSERT INTO T_MAEM_FORMULA_PARAMETRO (ID_CRITERIO, ID_CASO, ID_COMPONENTE, ID_PARAMETRO, COMPORTAMIENTO, FORMULA) VALUES (2,3,3,51,'=','([P47]*[C1000]/[F9]*[F7]/[C1000000])-([P47]/([C1]-[F6])*[C1000]/[F9]*[F10]/[C1000])');
INSERT INTO T_MAEM_FORMULA_PARAMETRO (ID_CRITERIO, ID_CASO, ID_COMPONENTE, ID_PARAMETRO, COMPORTAMIENTO, FORMULA) VALUES (2,3,3,54,'=','([P47]*[C1000]/[F9]/[F13]/[C1000])-([P47]*[C1000]*[C0.0036]/[C1000])');
INSERT INTO T_MAEM_FORMULA_PARAMETRO (ID_CRITERIO, ID_CASO, ID_COMPONENTE, ID_PARAMETRO, COMPORTAMIENTO, FORMULA) VALUES (2,3,3,55,'=','[C1]-([P47]*[C1000]*[C0.0036]/[C1000])/([P47]*[C1000]/[F9]/[F13]/[C1000])');

INSERT INTO T_MAEM_FORMULA_PARAMETRO (ID_CRITERIO, ID_CASO, ID_COMPONENTE, ID_PARAMETRO, COMPORTAMIENTO, FORMULA) VALUES (2,3,4,51,'=','([P47]*[C1000]/[F9]*[F7]/[C1000000]+([P48]*[F12]*[F7]/[C1000000]))-(([P47]/([C1]-[F6])*[F5])+[P48]*[F12]*[F8]/[C1000000])');
INSERT INTO T_MAEM_FORMULA_PARAMETRO (ID_CRITERIO, ID_CASO, ID_COMPONENTE, ID_PARAMETRO, COMPORTAMIENTO, FORMULA) VALUES (2,3,4,54,'=','([P47]*[C1000]/[F9]/[F13]/[C1000]+[P48]*[F12]/[F13]/[C1000])-([P47]*[C1000]*[C0.0036]/[C1000]+[P48]*[F12]/[F14]/[C1000])');
INSERT INTO T_MAEM_FORMULA_PARAMETRO (ID_CRITERIO, ID_CASO, ID_COMPONENTE, ID_PARAMETRO, COMPORTAMIENTO, FORMULA) VALUES (2,3,4,55,'=','[C1]-([P47]*[C1000]*[C0.0036]/[C1000]+[P48]*[F12]/[F14]/[C1000])/([P47]*[C1000]/[F9]/[F13]/[C1000]+[P48]*[F12]/[F13]/[C1000])');

INSERT INTO T_MAEM_FORMULA_PARAMETRO (ID_CRITERIO, ID_CASO, ID_COMPONENTE, ID_PARAMETRO, COMPORTAMIENTO, FORMULA) VALUES (8,1,2,92,'=','[P91]/[P90]');


--T_MAEM_FACTOR
INSERT INTO T_MAEM_FACTOR (ID_FACTOR, NOMBRE, SOBRE_NOMBRE) VALUES (1, 'FACTOR EMISIÓN', 'FACTOR EMISIÓN BAU');
INSERT INTO T_MAEM_FACTOR (ID_FACTOR, NOMBRE, SOBRE_NOMBRE) VALUES (2, 'FACTOR EMISIÓN', 'FACTOR EMISIÓN INI');
INSERT INTO T_MAEM_FACTOR (ID_FACTOR, NOMBRE, SOBRE_NOMBRE) VALUES (3, 'VALOR CALÓRICO', 'VALOR CALÓRICO BAU');
INSERT INTO T_MAEM_FACTOR (ID_FACTOR, NOMBRE, SOBRE_NOMBRE) VALUES (4, 'VALOR CALÓRICO', 'VALOR CALÓRICO INI');
INSERT INTO T_MAEM_FACTOR (ID_FACTOR, NOMBRE, SOBRE_NOMBRE) VALUES (5, 'FACTOR DE EMISIÓN POR CONSUMO', 'FACTOR DE EMISIÓN POR CONSUMO');
INSERT INTO T_MAEM_FACTOR (ID_FACTOR, NOMBRE, SOBRE_NOMBRE) VALUES (6, 'PÉRDIDA POR TRNASMISIÓN Y DISTRIBUCIÓN', 'PÉRDIDA POR TRNASMISIÓN Y DISTRIBUCIÓN');
INSERT INTO T_MAEM_FACTOR (ID_FACTOR, NOMBRE, SOBRE_NOMBRE) VALUES (7, 'FACTOR DE EMISIÓN', 'FACTOR DE EMISIÓN (DESCONTANDO BIOCOMBUSTIBLE)LÍNEA BASE');
INSERT INTO T_MAEM_FACTOR (ID_FACTOR, NOMBRE, SOBRE_NOMBRE) VALUES (8, 'FACTOR DE EMISIÓN', 'FACTOR DE EMISIÓN (DESCONTANDO BIOCOMBUSTIBLE)PROYECTO');
INSERT INTO T_MAEM_FACTOR (ID_FACTOR, NOMBRE, SOBRE_NOMBRE) VALUES (9, 'RENDIMIENTO', 'RENDIMIENTO (VALOR POR DEFECTO');
INSERT INTO T_MAEM_FACTOR (ID_FACTOR, NOMBRE, SOBRE_NOMBRE) VALUES (10, 'FACTOR DE EMISIÓN', 'FACTOR EMISIÓN VEHÍCULO-AÑO');
INSERT INTO T_MAEM_FACTOR (ID_FACTOR, NOMBRE, SOBRE_NOMBRE) VALUES (11, 'FACTOR RENDIMIENTO', 'FACTOR RENDIMIENTO VEHÍCULO-COMBUSTIBLE LÍNEA BASE');
INSERT INTO T_MAEM_FACTOR (ID_FACTOR, NOMBRE, SOBRE_NOMBRE) VALUES (12, 'FACTOR RENDIMIENTO', 'FACTOR RENDIMIENTO VEHÍCULO-COMBUSTIBLE PROYECTO');
INSERT INTO T_MAEM_FACTOR (ID_FACTOR, NOMBRE, SOBRE_NOMBRE) VALUES (13, 'FACTOR ENERGÍA', 'FACTOR ENERGÍA LÍNEA BASE');
INSERT INTO T_MAEM_FACTOR (ID_FACTOR, NOMBRE, SOBRE_NOMBRE) VALUES (14, 'FACTOR ENERGÍA', 'FACTOR ENERGÍA PROYECTO');

--T_MAEM_FACTOR_PARAMETRO
INSERT INTO T_MAEM_FACTOR_PARAMETRO (ID_FACTOR, ID_DETALLE, NOMBRE_DETALLE, ID_PARAMETRO, ORDEN) VALUES (1, 1, 'Fuente energía (1)', 28, 1);
INSERT INTO T_MAEM_FACTOR_PARAMETRO (ID_FACTOR, ID_DETALLE, NOMBRE_DETALLE, ID_PARAMETRO, ORDEN) VALUES (2, 1, 'Fuente energía (2)', 32, 1);
INSERT INTO T_MAEM_FACTOR_PARAMETRO (ID_FACTOR, ID_DETALLE, NOMBRE_DETALLE, ID_PARAMETRO, ORDEN) VALUES (3, 1, 'Unidad de consumo (1)', 30, 1);
INSERT INTO T_MAEM_FACTOR_PARAMETRO (ID_FACTOR, ID_DETALLE, NOMBRE_DETALLE, ID_PARAMETRO, ORDEN) VALUES (4, 1, 'Unidad de consumo (2)', 34, 1);
INSERT INTO T_MAEM_FACTOR_PARAMETRO (ID_FACTOR, ID_DETALLE, NOMBRE_DETALLE, ID_PARAMETRO, ORDEN) VALUES (5, 1, 'Año', 38, 1);
INSERT INTO T_MAEM_FACTOR_PARAMETRO (ID_FACTOR, ID_DETALLE, NOMBRE_DETALLE, ID_PARAMETRO, ORDEN) VALUES (6, 1, 'Año', 38, 1);
INSERT INTO T_MAEM_FACTOR_PARAMETRO (ID_FACTOR, ID_DETALLE, NOMBRE_DETALLE, ID_PARAMETRO, ORDEN) VALUES (7, 1, 'Tipo de vehículo', 39, 1);
INSERT INTO T_MAEM_FACTOR_PARAMETRO (ID_FACTOR, ID_DETALLE, NOMBRE_DETALLE, ID_PARAMETRO, ORDEN) VALUES (7, 2, 'Combustible línea base', 41, 2);
INSERT INTO T_MAEM_FACTOR_PARAMETRO (ID_FACTOR, ID_DETALLE, NOMBRE_DETALLE, ID_PARAMETRO, ORDEN) VALUES (8, 1, 'Tipo de vehículo', 39, 1);
INSERT INTO T_MAEM_FACTOR_PARAMETRO (ID_FACTOR, ID_DETALLE, NOMBRE_DETALLE, ID_PARAMETRO, ORDEN) VALUES (8, 2, 'Combustible proyecto', 46, 2);
INSERT INTO T_MAEM_FACTOR_PARAMETRO (ID_FACTOR, ID_DETALLE, NOMBRE_DETALLE, ID_PARAMETRO, ORDEN) VALUES (9, 1, 'Tipo de vehículo', 39, 1);
INSERT INTO T_MAEM_FACTOR_PARAMETRO (ID_FACTOR, ID_DETALLE, NOMBRE_DETALLE, ID_PARAMETRO, ORDEN) VALUES (10, 1, 'Tipo de vehículo', 39, 1);
INSERT INTO T_MAEM_FACTOR_PARAMETRO (ID_FACTOR, ID_DETALLE, NOMBRE_DETALLE, ID_PARAMETRO, ORDEN) VALUES (10, 2, 'Año', 38, 2);
INSERT INTO T_MAEM_FACTOR_PARAMETRO (ID_FACTOR, ID_DETALLE, NOMBRE_DETALLE, ID_PARAMETRO, ORDEN) VALUES (11, 1, 'Tipo de vehículo', 39, 1);
INSERT INTO T_MAEM_FACTOR_PARAMETRO (ID_FACTOR, ID_DETALLE, NOMBRE_DETALLE, ID_PARAMETRO, ORDEN) VALUES (11, 2, 'Combustible línea base', 41, 2);
INSERT INTO T_MAEM_FACTOR_PARAMETRO (ID_FACTOR, ID_DETALLE, NOMBRE_DETALLE, ID_PARAMETRO, ORDEN) VALUES (12, 1, 'Tipo de vehículo', 39, 1);
INSERT INTO T_MAEM_FACTOR_PARAMETRO (ID_FACTOR, ID_DETALLE, NOMBRE_DETALLE, ID_PARAMETRO, ORDEN) VALUES (12, 2, 'Combustible proyecto', 46, 2);
INSERT INTO T_MAEM_FACTOR_PARAMETRO (ID_FACTOR, ID_DETALLE, NOMBRE_DETALLE, ID_PARAMETRO, ORDEN) VALUES (13, 1, 'Tipo de vehículo', 39, 1);
INSERT INTO T_MAEM_FACTOR_PARAMETRO (ID_FACTOR, ID_DETALLE, NOMBRE_DETALLE, ID_PARAMETRO, ORDEN) VALUES (13, 2, 'Combustible línea base', 41, 2);
INSERT INTO T_MAEM_FACTOR_PARAMETRO (ID_FACTOR, ID_DETALLE, NOMBRE_DETALLE, ID_PARAMETRO, ORDEN) VALUES (14, 1, 'Tipo de vehículo', 39, 1);
INSERT INTO T_MAEM_FACTOR_PARAMETRO (ID_FACTOR, ID_DETALLE, NOMBRE_DETALLE, ID_PARAMETRO, ORDEN) VALUES (14, 2, 'Combustible proyecto', 46, 2);

--T_MAEM_FACTOR_DATA
INSERT INTO T_MAEM_FACTOR_DATA (ID_FACTOR, ID_DETALLE, ID_PARAMETROS, VALORES, FACTOR, UNIDAD) VALUES (1, 1, '28', '1', 73300, '');
INSERT INTO T_MAEM_FACTOR_DATA (ID_FACTOR, ID_DETALLE, ID_PARAMETROS, VALORES, FACTOR, UNIDAD) VALUES (1, 2, '28', '2', 64200, '');
INSERT INTO T_MAEM_FACTOR_DATA (ID_FACTOR, ID_DETALLE, ID_PARAMETROS, VALORES, FACTOR, UNIDAD) VALUES (1, 3, '28', '3', 69300, '');
INSERT INTO T_MAEM_FACTOR_DATA (ID_FACTOR, ID_DETALLE, ID_PARAMETROS, VALORES, FACTOR, UNIDAD) VALUES (1, 4, '28', '4', 70000, '');
INSERT INTO T_MAEM_FACTOR_DATA (ID_FACTOR, ID_DETALLE, ID_PARAMETROS, VALORES, FACTOR, UNIDAD) VALUES (1, 5, '28', '5', 70000, '');
INSERT INTO T_MAEM_FACTOR_DATA (ID_FACTOR, ID_DETALLE, ID_PARAMETROS, VALORES, FACTOR, UNIDAD) VALUES (1, 6, '28', '6', 74100, '');
INSERT INTO T_MAEM_FACTOR_DATA (ID_FACTOR, ID_DETALLE, ID_PARAMETROS, VALORES, FACTOR, UNIDAD) VALUES (1, 7, '28', '7', 77400, '');
INSERT INTO T_MAEM_FACTOR_DATA (ID_FACTOR, ID_DETALLE, ID_PARAMETROS, VALORES, FACTOR, UNIDAD) VALUES (1, 8, '28', '8', 63100, '');
INSERT INTO T_MAEM_FACTOR_DATA (ID_FACTOR, ID_DETALLE, ID_PARAMETROS, VALORES, FACTOR, UNIDAD) VALUES (1, 9, '28', '9', 73300, '');
INSERT INTO T_MAEM_FACTOR_DATA (ID_FACTOR, ID_DETALLE, ID_PARAMETROS, VALORES, FACTOR, UNIDAD) VALUES (1, 10, '28', '10', 57600, '');
INSERT INTO T_MAEM_FACTOR_DATA (ID_FACTOR, ID_DETALLE, ID_PARAMETROS, VALORES, FACTOR, UNIDAD) VALUES (1, 11, '28', '11', 73300, '');
INSERT INTO T_MAEM_FACTOR_DATA (ID_FACTOR, ID_DETALLE, ID_PARAMETROS, VALORES, FACTOR, UNIDAD) VALUES (1, 12, '28', '12', 73300, '');
INSERT INTO T_MAEM_FACTOR_DATA (ID_FACTOR, ID_DETALLE, ID_PARAMETROS, VALORES, FACTOR, UNIDAD) VALUES (1, 13, '28', '13', 96100, '');
INSERT INTO T_MAEM_FACTOR_DATA (ID_FACTOR, ID_DETALLE, ID_PARAMETROS, VALORES, FACTOR, UNIDAD) VALUES (1, 14, '28', '14', 94600, '');
INSERT INTO T_MAEM_FACTOR_DATA (ID_FACTOR, ID_DETALLE, ID_PARAMETROS, VALORES, FACTOR, UNIDAD) VALUES (1, 15, '28', '15', 56100, '');
INSERT INTO T_MAEM_FACTOR_DATA (ID_FACTOR, ID_DETALLE, ID_PARAMETROS, VALORES, FACTOR, UNIDAD) VALUES (1, 16, '28', '16', 70800, '');
INSERT INTO T_MAEM_FACTOR_DATA (ID_FACTOR, ID_DETALLE, ID_PARAMETROS, VALORES, FACTOR, UNIDAD) VALUES (1, 17, '28', '17', 70800, '');
INSERT INTO T_MAEM_FACTOR_DATA (ID_FACTOR, ID_DETALLE, ID_PARAMETROS, VALORES, FACTOR, UNIDAD) VALUES (1, 18, '28', '18', 79600, '');
INSERT INTO T_MAEM_FACTOR_DATA (ID_FACTOR, ID_DETALLE, ID_PARAMETROS, VALORES, FACTOR, UNIDAD) VALUES (1, 19, '28', '19', 100000, '');
INSERT INTO T_MAEM_FACTOR_DATA (ID_FACTOR, ID_DETALLE, ID_PARAMETROS, VALORES, FACTOR, UNIDAD) VALUES (1, 20, '28', '20', 112000, '');
INSERT INTO T_MAEM_FACTOR_DATA (ID_FACTOR, ID_DETALLE, ID_PARAMETROS, VALORES, FACTOR, UNIDAD) VALUES (1, 21, '28', '21', 112000, '');
INSERT INTO T_MAEM_FACTOR_DATA (ID_FACTOR, ID_DETALLE, ID_PARAMETROS, VALORES, FACTOR, UNIDAD) VALUES (1, 22, '28', '22', 54600, '');
INSERT INTO T_MAEM_FACTOR_DATA (ID_FACTOR, ID_DETALLE, ID_PARAMETROS, VALORES, FACTOR, UNIDAD) VALUES (1, 23, '28', '23', 71900, '');

INSERT INTO T_MAEM_FACTOR_DATA (ID_FACTOR, ID_DETALLE, ID_PARAMETROS, VALORES, FACTOR, UNIDAD) VALUES (2, 1, '32', '1', 73300, '');
INSERT INTO T_MAEM_FACTOR_DATA (ID_FACTOR, ID_DETALLE, ID_PARAMETROS, VALORES, FACTOR, UNIDAD) VALUES (2, 2, '32', '2', 64200, '');
INSERT INTO T_MAEM_FACTOR_DATA (ID_FACTOR, ID_DETALLE, ID_PARAMETROS, VALORES, FACTOR, UNIDAD) VALUES (2, 3, '32', '3', 69300, '');
INSERT INTO T_MAEM_FACTOR_DATA (ID_FACTOR, ID_DETALLE, ID_PARAMETROS, VALORES, FACTOR, UNIDAD) VALUES (2, 4, '32', '4', 70000, '');
INSERT INTO T_MAEM_FACTOR_DATA (ID_FACTOR, ID_DETALLE, ID_PARAMETROS, VALORES, FACTOR, UNIDAD) VALUES (2, 5, '32', '5', 70000, '');
INSERT INTO T_MAEM_FACTOR_DATA (ID_FACTOR, ID_DETALLE, ID_PARAMETROS, VALORES, FACTOR, UNIDAD) VALUES (2, 6, '32', '6', 74100, '');
INSERT INTO T_MAEM_FACTOR_DATA (ID_FACTOR, ID_DETALLE, ID_PARAMETROS, VALORES, FACTOR, UNIDAD) VALUES (2, 7, '32', '7', 77400, '');
INSERT INTO T_MAEM_FACTOR_DATA (ID_FACTOR, ID_DETALLE, ID_PARAMETROS, VALORES, FACTOR, UNIDAD) VALUES (2, 8, '32', '8', 63100, '');
INSERT INTO T_MAEM_FACTOR_DATA (ID_FACTOR, ID_DETALLE, ID_PARAMETROS, VALORES, FACTOR, UNIDAD) VALUES (2, 9, '32', '9', 73300, '');
INSERT INTO T_MAEM_FACTOR_DATA (ID_FACTOR, ID_DETALLE, ID_PARAMETROS, VALORES, FACTOR, UNIDAD) VALUES (2, 10, '32', '10', 57600, '');
INSERT INTO T_MAEM_FACTOR_DATA (ID_FACTOR, ID_DETALLE, ID_PARAMETROS, VALORES, FACTOR, UNIDAD) VALUES (2, 11, '32', '11', 73300, '');
INSERT INTO T_MAEM_FACTOR_DATA (ID_FACTOR, ID_DETALLE, ID_PARAMETROS, VALORES, FACTOR, UNIDAD) VALUES (2, 12, '32', '12', 73300, '');
INSERT INTO T_MAEM_FACTOR_DATA (ID_FACTOR, ID_DETALLE, ID_PARAMETROS, VALORES, FACTOR, UNIDAD) VALUES (2, 13, '32', '13', 96100, '');
INSERT INTO T_MAEM_FACTOR_DATA (ID_FACTOR, ID_DETALLE, ID_PARAMETROS, VALORES, FACTOR, UNIDAD) VALUES (2, 14, '32', '14', 94600, '');
INSERT INTO T_MAEM_FACTOR_DATA (ID_FACTOR, ID_DETALLE, ID_PARAMETROS, VALORES, FACTOR, UNIDAD) VALUES (2, 15, '32', '15', 56100, '');
INSERT INTO T_MAEM_FACTOR_DATA (ID_FACTOR, ID_DETALLE, ID_PARAMETROS, VALORES, FACTOR, UNIDAD) VALUES (2, 16, '32', '16', 70800, '');
INSERT INTO T_MAEM_FACTOR_DATA (ID_FACTOR, ID_DETALLE, ID_PARAMETROS, VALORES, FACTOR, UNIDAD) VALUES (2, 17, '32', '17', 70800, '');
INSERT INTO T_MAEM_FACTOR_DATA (ID_FACTOR, ID_DETALLE, ID_PARAMETROS, VALORES, FACTOR, UNIDAD) VALUES (2, 18, '32', '18', 79600, '');
INSERT INTO T_MAEM_FACTOR_DATA (ID_FACTOR, ID_DETALLE, ID_PARAMETROS, VALORES, FACTOR, UNIDAD) VALUES (2, 19, '32', '19', 100000, '');
INSERT INTO T_MAEM_FACTOR_DATA (ID_FACTOR, ID_DETALLE, ID_PARAMETROS, VALORES, FACTOR, UNIDAD) VALUES (2, 20, '32', '20', 112000, '');
INSERT INTO T_MAEM_FACTOR_DATA (ID_FACTOR, ID_DETALLE, ID_PARAMETROS, VALORES, FACTOR, UNIDAD) VALUES (2, 21, '32', '21', 112000, '');
INSERT INTO T_MAEM_FACTOR_DATA (ID_FACTOR, ID_DETALLE, ID_PARAMETROS, VALORES, FACTOR, UNIDAD) VALUES (2, 22, '32', '22', 54600, '');
INSERT INTO T_MAEM_FACTOR_DATA (ID_FACTOR, ID_DETALLE, ID_PARAMETROS, VALORES, FACTOR, UNIDAD) VALUES (2, 23, '32', '23', 71900, '');

INSERT INTO T_MAEM_FACTOR_DATA (ID_FACTOR, ID_DETALLE, ID_PARAMETROS, VALORES, FACTOR, UNIDAD) VALUES (3, 1, '30', '1', 0.0001345043869, 'gal');
INSERT INTO T_MAEM_FACTOR_DATA (ID_FACTOR, ID_DETALLE, ID_PARAMETROS, VALORES, FACTOR, UNIDAD) VALUES (3, 2, '30', '2', 0.0000360369684, 'm3');
INSERT INTO T_MAEM_FACTOR_DATA (ID_FACTOR, ID_DETALLE, ID_PARAMETROS, VALORES, FACTOR, UNIDAD) VALUES (3, 3, '30', '3', 0.0000095199580, 'l');

INSERT INTO T_MAEM_FACTOR_DATA (ID_FACTOR, ID_DETALLE, ID_PARAMETROS, VALORES, FACTOR, UNIDAD) VALUES (4, 1, '34', '1', 0.0001345043869, 'gal');
INSERT INTO T_MAEM_FACTOR_DATA (ID_FACTOR, ID_DETALLE, ID_PARAMETROS, VALORES, FACTOR, UNIDAD) VALUES (4, 2, '34', '2', 0.0000360369684, 'm3');
INSERT INTO T_MAEM_FACTOR_DATA (ID_FACTOR, ID_DETALLE, ID_PARAMETROS, VALORES, FACTOR, UNIDAD) VALUES (4, 3, '34', '3', 0.0000095199580, 'l');

INSERT INTO T_MAEM_FACTOR_DATA (ID_FACTOR, ID_DETALLE, ID_PARAMETROS, VALORES, FACTOR, UNIDAD) VALUES (5, 1, '38', '1', 0.240379906, '');
INSERT INTO T_MAEM_FACTOR_DATA (ID_FACTOR, ID_DETALLE, ID_PARAMETROS, VALORES, FACTOR, UNIDAD) VALUES (5, 2, '38', '2', 0.23023991, '');
INSERT INTO T_MAEM_FACTOR_DATA (ID_FACTOR, ID_DETALLE, ID_PARAMETROS, VALORES, FACTOR, UNIDAD) VALUES (5, 3, '38', '3', 0.224334997, '');
INSERT INTO T_MAEM_FACTOR_DATA (ID_FACTOR, ID_DETALLE, ID_PARAMETROS, VALORES, FACTOR, UNIDAD) VALUES (5, 4, '38', '4', 0.209091659, '');
INSERT INTO T_MAEM_FACTOR_DATA (ID_FACTOR, ID_DETALLE, ID_PARAMETROS, VALORES, FACTOR, UNIDAD) VALUES (5, 5, '38', '5', 0.206566906, '');
INSERT INTO T_MAEM_FACTOR_DATA (ID_FACTOR, ID_DETALLE, ID_PARAMETROS, VALORES, FACTOR, UNIDAD) VALUES (5, 6, '38', '6', 0.202583589, '');
INSERT INTO T_MAEM_FACTOR_DATA (ID_FACTOR, ID_DETALLE, ID_PARAMETROS, VALORES, FACTOR, UNIDAD) VALUES (5, 7, '38', '7', 0.222087118, '');
INSERT INTO T_MAEM_FACTOR_DATA (ID_FACTOR, ID_DETALLE, ID_PARAMETROS, VALORES, FACTOR, UNIDAD) VALUES (5, 8, '38', '8', 0.184391263, '');
INSERT INTO T_MAEM_FACTOR_DATA (ID_FACTOR, ID_DETALLE, ID_PARAMETROS, VALORES, FACTOR, UNIDAD) VALUES (5, 9, '38', '9', 0.151121258, '');
INSERT INTO T_MAEM_FACTOR_DATA (ID_FACTOR, ID_DETALLE, ID_PARAMETROS, VALORES, FACTOR, UNIDAD) VALUES (5, 10, '38', '10', 0.151121258, '');
INSERT INTO T_MAEM_FACTOR_DATA (ID_FACTOR, ID_DETALLE, ID_PARAMETROS, VALORES, FACTOR, UNIDAD) VALUES (5, 11, '38', '11', 0.151121258, '');
INSERT INTO T_MAEM_FACTOR_DATA (ID_FACTOR, ID_DETALLE, ID_PARAMETROS, VALORES, FACTOR, UNIDAD) VALUES (5, 12, '38', '12', 0.151121258, '');
INSERT INTO T_MAEM_FACTOR_DATA (ID_FACTOR, ID_DETALLE, ID_PARAMETROS, VALORES, FACTOR, UNIDAD) VALUES (5, 13, '38', '13', 0.151121258, '');
INSERT INTO T_MAEM_FACTOR_DATA (ID_FACTOR, ID_DETALLE, ID_PARAMETROS, VALORES, FACTOR, UNIDAD) VALUES (5, 14, '38', '14', 0.151121258, '');
INSERT INTO T_MAEM_FACTOR_DATA (ID_FACTOR, ID_DETALLE, ID_PARAMETROS, VALORES, FACTOR, UNIDAD) VALUES (5, 15, '38', '15', 0.151121258, '');
INSERT INTO T_MAEM_FACTOR_DATA (ID_FACTOR, ID_DETALLE, ID_PARAMETROS, VALORES, FACTOR, UNIDAD) VALUES (5, 16, '38', '16', 0.151121258, '');
INSERT INTO T_MAEM_FACTOR_DATA (ID_FACTOR, ID_DETALLE, ID_PARAMETROS, VALORES, FACTOR, UNIDAD) VALUES (5, 17, '38', '17', 0.151121258, '');
INSERT INTO T_MAEM_FACTOR_DATA (ID_FACTOR, ID_DETALLE, ID_PARAMETROS, VALORES, FACTOR, UNIDAD) VALUES (5, 18, '38', '18', 0.151121258, '');
INSERT INTO T_MAEM_FACTOR_DATA (ID_FACTOR, ID_DETALLE, ID_PARAMETROS, VALORES, FACTOR, UNIDAD) VALUES (5, 19, '38', '19', 0.151121258, '');
INSERT INTO T_MAEM_FACTOR_DATA (ID_FACTOR, ID_DETALLE, ID_PARAMETROS, VALORES, FACTOR, UNIDAD) VALUES (5, 20, '38', '20', 0.151121258, '');
INSERT INTO T_MAEM_FACTOR_DATA (ID_FACTOR, ID_DETALLE, ID_PARAMETROS, VALORES, FACTOR, UNIDAD) VALUES (5, 21, '38', '21', 0.151121258, '');

INSERT INTO T_MAEM_FACTOR_DATA (ID_FACTOR, ID_DETALLE, ID_PARAMETROS, VALORES, FACTOR, UNIDAD) VALUES (6, 1, '38', '1', 0.104, '');
INSERT INTO T_MAEM_FACTOR_DATA (ID_FACTOR, ID_DETALLE, ID_PARAMETROS, VALORES, FACTOR, UNIDAD) VALUES (6, 2, '38', '2', 0.108, '');
INSERT INTO T_MAEM_FACTOR_DATA (ID_FACTOR, ID_DETALLE, ID_PARAMETROS, VALORES, FACTOR, UNIDAD) VALUES (6, 3, '38', '3', 0.109, '');
INSERT INTO T_MAEM_FACTOR_DATA (ID_FACTOR, ID_DETALLE, ID_PARAMETROS, VALORES, FACTOR, UNIDAD) VALUES (6, 4, '38', '4', 0.109, '');
INSERT INTO T_MAEM_FACTOR_DATA (ID_FACTOR, ID_DETALLE, ID_PARAMETROS, VALORES, FACTOR, UNIDAD) VALUES (6, 5, '38', '5', 0.111, '');
INSERT INTO T_MAEM_FACTOR_DATA (ID_FACTOR, ID_DETALLE, ID_PARAMETROS, VALORES, FACTOR, UNIDAD) VALUES (6, 6, '38', '6', 0.113, '');
INSERT INTO T_MAEM_FACTOR_DATA (ID_FACTOR, ID_DETALLE, ID_PARAMETROS, VALORES, FACTOR, UNIDAD) VALUES (6, 7, '38', '7', 0.109, '');
INSERT INTO T_MAEM_FACTOR_DATA (ID_FACTOR, ID_DETALLE, ID_PARAMETROS, VALORES, FACTOR, UNIDAD) VALUES (6, 8, '38', '8', 0.108, '');
INSERT INTO T_MAEM_FACTOR_DATA (ID_FACTOR, ID_DETALLE, ID_PARAMETROS, VALORES, FACTOR, UNIDAD) VALUES (6, 9, '38', '9', 0.108, '');
INSERT INTO T_MAEM_FACTOR_DATA (ID_FACTOR, ID_DETALLE, ID_PARAMETROS, VALORES, FACTOR, UNIDAD) VALUES (6, 10, '38', '10', 0.108, '');
INSERT INTO T_MAEM_FACTOR_DATA (ID_FACTOR, ID_DETALLE, ID_PARAMETROS, VALORES, FACTOR, UNIDAD) VALUES (6, 11, '38', '11', 0.108, '');
INSERT INTO T_MAEM_FACTOR_DATA (ID_FACTOR, ID_DETALLE, ID_PARAMETROS, VALORES, FACTOR, UNIDAD) VALUES (6, 12, '38', '12', 0.108, '');
INSERT INTO T_MAEM_FACTOR_DATA (ID_FACTOR, ID_DETALLE, ID_PARAMETROS, VALORES, FACTOR, UNIDAD) VALUES (6, 13, '38', '13', 0.108, '');
INSERT INTO T_MAEM_FACTOR_DATA (ID_FACTOR, ID_DETALLE, ID_PARAMETROS, VALORES, FACTOR, UNIDAD) VALUES (6, 14, '38', '14', 0.108, '');
INSERT INTO T_MAEM_FACTOR_DATA (ID_FACTOR, ID_DETALLE, ID_PARAMETROS, VALORES, FACTOR, UNIDAD) VALUES (6, 15, '38', '15', 0.108, '');
INSERT INTO T_MAEM_FACTOR_DATA (ID_FACTOR, ID_DETALLE, ID_PARAMETROS, VALORES, FACTOR, UNIDAD) VALUES (6, 16, '38', '16', 0.108, '');
INSERT INTO T_MAEM_FACTOR_DATA (ID_FACTOR, ID_DETALLE, ID_PARAMETROS, VALORES, FACTOR, UNIDAD) VALUES (6, 17, '38', '17', 0.108, '');
INSERT INTO T_MAEM_FACTOR_DATA (ID_FACTOR, ID_DETALLE, ID_PARAMETROS, VALORES, FACTOR, UNIDAD) VALUES (6, 18, '38', '18', 0.108, '');
INSERT INTO T_MAEM_FACTOR_DATA (ID_FACTOR, ID_DETALLE, ID_PARAMETROS, VALORES, FACTOR, UNIDAD) VALUES (6, 19, '38', '19', 0.108, '');
INSERT INTO T_MAEM_FACTOR_DATA (ID_FACTOR, ID_DETALLE, ID_PARAMETROS, VALORES, FACTOR, UNIDAD) VALUES (6, 20, '38', '20', 0.108, '');
INSERT INTO T_MAEM_FACTOR_DATA (ID_FACTOR, ID_DETALLE, ID_PARAMETROS, VALORES, FACTOR, UNIDAD) VALUES (6, 21, '38', '21', 0.108, '');

INSERT INTO T_MAEM_FACTOR_DATA (ID_FACTOR, ID_DETALLE, ID_PARAMETROS, VALORES, FACTOR, UNIDAD) VALUES (7, 1, '39|41', '1|1', 187.3581117, '');
INSERT INTO T_MAEM_FACTOR_DATA (ID_FACTOR, ID_DETALLE, ID_PARAMETROS, VALORES, FACTOR, UNIDAD) VALUES (7, 2, '39|41', '1|2', 174.6960973, '');
INSERT INTO T_MAEM_FACTOR_DATA (ID_FACTOR, ID_DETALLE, ID_PARAMETROS, VALORES, FACTOR, UNIDAD) VALUES (7, 3, '39|41', '1|3', 178.9341533, '');
INSERT INTO T_MAEM_FACTOR_DATA (ID_FACTOR, ID_DETALLE, ID_PARAMETROS, VALORES, FACTOR, UNIDAD) VALUES (7, 4, '39|41', '2|1', 773.781021, '');
INSERT INTO T_MAEM_FACTOR_DATA (ID_FACTOR, ID_DETALLE, ID_PARAMETROS, VALORES, FACTOR, UNIDAD) VALUES (7, 5, '39|41', '2|4', 595.4578461, '');
INSERT INTO T_MAEM_FACTOR_DATA (ID_FACTOR, ID_DETALLE, ID_PARAMETROS, VALORES, FACTOR, UNIDAD) VALUES (7, 6, '39|41', '3|1', 1315.42773571325, '');
INSERT INTO T_MAEM_FACTOR_DATA (ID_FACTOR, ID_DETALLE, ID_PARAMETROS, VALORES, FACTOR, UNIDAD) VALUES (7, 7, '39|41', '3|4', 961.610181, '');
INSERT INTO T_MAEM_FACTOR_DATA (ID_FACTOR, ID_DETALLE, ID_PARAMETROS, VALORES, FACTOR, UNIDAD) VALUES (7, 8, '39|41', '4|1', 1897.998378, '');
INSERT INTO T_MAEM_FACTOR_DATA (ID_FACTOR, ID_DETALLE, ID_PARAMETROS, VALORES, FACTOR, UNIDAD) VALUES (7, 9, '39|41', '4|4', 1555.172264, '');
INSERT INTO T_MAEM_FACTOR_DATA (ID_FACTOR, ID_DETALLE, ID_PARAMETROS, VALORES, FACTOR, UNIDAD) VALUES (7, 10, '39|41', '5|3', 96.61464719, '');
INSERT INTO T_MAEM_FACTOR_DATA (ID_FACTOR, ID_DETALLE, ID_PARAMETROS, VALORES, FACTOR, UNIDAD) VALUES (7, 11, '39|41', '6|3', 64.40976479, '');

INSERT INTO T_MAEM_FACTOR_DATA (ID_FACTOR, ID_DETALLE, ID_PARAMETROS, VALORES, FACTOR, UNIDAD) VALUES (8, 1, '39|46', '1|1', 187.3581117, '');
INSERT INTO T_MAEM_FACTOR_DATA (ID_FACTOR, ID_DETALLE, ID_PARAMETROS, VALORES, FACTOR, UNIDAD) VALUES (8, 2, '39|46', '1|2', 174.6960973, '');
INSERT INTO T_MAEM_FACTOR_DATA (ID_FACTOR, ID_DETALLE, ID_PARAMETROS, VALORES, FACTOR, UNIDAD) VALUES (8, 3, '39|46', '1|3', 178.9341533, '');
INSERT INTO T_MAEM_FACTOR_DATA (ID_FACTOR, ID_DETALLE, ID_PARAMETROS, VALORES, FACTOR, UNIDAD) VALUES (8, 4, '39|46', '2|1', 773.781021, '');
INSERT INTO T_MAEM_FACTOR_DATA (ID_FACTOR, ID_DETALLE, ID_PARAMETROS, VALORES, FACTOR, UNIDAD) VALUES (8, 5, '39|46', '2|4', 595.4578461, '');
INSERT INTO T_MAEM_FACTOR_DATA (ID_FACTOR, ID_DETALLE, ID_PARAMETROS, VALORES, FACTOR, UNIDAD) VALUES (8, 6, '39|46', '3|1', 1315.42773571325, '');
INSERT INTO T_MAEM_FACTOR_DATA (ID_FACTOR, ID_DETALLE, ID_PARAMETROS, VALORES, FACTOR, UNIDAD) VALUES (8, 7, '39|46', '3|4', 961.610181, '');
INSERT INTO T_MAEM_FACTOR_DATA (ID_FACTOR, ID_DETALLE, ID_PARAMETROS, VALORES, FACTOR, UNIDAD) VALUES (8, 8, '39|46', '4|1', 1897.998378, '');
INSERT INTO T_MAEM_FACTOR_DATA (ID_FACTOR, ID_DETALLE, ID_PARAMETROS, VALORES, FACTOR, UNIDAD) VALUES (8, 9, '39|46', '4|4', 1555.172264, '');
INSERT INTO T_MAEM_FACTOR_DATA (ID_FACTOR, ID_DETALLE, ID_PARAMETROS, VALORES, FACTOR, UNIDAD) VALUES (8, 10, '39|46', '5|3', 96.61464719, '');
INSERT INTO T_MAEM_FACTOR_DATA (ID_FACTOR, ID_DETALLE, ID_PARAMETROS, VALORES, FACTOR, UNIDAD) VALUES (8, 11, '39|46', '6|3', 64.40976479, '');

INSERT INTO T_MAEM_FACTOR_DATA (ID_FACTOR, ID_DETALLE, ID_PARAMETROS, VALORES, FACTOR, UNIDAD) VALUES (9, 1, '39', '1', 0.1628615477, '');
INSERT INTO T_MAEM_FACTOR_DATA (ID_FACTOR, ID_DETALLE, ID_PARAMETROS, VALORES, FACTOR, UNIDAD) VALUES (9, 2, '39', '2', 1.1, '');
INSERT INTO T_MAEM_FACTOR_DATA (ID_FACTOR, ID_DETALLE, ID_PARAMETROS, VALORES, FACTOR, UNIDAD) VALUES (9, 3, '39', '3', 1.176470588, '');
INSERT INTO T_MAEM_FACTOR_DATA (ID_FACTOR, ID_DETALLE, ID_PARAMETROS, VALORES, FACTOR, UNIDAD) VALUES (9, 4, '39', '4', 1.27, '');
INSERT INTO T_MAEM_FACTOR_DATA (ID_FACTOR, ID_DETALLE, ID_PARAMETROS, VALORES, FACTOR, UNIDAD) VALUES (9, 5, '39', '5', 0.0542871826, '');
INSERT INTO T_MAEM_FACTOR_DATA (ID_FACTOR, ID_DETALLE, ID_PARAMETROS, VALORES, FACTOR, UNIDAD) VALUES (9, 6, '39', '6', 0.0271435913, '');

INSERT INTO T_MAEM_FACTOR_DATA (ID_FACTOR, ID_DETALLE, ID_PARAMETROS, VALORES, FACTOR, UNIDAD) VALUES (10, 1, '39|38', '1|1', 0.0275918, '');
INSERT INTO T_MAEM_FACTOR_DATA (ID_FACTOR, ID_DETALLE, ID_PARAMETROS, VALORES, FACTOR, UNIDAD) VALUES (10, 2, '39|38', '1|2', 0.0275918, '');
INSERT INTO T_MAEM_FACTOR_DATA (ID_FACTOR, ID_DETALLE, ID_PARAMETROS, VALORES, FACTOR, UNIDAD) VALUES (10, 3, '39|38', '1|3', 0.0275918, '');
INSERT INTO T_MAEM_FACTOR_DATA (ID_FACTOR, ID_DETALLE, ID_PARAMETROS, VALORES, FACTOR, UNIDAD) VALUES (10, 4, '39|38', '1|4', 0.0275918, '');
INSERT INTO T_MAEM_FACTOR_DATA (ID_FACTOR, ID_DETALLE, ID_PARAMETROS, VALORES, FACTOR, UNIDAD) VALUES (10, 5, '39|38', '1|5', 0.0275918, '');
INSERT INTO T_MAEM_FACTOR_DATA (ID_FACTOR, ID_DETALLE, ID_PARAMETROS, VALORES, FACTOR, UNIDAD) VALUES (10, 6, '39|38', '1|6', 0.0275918, '');
INSERT INTO T_MAEM_FACTOR_DATA (ID_FACTOR, ID_DETALLE, ID_PARAMETROS, VALORES, FACTOR, UNIDAD) VALUES (10, 7, '39|38', '1|7', 0.0275918, '');
INSERT INTO T_MAEM_FACTOR_DATA (ID_FACTOR, ID_DETALLE, ID_PARAMETROS, VALORES, FACTOR, UNIDAD) VALUES (10, 8, '39|38', '1|8', 0.0275918, '');
INSERT INTO T_MAEM_FACTOR_DATA (ID_FACTOR, ID_DETALLE, ID_PARAMETROS, VALORES, FACTOR, UNIDAD) VALUES (10, 9, '39|38', '1|9', 0.0275918, '');
INSERT INTO T_MAEM_FACTOR_DATA (ID_FACTOR, ID_DETALLE, ID_PARAMETROS, VALORES, FACTOR, UNIDAD) VALUES (10, 10, '39|38', '1|10', 0.0275918, '');
INSERT INTO T_MAEM_FACTOR_DATA (ID_FACTOR, ID_DETALLE, ID_PARAMETROS, VALORES, FACTOR, UNIDAD) VALUES (10, 11, '39|38', '1|11', 0.0275918, '');
INSERT INTO T_MAEM_FACTOR_DATA (ID_FACTOR, ID_DETALLE, ID_PARAMETROS, VALORES, FACTOR, UNIDAD) VALUES (10, 12, '39|38', '1|12', 0.0275918, '');
INSERT INTO T_MAEM_FACTOR_DATA (ID_FACTOR, ID_DETALLE, ID_PARAMETROS, VALORES, FACTOR, UNIDAD) VALUES (10, 13, '39|38', '1|13', 0.0275918, '');
INSERT INTO T_MAEM_FACTOR_DATA (ID_FACTOR, ID_DETALLE, ID_PARAMETROS, VALORES, FACTOR, UNIDAD) VALUES (10, 14, '39|38', '1|14', 0.0275918, '');
INSERT INTO T_MAEM_FACTOR_DATA (ID_FACTOR, ID_DETALLE, ID_PARAMETROS, VALORES, FACTOR, UNIDAD) VALUES (10, 15, '39|38', '1|15', 0.0275918, '');
INSERT INTO T_MAEM_FACTOR_DATA (ID_FACTOR, ID_DETALLE, ID_PARAMETROS, VALORES, FACTOR, UNIDAD) VALUES (10, 16, '39|38', '1|16', 0.0275918, '');
INSERT INTO T_MAEM_FACTOR_DATA (ID_FACTOR, ID_DETALLE, ID_PARAMETROS, VALORES, FACTOR, UNIDAD) VALUES (10, 17, '39|38', '1|17', 0.0275918, '');
INSERT INTO T_MAEM_FACTOR_DATA (ID_FACTOR, ID_DETALLE, ID_PARAMETROS, VALORES, FACTOR, UNIDAD) VALUES (10, 18, '39|38', '1|18', 0.0275918, '');
INSERT INTO T_MAEM_FACTOR_DATA (ID_FACTOR, ID_DETALLE, ID_PARAMETROS, VALORES, FACTOR, UNIDAD) VALUES (10, 19, '39|38', '1|19', 0.0275918, '');
INSERT INTO T_MAEM_FACTOR_DATA (ID_FACTOR, ID_DETALLE, ID_PARAMETROS, VALORES, FACTOR, UNIDAD) VALUES (10, 20, '39|38', '1|20', 0.0275918, '');
INSERT INTO T_MAEM_FACTOR_DATA (ID_FACTOR, ID_DETALLE, ID_PARAMETROS, VALORES, FACTOR, UNIDAD) VALUES (10, 21, '39|38', '1|21', 0.0275918, '');
INSERT INTO T_MAEM_FACTOR_DATA (ID_FACTOR, ID_DETALLE, ID_PARAMETROS, VALORES, FACTOR, UNIDAD) VALUES (10, 22, '39|38', '2|1', 0.18636, '');
INSERT INTO T_MAEM_FACTOR_DATA (ID_FACTOR, ID_DETALLE, ID_PARAMETROS, VALORES, FACTOR, UNIDAD) VALUES (10, 23, '39|38', '2|2', 0.18636, '');
INSERT INTO T_MAEM_FACTOR_DATA (ID_FACTOR, ID_DETALLE, ID_PARAMETROS, VALORES, FACTOR, UNIDAD) VALUES (10, 24, '39|38', '2|2', 0.18636, '');
INSERT INTO T_MAEM_FACTOR_DATA (ID_FACTOR, ID_DETALLE, ID_PARAMETROS, VALORES, FACTOR, UNIDAD) VALUES (10, 25, '39|38', '2|3', 0.18636, '');
INSERT INTO T_MAEM_FACTOR_DATA (ID_FACTOR, ID_DETALLE, ID_PARAMETROS, VALORES, FACTOR, UNIDAD) VALUES (10, 26, '39|38', '2|4', 0.18636, '');
INSERT INTO T_MAEM_FACTOR_DATA (ID_FACTOR, ID_DETALLE, ID_PARAMETROS, VALORES, FACTOR, UNIDAD) VALUES (10, 27, '39|38', '2|5', 0.18636, '');
INSERT INTO T_MAEM_FACTOR_DATA (ID_FACTOR, ID_DETALLE, ID_PARAMETROS, VALORES, FACTOR, UNIDAD) VALUES (10, 28, '39|38', '2|7', 0.18636, '');
INSERT INTO T_MAEM_FACTOR_DATA (ID_FACTOR, ID_DETALLE, ID_PARAMETROS, VALORES, FACTOR, UNIDAD) VALUES (10, 29, '39|38', '2|8', 0.18636, '');
INSERT INTO T_MAEM_FACTOR_DATA (ID_FACTOR, ID_DETALLE, ID_PARAMETROS, VALORES, FACTOR, UNIDAD) VALUES (10, 30, '39|38', '2|9', 0.18636, '');
INSERT INTO T_MAEM_FACTOR_DATA (ID_FACTOR, ID_DETALLE, ID_PARAMETROS, VALORES, FACTOR, UNIDAD) VALUES (10, 31, '39|38', '2|10', 0.18636, '');
INSERT INTO T_MAEM_FACTOR_DATA (ID_FACTOR, ID_DETALLE, ID_PARAMETROS, VALORES, FACTOR, UNIDAD) VALUES (10, 32, '39|38', '2|11', 0.18636, '');
INSERT INTO T_MAEM_FACTOR_DATA (ID_FACTOR, ID_DETALLE, ID_PARAMETROS, VALORES, FACTOR, UNIDAD) VALUES (10, 33, '39|38', '2|12', 0.18636, '');
INSERT INTO T_MAEM_FACTOR_DATA (ID_FACTOR, ID_DETALLE, ID_PARAMETROS, VALORES, FACTOR, UNIDAD) VALUES (10, 34, '39|38', '2|13', 0.18636, '');
INSERT INTO T_MAEM_FACTOR_DATA (ID_FACTOR, ID_DETALLE, ID_PARAMETROS, VALORES, FACTOR, UNIDAD) VALUES (10, 35, '39|38', '2|14', 0.18636, '');
INSERT INTO T_MAEM_FACTOR_DATA (ID_FACTOR, ID_DETALLE, ID_PARAMETROS, VALORES, FACTOR, UNIDAD) VALUES (10, 36, '39|38', '2|15', 0.18636, '');
INSERT INTO T_MAEM_FACTOR_DATA (ID_FACTOR, ID_DETALLE, ID_PARAMETROS, VALORES, FACTOR, UNIDAD) VALUES (10, 37, '39|38', '2|16', 0.18636, '');
INSERT INTO T_MAEM_FACTOR_DATA (ID_FACTOR, ID_DETALLE, ID_PARAMETROS, VALORES, FACTOR, UNIDAD) VALUES (10, 38, '39|38', '2|17', 0.18636, '');
INSERT INTO T_MAEM_FACTOR_DATA (ID_FACTOR, ID_DETALLE, ID_PARAMETROS, VALORES, FACTOR, UNIDAD) VALUES (10, 39, '39|38', '2|18', 0.18636, '');
INSERT INTO T_MAEM_FACTOR_DATA (ID_FACTOR, ID_DETALLE, ID_PARAMETROS, VALORES, FACTOR, UNIDAD) VALUES (10, 40, '39|38', '2|19', 0.18636, '');
INSERT INTO T_MAEM_FACTOR_DATA (ID_FACTOR, ID_DETALLE, ID_PARAMETROS, VALORES, FACTOR, UNIDAD) VALUES (10, 41, '39|38', '2|20', 0.18636, '');
INSERT INTO T_MAEM_FACTOR_DATA (ID_FACTOR, ID_DETALLE, ID_PARAMETROS, VALORES, FACTOR, UNIDAD) VALUES (10, 42, '39|38', '2|21', 0.18636, '');
INSERT INTO T_MAEM_FACTOR_DATA (ID_FACTOR, ID_DETALLE, ID_PARAMETROS, VALORES, FACTOR, UNIDAD) VALUES (10, 43, '39|38', '3|1', 0.1993158, '');
INSERT INTO T_MAEM_FACTOR_DATA (ID_FACTOR, ID_DETALLE, ID_PARAMETROS, VALORES, FACTOR, UNIDAD) VALUES (10, 44, '39|38', '3|2', 0.1993158, '');
INSERT INTO T_MAEM_FACTOR_DATA (ID_FACTOR, ID_DETALLE, ID_PARAMETROS, VALORES, FACTOR, UNIDAD) VALUES (10, 45, '39|38', '3|3', 0.1993158, '');
INSERT INTO T_MAEM_FACTOR_DATA (ID_FACTOR, ID_DETALLE, ID_PARAMETROS, VALORES, FACTOR, UNIDAD) VALUES (10, 46, '39|38', '3|4', 0.1993158, '');
INSERT INTO T_MAEM_FACTOR_DATA (ID_FACTOR, ID_DETALLE, ID_PARAMETROS, VALORES, FACTOR, UNIDAD) VALUES (10, 47, '39|38', '3|5', 0.1993158, '');
INSERT INTO T_MAEM_FACTOR_DATA (ID_FACTOR, ID_DETALLE, ID_PARAMETROS, VALORES, FACTOR, UNIDAD) VALUES (10, 48, '39|38', '3|6', 0.1993158, '');
INSERT INTO T_MAEM_FACTOR_DATA (ID_FACTOR, ID_DETALLE, ID_PARAMETROS, VALORES, FACTOR, UNIDAD) VALUES (10, 49, '39|38', '3|7', 0.1993158, '');
INSERT INTO T_MAEM_FACTOR_DATA (ID_FACTOR, ID_DETALLE, ID_PARAMETROS, VALORES, FACTOR, UNIDAD) VALUES (10, 50, '39|38', '3|8', 0.1993158, '');
INSERT INTO T_MAEM_FACTOR_DATA (ID_FACTOR, ID_DETALLE, ID_PARAMETROS, VALORES, FACTOR, UNIDAD) VALUES (10, 51, '39|38', '3|9', 0.1993158, '');
INSERT INTO T_MAEM_FACTOR_DATA (ID_FACTOR, ID_DETALLE, ID_PARAMETROS, VALORES, FACTOR, UNIDAD) VALUES (10, 52, '39|38', '3|10', 0.1993158, '');
INSERT INTO T_MAEM_FACTOR_DATA (ID_FACTOR, ID_DETALLE, ID_PARAMETROS, VALORES, FACTOR, UNIDAD) VALUES (10, 53, '39|38', '3|11', 0.1993158, '');
INSERT INTO T_MAEM_FACTOR_DATA (ID_FACTOR, ID_DETALLE, ID_PARAMETROS, VALORES, FACTOR, UNIDAD) VALUES (10, 54, '39|38', '3|12', 0.1993158, '');
INSERT INTO T_MAEM_FACTOR_DATA (ID_FACTOR, ID_DETALLE, ID_PARAMETROS, VALORES, FACTOR, UNIDAD) VALUES (10, 55, '39|38', '3|13', 0.1993158, '');
INSERT INTO T_MAEM_FACTOR_DATA (ID_FACTOR, ID_DETALLE, ID_PARAMETROS, VALORES, FACTOR, UNIDAD) VALUES (10, 56, '39|38', '3|14', 0.1993158, '');
INSERT INTO T_MAEM_FACTOR_DATA (ID_FACTOR, ID_DETALLE, ID_PARAMETROS, VALORES, FACTOR, UNIDAD) VALUES (10, 57, '39|38', '3|15', 0.1993158, '');
INSERT INTO T_MAEM_FACTOR_DATA (ID_FACTOR, ID_DETALLE, ID_PARAMETROS, VALORES, FACTOR, UNIDAD) VALUES (10, 58, '39|38', '3|16', 0.1993158, '');
INSERT INTO T_MAEM_FACTOR_DATA (ID_FACTOR, ID_DETALLE, ID_PARAMETROS, VALORES, FACTOR, UNIDAD) VALUES (10, 59, '39|38', '3|17', 0.1993158, '');
INSERT INTO T_MAEM_FACTOR_DATA (ID_FACTOR, ID_DETALLE, ID_PARAMETROS, VALORES, FACTOR, UNIDAD) VALUES (10, 60, '39|38', '3|18', 0.1993158, '');
INSERT INTO T_MAEM_FACTOR_DATA (ID_FACTOR, ID_DETALLE, ID_PARAMETROS, VALORES, FACTOR, UNIDAD) VALUES (10, 61, '39|38', '3|19', 0.1993158, '');
INSERT INTO T_MAEM_FACTOR_DATA (ID_FACTOR, ID_DETALLE, ID_PARAMETROS, VALORES, FACTOR, UNIDAD) VALUES (10, 62, '39|38', '3|20', 0.1993158, '');
INSERT INTO T_MAEM_FACTOR_DATA (ID_FACTOR, ID_DETALLE, ID_PARAMETROS, VALORES, FACTOR, UNIDAD) VALUES (10, 63, '39|38', '3|21', 0.1993158, '');
INSERT INTO T_MAEM_FACTOR_DATA (ID_FACTOR, ID_DETALLE, ID_PARAMETROS, VALORES, FACTOR, UNIDAD) VALUES (10, 64, '39|38', '4|1', 0.2151614, '');
INSERT INTO T_MAEM_FACTOR_DATA (ID_FACTOR, ID_DETALLE, ID_PARAMETROS, VALORES, FACTOR, UNIDAD) VALUES (10, 65, '39|38', '4|2', 0.2151614, '');
INSERT INTO T_MAEM_FACTOR_DATA (ID_FACTOR, ID_DETALLE, ID_PARAMETROS, VALORES, FACTOR, UNIDAD) VALUES (10, 66, '39|38', '4|3', 0.2151614, '');
INSERT INTO T_MAEM_FACTOR_DATA (ID_FACTOR, ID_DETALLE, ID_PARAMETROS, VALORES, FACTOR, UNIDAD) VALUES (10, 67, '39|38', '4|4', 0.2151614, '');
INSERT INTO T_MAEM_FACTOR_DATA (ID_FACTOR, ID_DETALLE, ID_PARAMETROS, VALORES, FACTOR, UNIDAD) VALUES (10, 68, '39|38', '4|5', 0.2151614, '');
INSERT INTO T_MAEM_FACTOR_DATA (ID_FACTOR, ID_DETALLE, ID_PARAMETROS, VALORES, FACTOR, UNIDAD) VALUES (10, 69, '39|38', '4|6', 0.2151614, '');
INSERT INTO T_MAEM_FACTOR_DATA (ID_FACTOR, ID_DETALLE, ID_PARAMETROS, VALORES, FACTOR, UNIDAD) VALUES (10, 70, '39|38', '4|7', 0.2151614, '');
INSERT INTO T_MAEM_FACTOR_DATA (ID_FACTOR, ID_DETALLE, ID_PARAMETROS, VALORES, FACTOR, UNIDAD) VALUES (10, 71, '39|38', '4|8', 0.2151614, '');
INSERT INTO T_MAEM_FACTOR_DATA (ID_FACTOR, ID_DETALLE, ID_PARAMETROS, VALORES, FACTOR, UNIDAD) VALUES (10, 72, '39|38', '4|9', 0.2151614, '');
INSERT INTO T_MAEM_FACTOR_DATA (ID_FACTOR, ID_DETALLE, ID_PARAMETROS, VALORES, FACTOR, UNIDAD) VALUES (10, 73, '39|38', '4|10', 0.2151614, '');
INSERT INTO T_MAEM_FACTOR_DATA (ID_FACTOR, ID_DETALLE, ID_PARAMETROS, VALORES, FACTOR, UNIDAD) VALUES (10, 74, '39|38', '4|11', 0.2151614, '');
INSERT INTO T_MAEM_FACTOR_DATA (ID_FACTOR, ID_DETALLE, ID_PARAMETROS, VALORES, FACTOR, UNIDAD) VALUES (10, 75, '39|38', '4|12', 0.2151614, '');
INSERT INTO T_MAEM_FACTOR_DATA (ID_FACTOR, ID_DETALLE, ID_PARAMETROS, VALORES, FACTOR, UNIDAD) VALUES (10, 76, '39|38', '4|13', 0.2151614, '');
INSERT INTO T_MAEM_FACTOR_DATA (ID_FACTOR, ID_DETALLE, ID_PARAMETROS, VALORES, FACTOR, UNIDAD) VALUES (10, 77, '39|38', '4|14', 0.2151614, '');
INSERT INTO T_MAEM_FACTOR_DATA (ID_FACTOR, ID_DETALLE, ID_PARAMETROS, VALORES, FACTOR, UNIDAD) VALUES (10, 78, '39|38', '4|15', 0.2151614, '');
INSERT INTO T_MAEM_FACTOR_DATA (ID_FACTOR, ID_DETALLE, ID_PARAMETROS, VALORES, FACTOR, UNIDAD) VALUES (10, 79, '39|38', '4|16', 0.2151614, '');
INSERT INTO T_MAEM_FACTOR_DATA (ID_FACTOR, ID_DETALLE, ID_PARAMETROS, VALORES, FACTOR, UNIDAD) VALUES (10, 80, '39|38', '4|17', 0.2151614, '');
INSERT INTO T_MAEM_FACTOR_DATA (ID_FACTOR, ID_DETALLE, ID_PARAMETROS, VALORES, FACTOR, UNIDAD) VALUES (10, 81, '39|38', '4|18', 0.2151614, '');
INSERT INTO T_MAEM_FACTOR_DATA (ID_FACTOR, ID_DETALLE, ID_PARAMETROS, VALORES, FACTOR, UNIDAD) VALUES (10, 82, '39|38', '4|19', 0.2151614, '');
INSERT INTO T_MAEM_FACTOR_DATA (ID_FACTOR, ID_DETALLE, ID_PARAMETROS, VALORES, FACTOR, UNIDAD) VALUES (10, 83, '39|38', '4|20', 0.2151614, '');
INSERT INTO T_MAEM_FACTOR_DATA (ID_FACTOR, ID_DETALLE, ID_PARAMETROS, VALORES, FACTOR, UNIDAD) VALUES (10, 84, '39|38', '4|21', 0.2151614, '');
INSERT INTO T_MAEM_FACTOR_DATA (ID_FACTOR, ID_DETALLE, ID_PARAMETROS, VALORES, FACTOR, UNIDAD) VALUES (10, 85, '39|38', '5|1', 0.0091973, '');
INSERT INTO T_MAEM_FACTOR_DATA (ID_FACTOR, ID_DETALLE, ID_PARAMETROS, VALORES, FACTOR, UNIDAD) VALUES (10, 86, '39|38', '5|2', 0.0091973, '');
INSERT INTO T_MAEM_FACTOR_DATA (ID_FACTOR, ID_DETALLE, ID_PARAMETROS, VALORES, FACTOR, UNIDAD) VALUES (10, 87, '39|38', '5|3', 0.0091973, '');
INSERT INTO T_MAEM_FACTOR_DATA (ID_FACTOR, ID_DETALLE, ID_PARAMETROS, VALORES, FACTOR, UNIDAD) VALUES (10, 88, '39|38', '5|4', 0.0091973, '');
INSERT INTO T_MAEM_FACTOR_DATA (ID_FACTOR, ID_DETALLE, ID_PARAMETROS, VALORES, FACTOR, UNIDAD) VALUES (10, 89, '39|38', '5|5', 0.0091973, '');
INSERT INTO T_MAEM_FACTOR_DATA (ID_FACTOR, ID_DETALLE, ID_PARAMETROS, VALORES, FACTOR, UNIDAD) VALUES (10, 90, '39|38', '5|6', 0.0091973, '');
INSERT INTO T_MAEM_FACTOR_DATA (ID_FACTOR, ID_DETALLE, ID_PARAMETROS, VALORES, FACTOR, UNIDAD) VALUES (10, 91, '39|38', '5|7', 0.0091973, '');
INSERT INTO T_MAEM_FACTOR_DATA (ID_FACTOR, ID_DETALLE, ID_PARAMETROS, VALORES, FACTOR, UNIDAD) VALUES (10, 92, '39|38', '5|8', 0.0091973, '');
INSERT INTO T_MAEM_FACTOR_DATA (ID_FACTOR, ID_DETALLE, ID_PARAMETROS, VALORES, FACTOR, UNIDAD) VALUES (10, 93, '39|38', '5|9', 0.0091973, '');
INSERT INTO T_MAEM_FACTOR_DATA (ID_FACTOR, ID_DETALLE, ID_PARAMETROS, VALORES, FACTOR, UNIDAD) VALUES (10, 94, '39|38', '5|10', 0.0091973, '');
INSERT INTO T_MAEM_FACTOR_DATA (ID_FACTOR, ID_DETALLE, ID_PARAMETROS, VALORES, FACTOR, UNIDAD) VALUES (10, 95, '39|38', '5|11', 0.0091973, '');
INSERT INTO T_MAEM_FACTOR_DATA (ID_FACTOR, ID_DETALLE, ID_PARAMETROS, VALORES, FACTOR, UNIDAD) VALUES (10, 96, '39|38', '5|12', 0.0091973, '');
INSERT INTO T_MAEM_FACTOR_DATA (ID_FACTOR, ID_DETALLE, ID_PARAMETROS, VALORES, FACTOR, UNIDAD) VALUES (10, 97, '39|38', '5|13', 0.0091973, '');
INSERT INTO T_MAEM_FACTOR_DATA (ID_FACTOR, ID_DETALLE, ID_PARAMETROS, VALORES, FACTOR, UNIDAD) VALUES (10, 98, '39|38', '5|14', 0.0091973, '');
INSERT INTO T_MAEM_FACTOR_DATA (ID_FACTOR, ID_DETALLE, ID_PARAMETROS, VALORES, FACTOR, UNIDAD) VALUES (10, 99, '39|38', '5|15', 0.0091973, '');
INSERT INTO T_MAEM_FACTOR_DATA (ID_FACTOR, ID_DETALLE, ID_PARAMETROS, VALORES, FACTOR, UNIDAD) VALUES (10, 100, '39|38', '5|16', 0.0091973, '');
INSERT INTO T_MAEM_FACTOR_DATA (ID_FACTOR, ID_DETALLE, ID_PARAMETROS, VALORES, FACTOR, UNIDAD) VALUES (10, 101, '39|38', '5|17', 0.0091973, '');
INSERT INTO T_MAEM_FACTOR_DATA (ID_FACTOR, ID_DETALLE, ID_PARAMETROS, VALORES, FACTOR, UNIDAD) VALUES (10, 102, '39|38', '5|18', 0.0091973, '');
INSERT INTO T_MAEM_FACTOR_DATA (ID_FACTOR, ID_DETALLE, ID_PARAMETROS, VALORES, FACTOR, UNIDAD) VALUES (10, 103, '39|38', '5|19', 0.0091973, '');
INSERT INTO T_MAEM_FACTOR_DATA (ID_FACTOR, ID_DETALLE, ID_PARAMETROS, VALORES, FACTOR, UNIDAD) VALUES (10, 104, '39|38', '5|20', 0.0091973, '');
INSERT INTO T_MAEM_FACTOR_DATA (ID_FACTOR, ID_DETALLE, ID_PARAMETROS, VALORES, FACTOR, UNIDAD) VALUES (10, 105, '39|38', '5|21', 0.0091973, '');
INSERT INTO T_MAEM_FACTOR_DATA (ID_FACTOR, ID_DETALLE, ID_PARAMETROS, VALORES, FACTOR, UNIDAD) VALUES (10, 106, '39|38', '6|1', 0.0045986, '');
INSERT INTO T_MAEM_FACTOR_DATA (ID_FACTOR, ID_DETALLE, ID_PARAMETROS, VALORES, FACTOR, UNIDAD) VALUES (10, 107, '39|38', '6|2', 0.0045986, '');
INSERT INTO T_MAEM_FACTOR_DATA (ID_FACTOR, ID_DETALLE, ID_PARAMETROS, VALORES, FACTOR, UNIDAD) VALUES (10, 108, '39|38', '6|3', 0.0045986, '');
INSERT INTO T_MAEM_FACTOR_DATA (ID_FACTOR, ID_DETALLE, ID_PARAMETROS, VALORES, FACTOR, UNIDAD) VALUES (10, 109, '39|38', '6|4', 0.0045986, '');
INSERT INTO T_MAEM_FACTOR_DATA (ID_FACTOR, ID_DETALLE, ID_PARAMETROS, VALORES, FACTOR, UNIDAD) VALUES (10, 110, '39|38', '6|5', 0.0045986, '');
INSERT INTO T_MAEM_FACTOR_DATA (ID_FACTOR, ID_DETALLE, ID_PARAMETROS, VALORES, FACTOR, UNIDAD) VALUES (10, 111, '39|38', '6|6', 0.0045986, '');
INSERT INTO T_MAEM_FACTOR_DATA (ID_FACTOR, ID_DETALLE, ID_PARAMETROS, VALORES, FACTOR, UNIDAD) VALUES (10, 112, '39|38', '6|7', 0.0045986, '');
INSERT INTO T_MAEM_FACTOR_DATA (ID_FACTOR, ID_DETALLE, ID_PARAMETROS, VALORES, FACTOR, UNIDAD) VALUES (10, 113, '39|38', '6|8', 0.0045986, '');
INSERT INTO T_MAEM_FACTOR_DATA (ID_FACTOR, ID_DETALLE, ID_PARAMETROS, VALORES, FACTOR, UNIDAD) VALUES (10, 114, '39|38', '6|9', 0.0045986, '');
INSERT INTO T_MAEM_FACTOR_DATA (ID_FACTOR, ID_DETALLE, ID_PARAMETROS, VALORES, FACTOR, UNIDAD) VALUES (10, 115, '39|38', '6|10', 0.0045986, '');
INSERT INTO T_MAEM_FACTOR_DATA (ID_FACTOR, ID_DETALLE, ID_PARAMETROS, VALORES, FACTOR, UNIDAD) VALUES (10, 116, '39|38', '6|11', 0.0045986, '');
INSERT INTO T_MAEM_FACTOR_DATA (ID_FACTOR, ID_DETALLE, ID_PARAMETROS, VALORES, FACTOR, UNIDAD) VALUES (10, 117, '39|38', '6|12', 0.0045986, '');
INSERT INTO T_MAEM_FACTOR_DATA (ID_FACTOR, ID_DETALLE, ID_PARAMETROS, VALORES, FACTOR, UNIDAD) VALUES (10, 118, '39|38', '6|13', 0.0045986, '');
INSERT INTO T_MAEM_FACTOR_DATA (ID_FACTOR, ID_DETALLE, ID_PARAMETROS, VALORES, FACTOR, UNIDAD) VALUES (10, 119, '39|38', '6|14', 0.0045986, '');
INSERT INTO T_MAEM_FACTOR_DATA (ID_FACTOR, ID_DETALLE, ID_PARAMETROS, VALORES, FACTOR, UNIDAD) VALUES (10, 120, '39|38', '6|15', 0.0045986, '');
INSERT INTO T_MAEM_FACTOR_DATA (ID_FACTOR, ID_DETALLE, ID_PARAMETROS, VALORES, FACTOR, UNIDAD) VALUES (10, 121, '39|38', '6|16', 0.0045986, '');
INSERT INTO T_MAEM_FACTOR_DATA (ID_FACTOR, ID_DETALLE, ID_PARAMETROS, VALORES, FACTOR, UNIDAD) VALUES (10, 122, '39|38', '6|17', 0.0045986, '');
INSERT INTO T_MAEM_FACTOR_DATA (ID_FACTOR, ID_DETALLE, ID_PARAMETROS, VALORES, FACTOR, UNIDAD) VALUES (10, 123, '39|38', '6|18', 0.0045986, '');
INSERT INTO T_MAEM_FACTOR_DATA (ID_FACTOR, ID_DETALLE, ID_PARAMETROS, VALORES, FACTOR, UNIDAD) VALUES (10, 124, '39|38', '6|19', 0.0045986, '');
INSERT INTO T_MAEM_FACTOR_DATA (ID_FACTOR, ID_DETALLE, ID_PARAMETROS, VALORES, FACTOR, UNIDAD) VALUES (10, 125, '39|38', '6|20', 0.0045986, '');
INSERT INTO T_MAEM_FACTOR_DATA (ID_FACTOR, ID_DETALLE, ID_PARAMETROS, VALORES, FACTOR, UNIDAD) VALUES (10, 126, '39|38', '6|21', 0.0045986, '');

INSERT INTO T_MAEM_FACTOR_DATA (ID_FACTOR, ID_DETALLE, ID_PARAMETROS, VALORES, FACTOR, UNIDAD) VALUES (11, 1, '39|41', '1|1', 11.3459629, '');
INSERT INTO T_MAEM_FACTOR_DATA (ID_FACTOR, ID_DETALLE, ID_PARAMETROS, VALORES, FACTOR, UNIDAD) VALUES (11, 2, '39|41', '1|2', 9.73907752, '');
INSERT INTO T_MAEM_FACTOR_DATA (ID_FACTOR, ID_DETALLE, ID_PARAMETROS, VALORES, FACTOR, UNIDAD) VALUES (11, 3, '39|41', '1|3', 43.19562047, '');
INSERT INTO T_MAEM_FACTOR_DATA (ID_FACTOR, ID_DETALLE, ID_PARAMETROS, VALORES, FACTOR, UNIDAD) VALUES (11, 4, '39|41', '2|1', 2.74723485, '');
INSERT INTO T_MAEM_FACTOR_DATA (ID_FACTOR, ID_DETALLE, ID_PARAMETROS, VALORES, FACTOR, UNIDAD) VALUES (11, 5, '39|41', '2|4', 16.19269626, '');
INSERT INTO T_MAEM_FACTOR_DATA (ID_FACTOR, ID_DETALLE, ID_PARAMETROS, VALORES, FACTOR, UNIDAD) VALUES (11, 6, '39|41', '3|1', 1.6160205, '');
INSERT INTO T_MAEM_FACTOR_DATA (ID_FACTOR, ID_DETALLE, ID_PARAMETROS, VALORES, FACTOR, UNIDAD) VALUES (11, 7, '39|41', '3|4', 10.02700286, '');
INSERT INTO T_MAEM_FACTOR_DATA (ID_FACTOR, ID_DETALLE, ID_PARAMETROS, VALORES, FACTOR, UNIDAD) VALUES (11, 8, '39|41', '4|1', 1.12, '');
INSERT INTO T_MAEM_FACTOR_DATA (ID_FACTOR, ID_DETALLE, ID_PARAMETROS, VALORES, FACTOR, UNIDAD) VALUES (11, 9, '39|41', '4|4', 6.2, '');
INSERT INTO T_MAEM_FACTOR_DATA (ID_FACTOR, ID_DETALLE, ID_PARAMETROS, VALORES, FACTOR, UNIDAD) VALUES (11, 10, '39|41', '5|3', 80, '');
INSERT INTO T_MAEM_FACTOR_DATA (ID_FACTOR, ID_DETALLE, ID_PARAMETROS, VALORES, FACTOR, UNIDAD) VALUES (11, 11, '39|41', '6|3', 120, '');

INSERT INTO T_MAEM_FACTOR_DATA (ID_FACTOR, ID_DETALLE, ID_PARAMETROS, VALORES, FACTOR, UNIDAD) VALUES (12, 1, '39|46', '1|1', 11.3459629, '');
INSERT INTO T_MAEM_FACTOR_DATA (ID_FACTOR, ID_DETALLE, ID_PARAMETROS, VALORES, FACTOR, UNIDAD) VALUES (12, 2, '39|46', '1|2', 9.73907752, '');
INSERT INTO T_MAEM_FACTOR_DATA (ID_FACTOR, ID_DETALLE, ID_PARAMETROS, VALORES, FACTOR, UNIDAD) VALUES (12, 3, '39|46', '1|3', 43.19562047, '');
INSERT INTO T_MAEM_FACTOR_DATA (ID_FACTOR, ID_DETALLE, ID_PARAMETROS, VALORES, FACTOR, UNIDAD) VALUES (12, 4, '39|46', '2|1', 2.74723485, '');
INSERT INTO T_MAEM_FACTOR_DATA (ID_FACTOR, ID_DETALLE, ID_PARAMETROS, VALORES, FACTOR, UNIDAD) VALUES (12, 5, '39|46', '2|4', 16.19269626, '');
INSERT INTO T_MAEM_FACTOR_DATA (ID_FACTOR, ID_DETALLE, ID_PARAMETROS, VALORES, FACTOR, UNIDAD) VALUES (12, 6, '39|46', '3|1', 1.6160205, '');
INSERT INTO T_MAEM_FACTOR_DATA (ID_FACTOR, ID_DETALLE, ID_PARAMETROS, VALORES, FACTOR, UNIDAD) VALUES (12, 7, '39|46', '3|4', 10.02700286, '');
INSERT INTO T_MAEM_FACTOR_DATA (ID_FACTOR, ID_DETALLE, ID_PARAMETROS, VALORES, FACTOR, UNIDAD) VALUES (12, 8, '39|46', '4|1', 1.12, '');
INSERT INTO T_MAEM_FACTOR_DATA (ID_FACTOR, ID_DETALLE, ID_PARAMETROS, VALORES, FACTOR, UNIDAD) VALUES (12, 9, '39|46', '4|4', 6.2, '');
INSERT INTO T_MAEM_FACTOR_DATA (ID_FACTOR, ID_DETALLE, ID_PARAMETROS, VALORES, FACTOR, UNIDAD) VALUES (12, 10, '39|46', '5|3', 80, '');
INSERT INTO T_MAEM_FACTOR_DATA (ID_FACTOR, ID_DETALLE, ID_PARAMETROS, VALORES, FACTOR, UNIDAD) VALUES (12, 11, '39|46', '6|3', 120, '');

INSERT INTO T_MAEM_FACTOR_DATA (ID_FACTOR, ID_DETALLE, ID_PARAMETROS, VALORES, FACTOR, UNIDAD) VALUES (13, 1, '39|41', '1|1', 314.8423242474, '');
INSERT INTO T_MAEM_FACTOR_DATA (ID_FACTOR, ID_DETALLE, ID_PARAMETROS, VALORES, FACTOR, UNIDAD) VALUES (13, 2, '39|41', '1|2', 369.0065261693, '');
INSERT INTO T_MAEM_FACTOR_DATA (ID_FACTOR, ID_DETALLE, ID_PARAMETROS, VALORES, FACTOR, UNIDAD) VALUES (13, 3, '39|41', '1|3', 366.5013011311, '');
INSERT INTO T_MAEM_FACTOR_DATA (ID_FACTOR, ID_DETALLE, ID_PARAMETROS, VALORES, FACTOR, UNIDAD) VALUES (13, 4, '39|41', '2|1', 76.23379450337, '');
INSERT INTO T_MAEM_FACTOR_DATA (ID_FACTOR, ID_DETALLE, ID_PARAMETROS, VALORES, FACTOR, UNIDAD) VALUES (13, 5, '39|41', '2|4', 120.3878670271, '');
INSERT INTO T_MAEM_FACTOR_DATA (ID_FACTOR, ID_DETALLE, ID_PARAMETROS, VALORES, FACTOR, UNIDAD) VALUES (13, 6, '39|41', '3|1', 44.84340853139, '');
INSERT INTO T_MAEM_FACTOR_DATA (ID_FACTOR, ID_DETALLE, ID_PARAMETROS, VALORES, FACTOR, UNIDAD) VALUES (13, 7, '39|41', '3|4', 74.54777561239, '');
INSERT INTO T_MAEM_FACTOR_DATA (ID_FACTOR, ID_DETALLE, ID_PARAMETROS, VALORES, FACTOR, UNIDAD) VALUES (13, 8, '39|41', '4|1', 31.07919587028, '');
INSERT INTO T_MAEM_FACTOR_DATA (ID_FACTOR, ID_DETALLE, ID_PARAMETROS, VALORES, FACTOR, UNIDAD) VALUES (13, 9, '39|41', '4|4', 46.09515078819, '');
INSERT INTO T_MAEM_FACTOR_DATA (ID_FACTOR, ID_DETALLE, ID_PARAMETROS, VALORES, FACTOR, UNIDAD) VALUES (13, 10, '39|41', '5|3', 678.7749260577, '');
INSERT INTO T_MAEM_FACTOR_DATA (ID_FACTOR, ID_DETALLE, ID_PARAMETROS, VALORES, FACTOR, UNIDAD) VALUES (13, 11, '39|41', '6|3', 1018.1623890865, '');

INSERT INTO T_MAEM_FACTOR_DATA (ID_FACTOR, ID_DETALLE, ID_PARAMETROS, VALORES, FACTOR, UNIDAD) VALUES (14, 1, '39|46', '1|1', 314.8423242474, '');
INSERT INTO T_MAEM_FACTOR_DATA (ID_FACTOR, ID_DETALLE, ID_PARAMETROS, VALORES, FACTOR, UNIDAD) VALUES (14, 2, '39|46', '1|2', 369.0065261693, '');
INSERT INTO T_MAEM_FACTOR_DATA (ID_FACTOR, ID_DETALLE, ID_PARAMETROS, VALORES, FACTOR, UNIDAD) VALUES (14, 3, '39|46', '1|3', 366.5013011311, '');
INSERT INTO T_MAEM_FACTOR_DATA (ID_FACTOR, ID_DETALLE, ID_PARAMETROS, VALORES, FACTOR, UNIDAD) VALUES (14, 4, '39|46', '2|1', 76.23379450337, '');
INSERT INTO T_MAEM_FACTOR_DATA (ID_FACTOR, ID_DETALLE, ID_PARAMETROS, VALORES, FACTOR, UNIDAD) VALUES (14, 5, '39|46', '2|4', 120.3878670271, '');
INSERT INTO T_MAEM_FACTOR_DATA (ID_FACTOR, ID_DETALLE, ID_PARAMETROS, VALORES, FACTOR, UNIDAD) VALUES (14, 6, '39|46', '3|1', 44.84340853139, '');
INSERT INTO T_MAEM_FACTOR_DATA (ID_FACTOR, ID_DETALLE, ID_PARAMETROS, VALORES, FACTOR, UNIDAD) VALUES (14, 7, '39|46', '3|4', 74.54777561239, '');
INSERT INTO T_MAEM_FACTOR_DATA (ID_FACTOR, ID_DETALLE, ID_PARAMETROS, VALORES, FACTOR, UNIDAD) VALUES (14, 8, '39|46', '4|1', 31.07919587028, '');
INSERT INTO T_MAEM_FACTOR_DATA (ID_FACTOR, ID_DETALLE, ID_PARAMETROS, VALORES, FACTOR, UNIDAD) VALUES (14, 9, '39|46', '4|4', 46.09515078819, '');
INSERT INTO T_MAEM_FACTOR_DATA (ID_FACTOR, ID_DETALLE, ID_PARAMETROS, VALORES, FACTOR, UNIDAD) VALUES (14, 10, '39|46', '5|3', 678.7749260577, '');
INSERT INTO T_MAEM_FACTOR_DATA (ID_FACTOR, ID_DETALLE, ID_PARAMETROS, VALORES, FACTOR, UNIDAD) VALUES (14, 11, '39|46', '6|3', 1018.1623890865, '');

--T_GEND_CRITERIO_PUNTAJE
INSERT INTO T_GEND_CRITERIO_PUNTAJE (ID_CRITERIO, ID_DETALLE, DESCRIPCION, PUNTAJE) VALUES (1, 1, 'Sin puntaje', 0);
INSERT INTO T_GEND_CRITERIO_PUNTAJE (ID_CRITERIO, ID_DETALLE, DESCRIPCION, PUNTAJE) VALUES (1, 2, 'Mayor o igual a 5% y menor a 10%', 5);
INSERT INTO T_GEND_CRITERIO_PUNTAJE (ID_CRITERIO, ID_DETALLE, DESCRIPCION, PUNTAJE) VALUES (1, 3, 'Mayor o igual a 10% y menor a 15%', 10);
INSERT INTO T_GEND_CRITERIO_PUNTAJE (ID_CRITERIO, ID_DETALLE, DESCRIPCION, PUNTAJE) VALUES (1, 4, 'Mayor o igual al 15%', 15);

INSERT INTO T_GEND_CRITERIO_PUNTAJE (ID_CRITERIO, ID_DETALLE, DESCRIPCION, PUNTAJE) VALUES (2, 1, 'Sin puntaje', 0);
INSERT INTO T_GEND_CRITERIO_PUNTAJE (ID_CRITERIO, ID_DETALLE, DESCRIPCION, PUNTAJE) VALUES (2, 2, 'Mayor o igual a 1% y menor a 2%', 5);
INSERT INTO T_GEND_CRITERIO_PUNTAJE (ID_CRITERIO, ID_DETALLE, DESCRIPCION, PUNTAJE) VALUES (2, 3, 'Mayor o igual a 2% y menor a 3%', 10);
INSERT INTO T_GEND_CRITERIO_PUNTAJE (ID_CRITERIO, ID_DETALLE, DESCRIPCION, PUNTAJE) VALUES (2, 4, 'Mayor o igual al 3%', 15);

INSERT INTO T_GEND_CRITERIO_PUNTAJE (ID_CRITERIO, ID_DETALLE, DESCRIPCION, PUNTAJE) VALUES (3, 1, 'Sin puntaje', 0);
INSERT INTO T_GEND_CRITERIO_PUNTAJE (ID_CRITERIO, ID_DETALLE, DESCRIPCION, PUNTAJE) VALUES (3, 2, 'Más de 2 nuevos puestos de trabajo', 5);
INSERT INTO T_GEND_CRITERIO_PUNTAJE (ID_CRITERIO, ID_DETALLE, DESCRIPCION, PUNTAJE) VALUES (3, 3, '1 nuevo puesto de trabajo', 10);

INSERT INTO T_GEND_CRITERIO_PUNTAJE (ID_CRITERIO, ID_DETALLE, DESCRIPCION, PUNTAJE) VALUES (4, 1, 'Sin puntaje', 0);
INSERT INTO T_GEND_CRITERIO_PUNTAJE (ID_CRITERIO, ID_DETALLE, DESCRIPCION, PUNTAJE) VALUES (4, 2, 'Monitoreo de indicadores', 5);
INSERT INTO T_GEND_CRITERIO_PUNTAJE (ID_CRITERIO, ID_DETALLE, DESCRIPCION, PUNTAJE) VALUES (4, 3, 'Sistema formal para monitorear y reportar', 10);
INSERT INTO T_GEND_CRITERIO_PUNTAJE (ID_CRITERIO, ID_DETALLE, DESCRIPCION, PUNTAJE) VALUES (4, 4, 'ISO 50001 - SGE', 15);

INSERT INTO T_GEND_CRITERIO_PUNTAJE (ID_CRITERIO, ID_DETALLE, DESCRIPCION, PUNTAJE) VALUES (5, 1, 'Sin puntaje', 0);
INSERT INTO T_GEND_CRITERIO_PUNTAJE (ID_CRITERIO, ID_DETALLE, DESCRIPCION, PUNTAJE) VALUES (5, 2, 'Auditoría energética nivel I', 5);
INSERT INTO T_GEND_CRITERIO_PUNTAJE (ID_CRITERIO, ID_DETALLE, DESCRIPCION, PUNTAJE) VALUES (5, 3, 'Auditoría energética nivel II', 10);
INSERT INTO T_GEND_CRITERIO_PUNTAJE (ID_CRITERIO, ID_DETALLE, DESCRIPCION, PUNTAJE) VALUES (5, 4, 'Auditoría energética nivel III', 15);

INSERT INTO T_GEND_CRITERIO_PUNTAJE (ID_CRITERIO, ID_DETALLE, DESCRIPCION, PUNTAJE) VALUES (6, 1, 'Sin puntaje', 0);
INSERT INTO T_GEND_CRITERIO_PUNTAJE (ID_CRITERIO, ID_DETALLE, DESCRIPCION, PUNTAJE) VALUES (6, 2, 'Calculó la huella carbono', 5);
INSERT INTO T_GEND_CRITERIO_PUNTAJE (ID_CRITERIO, ID_DETALLE, DESCRIPCION, PUNTAJE) VALUES (6, 3, 'Cálculó y verificó la huella carbono', 10);
INSERT INTO T_GEND_CRITERIO_PUNTAJE (ID_CRITERIO, ID_DETALLE, DESCRIPCION, PUNTAJE) VALUES (6, 4, 'Cálculo, compensó  y verificó la huella de carbono', 15);

INSERT INTO T_GEND_CRITERIO_PUNTAJE (ID_CRITERIO, ID_DETALLE, DESCRIPCION, PUNTAJE) VALUES (7, 1, 'Sin puntaje', 0);
INSERT INTO T_GEND_CRITERIO_PUNTAJE (ID_CRITERIO, ID_DETALLE, DESCRIPCION, PUNTAJE) VALUES (7, 2, 'Al menos 1 actividad', 2);
INSERT INTO T_GEND_CRITERIO_PUNTAJE (ID_CRITERIO, ID_DETALLE, DESCRIPCION, PUNTAJE) VALUES (7, 3, 'Al menos 2 actividades', 3);
INSERT INTO T_GEND_CRITERIO_PUNTAJE (ID_CRITERIO, ID_DETALLE, DESCRIPCION, PUNTAJE) VALUES (7, 4, 'Más de 2 actividades', 5);

INSERT INTO T_GEND_CRITERIO_PUNTAJE (ID_CRITERIO, ID_DETALLE, DESCRIPCION, PUNTAJE) VALUES (8, 1, 'Sin puntaje', 0);
INSERT INTO T_GEND_CRITERIO_PUNTAJE (ID_CRITERIO, ID_DETALLE, DESCRIPCION, PUNTAJE) VALUES (8, 2, 'Mayor o igual a 5% y menor a 15%', 5);
INSERT INTO T_GEND_CRITERIO_PUNTAJE (ID_CRITERIO, ID_DETALLE, DESCRIPCION, PUNTAJE) VALUES (8, 3, 'Mayor o igual a 15% y menor a 30%', 7);
INSERT INTO T_GEND_CRITERIO_PUNTAJE (ID_CRITERIO, ID_DETALLE, DESCRIPCION, PUNTAJE) VALUES (8, 4, 'Mayor o igual al 30%', 10);

-------------------------------------------------
commit;