------------------------------------------------------------------------------------------
CREATE SEQUENCE SRES.SQ_MAE_SECTOR MINVALUE 1 MAXVALUE 9999999999999999999999999999 START WITH 3 INCREMENT BY 1;
CREATE SEQUENCE SRES.SQ_GENM_INSTITUCION MINVALUE 1 MAXVALUE 9999999999999999999999999999 START WITH 2 INCREMENT BY 1;
CREATE SEQUENCE SRES.SQ_GENM_USUARIO MINVALUE 1 MAXVALUE 9999999999999999999999999999 START WITH 2 INCREMENT BY 1;
CREATE SEQUENCE SRES.SQ_GENM_CRITERIO MINVALUE 1 MAXVALUE 9999999999999999999999999999 START WITH 9 INCREMENT BY 1;
CREATE SEQUENCE SRES.SQ_GENM_REQUERIMIENTO MINVALUE 1 MAXVALUE 9999999999999999999999999999 START WITH 8 INCREMENT BY 1;
CREATE SEQUENCE SRES.SQ_GENM_ANNO MINVALUE 1 MAXVALUE 9999999999999999999999999999 START WITH 12 INCREMENT BY 1;
CREATE SEQUENCE SRES.SQ_GENM_CONVOCATORIA MINVALUE 1 MAXVALUE 9999999999999999999999999999 START WITH 1 INCREMENT BY 1;
-------------------------------------------------------------------------------------------------------------------
CREATE TABLE T_MAE_SECTOR(
ID_SECTOR NUMBER,
NOMBRE VARCHAR2(50),
FLAG_ESTADO VARCHAR2(1) DEFAULT '1',
REG_USUARIO NUMBER,
REG_FECHA DATE DEFAULT SYSDATE,
UPD_USUARIO NUMBER,
UPD_FECHA DATE,
CONSTRAINT SECTOR_PK PRIMARY KEY(ID_SECTOR)
);

CREATE TABLE  T_GENM_INSTITUCION(
ID_INSTITUCION NUMBER,
RUC NUMBER(11,0),
RAZON_SOCIAL VARCHAR2(100),
DOMICILIO_LEGAL VARCHAR2(120),
ID_SECTOR NUMBER,
FLAG_ESTADO VARCHAR2(1) DEFAULT '1',
REG_USUARIO NUMBER,
REG_FECHA DATE DEFAULT SYSDATE,
UPD_USUARIO NUMBER,
UPD_FECHA DATE,
CONSTRAINT INSTITUCION_PK PRIMARY KEY(ID_INSTITUCION),
CONSTRAINT SECTOR_FK FOREIGN KEY (ID_SECTOR) REFERENCES T_MAE_SECTOR(ID_SECTOR)
);

CREATE TABLE T_MAE_ROL(
ID_ROL NUMBER,
NOMBRE VARCHAR(50),
FLAG_ESTADO VARCHAR2(1) DEFAULT '1',
REG_USUARIO NUMBER,
REG_FECHA DATE DEFAULT SYSDATE,
UPD_USUARIO NUMBER,
UPD_FECHA DATE,
CONSTRAINT ROL_PK PRIMARY KEY (ID_ROL)
);

CREATE TABLE T_GENM_USUARIO (
ID_USUARIO NUMBER,
NOMBRES VARCHAR2(30),
APELLIDOS VARCHAR2(50),
CORREO VARCHAR2(100),
CONTRASENA VARCHAR2(100),
TELEFONO VARCHAR2(10),
ANEXO VARCHAR2(6),
CELULAR VARCHAR2(12),
ID_INSTITUCION NUMBER,
ID_ROL NUMBER,
FLAG_ESTADO VARCHAR2(1) DEFAULT '1',
REG_USUARIO NUMBER,
REG_FECHA DATE DEFAULT SYSDATE,
UPD_USUARIO NUMBER,
UPD_FECHA DATE,
CONSTRAINT USUARIO_PK PRIMARY KEY (ID_USUARIO),
CONSTRAINT INSTITUCION_FK FOREIGN KEY (ID_INSTITUCION) REFERENCES T_GENM_INSTITUCION (ID_INSTITUCION),
CONSTRAINT ROL_FK FOREIGN KEY (ID_ROL) REFERENCES T_MAE_ROL (ID_ROL)
);

CREATE TABLE T_GENM_CRITERIO(
ID_CRITERIO NUMBER,
NOMBRE VARCHAR2(100),
FLAG_ESTADO VARCHAR2(1) DEFAULT '1',
REG_USUARIO NUMBER,
REG_FECHA DATE DEFAULT SYSDATE,
UPD_USUARIO NUMBER,
UPD_FECHA DATE,
CONSTRAINT CRITERIO_PK PRIMARY KEY (ID_CRITERIO)
);

CREATE TABLE T_GENM_REQUERIMIENTO(
ID_REQUERIMIENTO NUMBER,
NOMBRE VARCHAR2(300),
FLAG_ESTADO VARCHAR2(1) DEFAULT '1',
REG_USUARIO NUMBER,
REG_FECHA DATE DEFAULT SYSDATE,
UPD_USUARIO NUMBER,
UPD_FECHA DATE,
CONSTRAINT REQUERIMIENTO_PK PRIMARY KEY (ID_REQUERIMIENTO)
);

CREATE TABLE T_MAE_PROCESO(
ID_PROCESO NUMBER,
NOMBRE VARCHAR2(200),
FLAG_ESTADO VARCHAR2(1) DEFAULT '1',
REG_USUARIO NUMBER,
REG_FECHA DATE DEFAULT SYSDATE,
UPD_USUARIO NUMBER,
UPD_FECHA DATE,
CONSTRAINT PROCESO_PK PRIMARY KEY (ID_PROCESO)
);

CREATE TABLE T_MAE_ETAPA(
ID_ETAPA NUMBER,
NOMBRE VARCHAR2(200),
ID_PROCESO NUMBER,
FLAG_ESTADO VARCHAR2(1) DEFAULT '1',
REG_USUARIO NUMBER,
REG_FECHA DATE DEFAULT SYSDATE,
UPD_USUARIO NUMBER,
UPD_FECHA DATE,
CONSTRAINT ETAPA_PK PRIMARY KEY (ID_ETAPA),
CONSTRAINT PROCESO_FK FOREIGN KEY (ID_PROCESO) REFERENCES T_MAE_PROCESO (ID_PROCESO)
);

CREATE TABLE T_MAE_ANNO(
ID_ANNO NUMBER,
NOMBRE VARCHAR2(10),
FLAG_ESTADO VARCHAR2(1) DEFAULT '1',
REG_USUARIO NUMBER,
REG_FECHA DATE DEFAULT SYSDATE,
UPD_USUARIO NUMBER,
UPD_FECHA DATE,
CONSTRAINT ANNO_PK PRIMARY KEY (ID_ANNO)
);

CREATE TABLE T_GENM_CONVOCATORIA(
ID_CONVOCATORIA NUMBER,
NOMBRE VARCHAR2(200),
FECHA_INICIO DATE,
FECHA_FIN DATE,
LIMITE_POSTULANTE NUMBER,
FLAG_ESTADO VARCHAR2(1) DEFAULT '1',
REG_USUARIO NUMBER,
REG_FECHA DATE DEFAULT SYSDATE,
UPD_USUARIO NUMBER,
UPD_FECHA DATE,
CONSTRAINT CONVOCATORIA_PK PRIMARY KEY (ID_CONVOCATORIA)
);

CREATE TABLE T_GEND_CONVOCATORIA_REQUERIM(
ID_CONVOCATORIA NUMBER,
ID_REQUERIMIENTO NUMBER,
--OBLIGATORIO VARCHAR(1),
FLAG_ESTADO VARCHAR2(1),
REG_USUARIO NUMBER,
REG_FECHA DATE DEFAULT SYSDATE,
UPD_USUARIO NUMBER,
UPD_FECHA DATE,
CONSTRAINT CONV_R_FK FOREIGN KEY (ID_CONVOCATORIA) REFERENCES T_GENM_CONVOCATORIA (ID_CONVOCATORIA),
CONSTRAINT REQ_C_FK FOREIGN KEY (ID_REQUERIMIENTO) REFERENCES T_GENM_REQUERIMIENTO (ID_REQUERIMIENTO),
CONSTRAINT CONV_REQ_PK PRIMARY KEY (ID_CONVOCATORIA, ID_REQUERIMIENTO)
);

CREATE TABLE T_GEND_CONVOCATORIA_CRITERIO(
ID_CONVOCATORIA NUMBER,
ID_CRITERIO NUMBER,
FLAG_ESTADO VARCHAR2(1),
REG_USUARIO NUMBER,
REG_FECHA DATE DEFAULT SYSDATE,
UPD_USUARIO NUMBER,
UPD_FECHA DATE,
CONSTRAINT CONV_C_FK FOREIGN KEY (ID_CONVOCATORIA) REFERENCES T_GENM_CONVOCATORIA (ID_CONVOCATORIA),
CONSTRAINT CRI_C_FK FOREIGN KEY (ID_CRITERIO) REFERENCES T_GENM_CRITERIO (ID_CRITERIO),
CONSTRAINT CONV_CRI_PK PRIMARY KEY (ID_CONVOCATORIA, ID_CRITERIO)
);

CREATE TABLE T_GEND_CONVOCATORIA_EVALUADOR(
ID_CONVOCATORIA NUMBER,
ID_USUARIO NUMBER,
FLAG_ESTADO VARCHAR2(1),
REG_USUARIO NUMBER,
REG_FECHA DATE DEFAULT SYSDATE,
UPD_USUARIO NUMBER,
UPD_FECHA DATE,
CONSTRAINT CONV_U_FK FOREIGN KEY (ID_CONVOCATORIA) REFERENCES T_GENM_CONVOCATORIA (ID_CONVOCATORIA),
CONSTRAINT USU_C_FK FOREIGN KEY (ID_USUARIO) REFERENCES T_GENM_USUARIO (ID_USUARIO),
CONSTRAINT CONV_USU_PK PRIMARY KEY (ID_CONVOCATORIA, ID_USUARIO)
);

CREATE TABLE T_GEND_CONVOCATORIA_ETAPA(
ID_CONVOCATORIA NUMBER,
ID_ETAPA NUMBER,
DIAS NUMBER,
FLAG_ESTADO VARCHAR2(1),
REG_USUARIO NUMBER,
REG_FECHA DATE DEFAULT SYSDATE,
UPD_USUARIO NUMBER,
UPD_FECHA DATE,
CONSTRAINT CONV_E_FK FOREIGN KEY (ID_CONVOCATORIA) REFERENCES T_GENM_CONVOCATORIA (ID_CONVOCATORIA),
CONSTRAINT ETA_C_FK FOREIGN KEY (ID_ETAPA) REFERENCES T_MAE_ETAPA (ID_ETAPA),
CONSTRAINT CONV_ETA_PK PRIMARY KEY (ID_CONVOCATORIA, ID_ETAPA)
);

----add
CREATE TABLE T_GENM_CASO(
ID_CASO NUMBER,
NOMBRE VARCHAR2(100),
ID_CRITERIO NUMBER,
FLAG_ESTADO VARCHAR2(1) DEFAULT '1',
REG_USUARIO NUMBER,
REG_FECHA DATE DEFAULT SYSDATE,
UPD_USUARIO NUMBER,
UPD_FECHA DATE,
CONSTRAINT CAS_C_FK FOREIGN KEY (ID_CRITERIO) REFERENCES T_GENM_CRITERIO (ID_CRITERIO),
CONSTRAINT CASO_PK PRIMARY KEY (ID_CRITERIO, ID_CASO)
);

CREATE TABLE T_GENM_COMPONENTE(
ID_COMPONENTE NUMBER NOT NULL,
NOMBRE VARCHAR2(100),
INCREMENTABLE VARCHAR2(1),
ID_CASO NUMBER NOT NULL,
ID_CRITERIO NUMBER NOT NULL,
FLAG_ESTADO VARCHAR2(1) DEFAULT '1',
REG_USUARIO NUMBER,
REG_FECHA DATE DEFAULT SYSDATE,
UPD_USUARIO NUMBER,
UPD_FECHA DATE,
CONSTRAINT COM_CS_FK FOREIGN KEY (ID_CRITERIO, ID_CASO) REFERENCES T_GENM_CASO (ID_CRITERIO, ID_CASO),
CONSTRAINT COMPONENTE_PK PRIMARY KEY (ID_CRITERIO, ID_CASO, ID_COMPONENTE)
);

CREATE TABLE T_MAE_TIPO_DATO(
ID_TIPO_DATO NUMBER,
NOMBRE VARCHAR2(50),
FLAG_ESTADO VARCHAR2(1) DEFAULT '1',
REG_USUARIO NUMBER,
REG_FECHA DATE DEFAULT SYSDATE,
UPD_USUARIO NUMBER,
UPD_FECHA DATE,
CONSTRAINT TIPO_DATO_PK PRIMARY KEY (ID_TIPO_DATO)
);

CREATE TABLE T_MAEM_PARAMETRO(
ID_PARAMETRO NUMBER,
NOMBRE VARCHAR2(50),
ETIQUETA VARCHAR2(50),
ID_TIPO_DATO NUMBER,
DECIMAL_V VARCHAR2(1),
VERIFICABLE VARCHAR2(1),
EDITABLE VARCHAR2(1),
OBTENIBLE VARCHAR2(1),
ESTATICO VARCHAR2(1),
UNIDAD VARCHAR(50),
FLAG_ESTADO VARCHAR2(1) DEFAULT '1',
REG_USUARIO NUMBER,
REG_FECHA DATE DEFAULT SYSDATE,
UPD_USUARIO NUMBER,
UPD_FECHA DATE,
CONSTRAINT PARAMETRO_PK PRIMARY KEY (ID_PARAMETRO),
CONSTRAINT TIPO_DATO_FK FOREIGN KEY (ID_TIPO_DATO) REFERENCES T_MAE_TIPO_DATO (ID_TIPO_DATO)
);

CREATE TABLE T_MAEM_INDICADOR(
ID_CRITERIO NUMBER,
ID_CASO NUMBER,
ID_COMPONENTE NUMBER,
ID_PARAMETRO NUMBER,
ORDEN NUMBER,
FLAG_ESTADO VARCHAR2(1) DEFAULT '1',
REG_USUARIO NUMBER,
REG_FECHA DATE DEFAULT SYSDATE,
UPD_USUARIO NUMBER,
UPD_FECHA DATE,
CONSTRAINT IND_COM_FK FOREIGN KEY (ID_CRITERIO, ID_CASO, ID_COMPONENTE) REFERENCES T_GENM_COMPONENTE (ID_CRITERIO, ID_CASO, ID_COMPONENTE),
CONSTRAINT INDICADOR_PK PRIMARY KEY (ID_CRITERIO, ID_CASO, ID_COMPONENTE, ID_PARAMETRO)
);

CREATE TABLE T_MAEM_INDICADOR_FORM(
ID_CRITERIO NUMBER,
ID_CASO NUMBER,
ID_COMPONENTE NUMBER,
ID_PARAMETRO NUMBER,
ID_INDICADOR NUMBER,
VALOR VARCHAR2(350),
FLAG_ESTADO VARCHAR2(1) DEFAULT '1',
REG_USUARIO NUMBER,
REG_FECHA DATE DEFAULT SYSDATE,
UPD_USUARIO NUMBER,
UPD_FECHA DATE,
CONSTRAINT IND_PAM_FK FOREIGN KEY (ID_CRITERIO, ID_CASO, ID_COMPONENTE, ID_PARAMETRO) REFERENCES T_MAEM_INDICADOR (ID_CRITERIO, ID_CASO, ID_COMPONENTE, ID_PARAMETRO),
CONSTRAINT IND_FORM_PK PRIMARY KEY (ID_CRITERIO, ID_CASO, ID_COMPONENTE, ID_PARAMETRO, ID_INDICADOR)
);

CREATE TABLE T_MAEM_INDICADOR_DATA(
ID_CRITERIO NUMBER,
ID_CASO NUMBER,
ID_COMPONENTE NUMBER,
ID_PARAMETRO NUMBER,
ID_INDICADOR NUMBER,
ID_INSCRIPCION NUMBER,
VALOR VARCHAR2(350),
FLAG_ESTADO VARCHAR2(1) DEFAULT '1',
REG_USUARIO NUMBER,
REG_FECHA DATE DEFAULT SYSDATE,
UPD_USUARIO NUMBER,
UPD_FECHA DATE,
CONSTRAINT IND_PAM_DATA_FK FOREIGN KEY (ID_CRITERIO, ID_CASO, ID_COMPONENTE, ID_PARAMETRO) REFERENCES T_MAEM_INDICADOR (ID_CRITERIO, ID_CASO, ID_COMPONENTE, ID_PARAMETRO),
CONSTRAINT IND_DATA_PK PRIMARY KEY (ID_CRITERIO, ID_CASO, ID_COMPONENTE, ID_PARAMETRO, ID_INDICADOR, ID_INSCRIPCION)
);

------------------------------------------
--T_MAE_SECTOR
INSERT INTO T_MAE_SECTOR (ID_SECTOR, NOMBRE, REG_USUARIO) VALUES (1, 'SECTOR PÚBLICO', 1);
INSERT INTO T_MAE_SECTOR (ID_SECTOR, NOMBRE, REG_USUARIO) VALUES (2, 'SECTOR PRIVADO', 1);

--T_GENM_INSTITUCION
INSERT INTO T_GENM_INSTITUCION (ID_INSTITUCION, RUC, RAZON_SOCIAL, DOMICILIO_LEGAL, ID_SECTOR, REG_USUARIO) 
VALUES (1, '20103040501', 'Minesterio de Energía y Minas', 'Av Javier Prado 724', 1, 1);

--T_MAE_ROL
INSERT INTO T_MAE_ROL (ID_ROL, NOMBRE, REG_USUARIO) VALUES (1, 'ADMINISTRADOR', 0);
INSERT INTO T_MAE_ROL (ID_ROL, NOMBRE, REG_USUARIO) VALUES (2, 'EVALUADOR', 1);
INSERT INTO T_MAE_ROL (ID_ROL, NOMBRE, REG_USUARIO) VALUES (3, 'POSTULANTE', 1);

--T_GENM_USUARIO
INSERT INTO T_GENM_USUARIO (ID_USUARIO, NOMBRES, APELLIDOS, CORREO, CONTRASENA, TELEFONO, ANEXO, CELULAR, ID_INSTITUCION, ID_ROL, REG_USUARIO)
VALUES (1, 'Carlos', 'Galdos', 'carlos@grupo-zuniga.com', 'AK6/N7RQH5kHaUb1RDlVFzBkupiWnfger8B3053UodvdNnMdZqCWYcQs17U2i9Cujw==', '3785212', '1010', '925478365', 1, 1, 1);

--T_GENM_CRITERIO
INSERT INTO T_GENM_CRITERIO (ID_CRITERIO, NOMBRE) VALUES (1, 'Criterio 1');
INSERT INTO T_GENM_CRITERIO (ID_CRITERIO, NOMBRE) VALUES (2, 'Criterio 2');
INSERT INTO T_GENM_CRITERIO (ID_CRITERIO, NOMBRE) VALUES (3, 'Criterio 3');
INSERT INTO T_GENM_CRITERIO (ID_CRITERIO, NOMBRE) VALUES (4, 'Criterio 4');
INSERT INTO T_GENM_CRITERIO (ID_CRITERIO, NOMBRE) VALUES (5, 'Criterio 5');
INSERT INTO T_GENM_CRITERIO (ID_CRITERIO, NOMBRE) VALUES (6, 'Criterio 6');
INSERT INTO T_GENM_CRITERIO (ID_CRITERIO, NOMBRE) VALUES (7, 'Criterio 7');
INSERT INTO T_GENM_CRITERIO (ID_CRITERIO, NOMBRE) VALUES (8, 'Criterio 8');

--T_GENM_REQUERIMIENTO
INSERT INTO T_GENM_REQUERIMIENTO (ID_REQUERIMIENTO, NOMBRE) VALUES (1, 'Documento de saneamiento legal físico.');
INSERT INTO T_GENM_REQUERIMIENTO (ID_REQUERIMIENTO, NOMBRE) VALUES (2, 'Documento de condición activo en la plataforma de la SUNAT.');
INSERT INTO T_GENM_REQUERIMIENTO (ID_REQUERIMIENTO, NOMBRE) VALUES (3, 'Documento sustentatorio relacionado a si la empresa está libre de problemas fiscales y judiciales.');
INSERT INTO T_GENM_REQUERIMIENTO (ID_REQUERIMIENTO, NOMBRE) VALUES (4, 'Constancia de INFOCORP.');
INSERT INTO T_GENM_REQUERIMIENTO (ID_REQUERIMIENTO, NOMBRE) VALUES (5, 'Documento con la firma de compromiso sobre el acceso a la información y confidencialidad.');
INSERT INTO T_GENM_REQUERIMIENTO (ID_REQUERIMIENTO, NOMBRE) VALUES (6, 'Documento con el compromiso de postulación debidamente firmada por el titular o representante legal.');
INSERT INTO T_GENM_REQUERIMIENTO (ID_REQUERIMIENTO, NOMBRE) VALUES (7, 'Copia de constitución de la empresa.');

--T_MAE_PROCESO
INSERT INTO T_MAE_PROCESO (ID_PROCESO, NOMBRE) VALUES (1, 'Publicación y difusión');
INSERT INTO T_MAE_PROCESO (ID_PROCESO, NOMBRE) VALUES (2, 'Postulación');
INSERT INTO T_MAE_PROCESO (ID_PROCESO, NOMBRE) VALUES (3, 'Recopilación de información');
INSERT INTO T_MAE_PROCESO (ID_PROCESO, NOMBRE) VALUES (4, 'Evaluación');
INSERT INTO T_MAE_PROCESO (ID_PROCESO, NOMBRE) VALUES (5, 'Invitación a ceremonia premiación');

--T_MAE_ETAPA
INSERT INTO T_MAE_ETAPA (ID_ETAPA, NOMBRE, ID_PROCESO) VALUES (1, 'Publicación y difusión', 1);
INSERT INTO T_MAE_ETAPA (ID_ETAPA, NOMBRE, ID_PROCESO) VALUES (2, 'Postulación', 2);
INSERT INTO T_MAE_ETAPA (ID_ETAPA, NOMBRE, ID_PROCESO) VALUES (3, 'Recopilación de información', 3);
INSERT INTO T_MAE_ETAPA (ID_ETAPA, NOMBRE, ID_PROCESO) VALUES (4, 'Coordinación', 4);
INSERT INTO T_MAE_ETAPA (ID_ETAPA, NOMBRE, ID_PROCESO) VALUES (5, 'Revisión N1', 4);
INSERT INTO T_MAE_ETAPA (ID_ETAPA, NOMBRE, ID_PROCESO) VALUES (6, 'Informe preliminar', 4);
INSERT INTO T_MAE_ETAPA (ID_ETAPA, NOMBRE, ID_PROCESO) VALUES (7, 'Levantamiento de observaciones', 4);
INSERT INTO T_MAE_ETAPA (ID_ETAPA, NOMBRE, ID_PROCESO) VALUES (8, 'Revisión N2', 4);
INSERT INTO T_MAE_ETAPA (ID_ETAPA, NOMBRE, ID_PROCESO) VALUES (9, 'Informe final', 4);
INSERT INTO T_MAE_ETAPA (ID_ETAPA, NOMBRE, ID_PROCESO) VALUES (10, 'Comunicación de resultados', 4);
INSERT INTO T_MAE_ETAPA (ID_ETAPA, NOMBRE, ID_PROCESO) VALUES (11, 'Invitación a ceremonia premiación',5);

-- T_MAE_ANNO
INSERT INTO T_MAE_ANNO (ID_ANNO, NOMBRE) VALUES (1, '2020');
INSERT INTO T_MAE_ANNO (ID_ANNO, NOMBRE) VALUES (2, '2021');
INSERT INTO T_MAE_ANNO (ID_ANNO, NOMBRE) VALUES (3, '2022');
INSERT INTO T_MAE_ANNO (ID_ANNO, NOMBRE) VALUES (4, '2023');
INSERT INTO T_MAE_ANNO (ID_ANNO, NOMBRE) VALUES (5, '2024');
INSERT INTO T_MAE_ANNO (ID_ANNO, NOMBRE) VALUES (6, '2025');
INSERT INTO T_MAE_ANNO (ID_ANNO, NOMBRE) VALUES (7, '2026');
INSERT INTO T_MAE_ANNO (ID_ANNO, NOMBRE) VALUES (8, '2027');
INSERT INTO T_MAE_ANNO (ID_ANNO, NOMBRE) VALUES (9, '2028');
INSERT INTO T_MAE_ANNO (ID_ANNO, NOMBRE) VALUES (10, '2029');
INSERT INTO T_MAE_ANNO (ID_ANNO, NOMBRE) VALUES (11, '2030');

--T_GENM_CASO
INSERT INTO T_GENM_CASO (ID_CRITERIO, ID_CASO, NOMBRE) VALUES (1, 1, 'COMBUSTIBLE');

--T_GENM_COMPONENTE
INSERT INTO T_GENM_COMPONENTE (ID_CRITERIO, ID_CASO, ID_COMPONENTE, NOMBRE, INCREMENTABLE) VALUES (1, 1, 1, 'C1 CANT. TRABAJADOR', '0');
INSERT INTO T_GENM_COMPONENTE (ID_CRITERIO, ID_CASO, ID_COMPONENTE, NOMBRE, INCREMENTABLE) VALUES (1, 1, 2, 'C2 TABLA ACTIVIDADES', '1');

--T_MAE_TIPO_DATO
INSERT INTO T_MAE_TIPO_DATO (ID_TIPO_DATO, NOMBRE) VALUES (1, 'NUMERO');
INSERT INTO T_MAE_TIPO_DATO (ID_TIPO_DATO, NOMBRE) VALUES (2, 'TEXTO');
INSERT INTO T_MAE_TIPO_DATO (ID_TIPO_DATO, NOMBRE) VALUES (3, 'FECHA');

--T_MAEM_PARAMETRO
INSERT INTO T_MAEM_PARAMETRO (ID_PARAMETRO, NOMBRE, ETIQUETA, ID_TIPO_DATO, DECIMAL_V, VERIFICABLE, EDITABLE, OBTENIBLE, ESTATICO, UNIDAD) VALUES (1, 'DETALLES', 'P1CM1CS1CR1',2, NULL, '0', '0', '0', '1', '');
INSERT INTO T_MAEM_PARAMETRO (ID_PARAMETRO, NOMBRE, ETIQUETA, ID_TIPO_DATO, DECIMAL_V, VERIFICABLE, EDITABLE, OBTENIBLE, ESTATICO, UNIDAD) VALUES (2, 'A LA FECHA DE POSTULACION', 'P2CM1CS1CR1', 1, '0', '0', '1', '1', '0','');
INSERT INTO T_MAEM_PARAMETRO (ID_PARAMETRO, NOMBRE, ETIQUETA, ID_TIPO_DATO, DECIMAL_V, VERIFICABLE, EDITABLE, OBTENIBLE, ESTATICO, UNIDAD) VALUES (3, 'DETALLES', 'P3CM2CS1CR1', 2, NULL, '0', '1', '0', '0','');
INSERT INTO T_MAEM_PARAMETRO (ID_PARAMETRO, NOMBRE, ETIQUETA, ID_TIPO_DATO, DECIMAL_V, VERIFICABLE, EDITABLE, OBTENIBLE, ESTATICO, UNIDAD) VALUES (4, 'FECHA INICIO DE CONTRATO', 'P4CM2CS1CR1', 3, NULL, '0', '1', '1', '0','');
INSERT INTO T_MAEM_PARAMETRO (ID_PARAMETRO, NOMBRE, ETIQUETA, ID_TIPO_DATO, DECIMAL_V, VERIFICABLE, EDITABLE, OBTENIBLE, ESTATICO, UNIDAD) VALUES (5, 'TIEMPO DE VIGENCIA DE CONTRATO', 'P5CM2CS1CR1', 3, NULL, '0', '1', '1', '0','');

--T_MAEM_INDICADOR
INSERT INTO T_MAEM_INDICADOR (ID_CRITERIO, ID_CASO, ID_COMPONENTE, ID_PARAMETRO, ORDEN) VALUES (1, 1, 1, 1, 1);
INSERT INTO T_MAEM_INDICADOR (ID_CRITERIO, ID_CASO, ID_COMPONENTE, ID_PARAMETRO, ORDEN) VALUES (1, 1, 1, 2, 2);
INSERT INTO T_MAEM_INDICADOR (ID_CRITERIO, ID_CASO, ID_COMPONENTE, ID_PARAMETRO, ORDEN) VALUES (1, 1, 2, 3, 1);
INSERT INTO T_MAEM_INDICADOR (ID_CRITERIO, ID_CASO, ID_COMPONENTE, ID_PARAMETRO, ORDEN) VALUES (1, 1, 2, 4, 2);
INSERT INTO T_MAEM_INDICADOR (ID_CRITERIO, ID_CASO, ID_COMPONENTE, ID_PARAMETRO, ORDEN) VALUES (1, 1, 2, 5, 3);

--T_MAEM_INDICADOR_FORM
INSERT INTO T_MAEM_INDICADOR_FORM (ID_CRITERIO, ID_CASO, ID_COMPONENTE, ID_PARAMETRO, ID_INDICADOR, VALOR) VALUES (1, 1, 1, 1, 1, 'Número de trabajadores de la empresa');
INSERT INTO T_MAEM_INDICADOR_FORM (ID_CRITERIO, ID_CASO, ID_COMPONENTE, ID_PARAMETRO, ID_INDICADOR, VALOR) VALUES (1, 1, 1, 2, 1, '');
INSERT INTO T_MAEM_INDICADOR_FORM (ID_CRITERIO, ID_CASO, ID_COMPONENTE, ID_PARAMETRO, ID_INDICADOR, VALOR) VALUES (1, 1, 1, 1, 2, 'Cantidad de capital');
INSERT INTO T_MAEM_INDICADOR_FORM (ID_CRITERIO, ID_CASO, ID_COMPONENTE, ID_PARAMETRO, ID_INDICADOR, VALOR) VALUES (1, 1, 1, 2, 2, '');
INSERT INTO T_MAEM_INDICADOR_FORM (ID_CRITERIO, ID_CASO, ID_COMPONENTE, ID_PARAMETRO, ID_INDICADOR, VALOR) VALUES (1, 1, 1, 1, 3, 'Meses de trabajo');
INSERT INTO T_MAEM_INDICADOR_FORM (ID_CRITERIO, ID_CASO, ID_COMPONENTE, ID_PARAMETRO, ID_INDICADOR, VALOR) VALUES (1, 1, 1, 2, 3, '');
INSERT INTO T_MAEM_INDICADOR_FORM (ID_CRITERIO, ID_CASO, ID_COMPONENTE, ID_PARAMETRO, ID_INDICADOR, VALOR) VALUES (1, 1, 2, 3, 1, '');
INSERT INTO T_MAEM_INDICADOR_FORM (ID_CRITERIO, ID_CASO, ID_COMPONENTE, ID_PARAMETRO, ID_INDICADOR, VALOR) VALUES (1, 1, 2, 4, 1, '');
INSERT INTO T_MAEM_INDICADOR_FORM (ID_CRITERIO, ID_CASO, ID_COMPONENTE, ID_PARAMETRO, ID_INDICADOR, VALOR) VALUES (1, 1, 2, 5, 1, '');
