------------------------------------------------------------------------------------------
CREATE SEQUENCE SRES.SQ_MAE_SECTOR MINVALUE 1 MAXVALUE 9999999999999999999999999999 START WITH 3 INCREMENT BY 1;
CREATE SEQUENCE SRES.SQ_GENM_INSTITUCION MINVALUE 1 MAXVALUE 9999999999999999999999999999 START WITH 2 INCREMENT BY 1;
CREATE SEQUENCE SRES.SQ_GENM_USUARIO MINVALUE 1 MAXVALUE 9999999999999999999999999999 START WITH 2 INCREMENT BY 1;
CREATE SEQUENCE SRES.SQ_GENM_CRITERIO MINVALUE 1 MAXVALUE 9999999999999999999999999999 START WITH 9 INCREMENT BY 1;
CREATE SEQUENCE SRES.SQ_GENM_REQUERIMIENTO MINVALUE 1 MAXVALUE 9999999999999999999999999999 START WITH 8 INCREMENT BY 1;
CREATE SEQUENCE SRES.SQ_GENM_ANNO MINVALUE 1 MAXVALUE 9999999999999999999999999999 START WITH 12 INCREMENT BY 1;
CREATE SEQUENCE SRES.SQ_GENM_CONVOCATORIA MINVALUE 1 MAXVALUE 9999999999999999999999999999 START WITH 1 INCREMENT BY 1;
CREATE SEQUENCE SRES.SQ_GENM_INSCRIPCION MINVALUE 1 MAXVALUE 9999999999999999999999999999 START WITH 1 INCREMENT BY 1;
CREATE SEQUENCE SRES.SQ_GEND_CONVOCATORIA_TRAZA MINVALUE 1 MAXVALUE 9999999999999999999999999999 START WITH 1 INCREMENT BY 1;
CREATE SEQUENCE SRES.SQ_GEND_INSCRIPCION_TRAZA MINVALUE 1 MAXVALUE 9999999999999999999999999999 START WITH 1 INCREMENT BY 1;
-------------------------------------------------------------------------------------------------------------------
CREATE TABLE T_MAE_SECTOR(
ID_SECTOR NUMBER,
NOMBRE VARCHAR2(50),
FLAG_ESTADO VARCHAR2(1) DEFAULT '1',
REG_USUARIO NUMBER,
REG_FECHA DATE DEFAULT SYSDATE,
UPD_USUARIO NUMBER,
UPD_FECHA DATE,
CONSTRAINT SECTOR_PK PRIMARY KEY(ID_SECTOR)
);

CREATE TABLE  T_GENM_INSTITUCION(
ID_INSTITUCION NUMBER,
RUC NUMBER(11,0),
RAZON_SOCIAL VARCHAR2(100),
DOMICILIO_LEGAL VARCHAR2(120),
ID_SECTOR NUMBER,
FLAG_ESTADO VARCHAR2(1) DEFAULT '1',
REG_USUARIO NUMBER,
REG_FECHA DATE DEFAULT SYSDATE,
UPD_USUARIO NUMBER,
UPD_FECHA DATE,
CONSTRAINT INSTITUCION_PK PRIMARY KEY(ID_INSTITUCION),
CONSTRAINT SECTOR_FK FOREIGN KEY (ID_SECTOR) REFERENCES T_MAE_SECTOR(ID_SECTOR)
);

CREATE TABLE T_MAE_ROL(
ID_ROL NUMBER,
NOMBRE VARCHAR(50),
FLAG_ESTADO VARCHAR2(1) DEFAULT '1',
REG_USUARIO NUMBER,
REG_FECHA DATE DEFAULT SYSDATE,
UPD_USUARIO NUMBER,
UPD_FECHA DATE,
CONSTRAINT ROL_PK PRIMARY KEY (ID_ROL)
);

CREATE TABLE T_GENM_USUARIO (
ID_USUARIO NUMBER,
NOMBRES VARCHAR2(30),
APELLIDOS VARCHAR2(50),
CORREO VARCHAR2(100),
CONTRASENA VARCHAR2(100),
TELEFONO VARCHAR2(10),
ANEXO VARCHAR2(6),
CELULAR VARCHAR2(12),
ID_INSTITUCION NUMBER,
ID_ROL NUMBER,
FLAG_ESTADO VARCHAR2(1) DEFAULT '1',
REG_USUARIO NUMBER,
REG_FECHA DATE DEFAULT SYSDATE,
UPD_USUARIO NUMBER,
UPD_FECHA DATE,
CONSTRAINT USUARIO_PK PRIMARY KEY (ID_USUARIO),
CONSTRAINT INSTITUCION_FK FOREIGN KEY (ID_INSTITUCION) REFERENCES T_GENM_INSTITUCION (ID_INSTITUCION),
CONSTRAINT ROL_FK FOREIGN KEY (ID_ROL) REFERENCES T_MAE_ROL (ID_ROL)
);

CREATE TABLE T_GENM_CRITERIO(
ID_CRITERIO NUMBER,
NOMBRE VARCHAR2(100),
FLAG_ESTADO VARCHAR2(1) DEFAULT '1',
REG_USUARIO NUMBER,
REG_FECHA DATE DEFAULT SYSDATE,
UPD_USUARIO NUMBER,
UPD_FECHA DATE,
CONSTRAINT CRITERIO_PK PRIMARY KEY (ID_CRITERIO)
);

CREATE TABLE T_GENM_REQUERIMIENTO(
ID_REQUERIMIENTO NUMBER,
NOMBRE VARCHAR2(300),
FLAG_ESTADO VARCHAR2(1) DEFAULT '1',
REG_USUARIO NUMBER,
REG_FECHA DATE DEFAULT SYSDATE,
UPD_USUARIO NUMBER,
UPD_FECHA DATE,
CONSTRAINT REQUERIMIENTO_PK PRIMARY KEY (ID_REQUERIMIENTO)
);

CREATE TABLE T_MAE_PROCESO(
ID_PROCESO NUMBER,
NOMBRE VARCHAR2(200),
FLAG_ESTADO VARCHAR2(1) DEFAULT '1',
REG_USUARIO NUMBER,
REG_FECHA DATE DEFAULT SYSDATE,
UPD_USUARIO NUMBER,
UPD_FECHA DATE,
CONSTRAINT PROCESO_PK PRIMARY KEY (ID_PROCESO)
);

CREATE TABLE T_MAE_ETAPA(
ID_ETAPA NUMBER,
NOMBRE VARCHAR2(200),
ID_PROCESO NUMBER,
FLAG_ESTADO VARCHAR2(1) DEFAULT '1',
REG_USUARIO NUMBER,
REG_FECHA DATE DEFAULT SYSDATE,
UPD_USUARIO NUMBER,
UPD_FECHA DATE,
CONSTRAINT ETAPA_PK PRIMARY KEY (ID_ETAPA),
CONSTRAINT PROCESO_FK FOREIGN KEY (ID_PROCESO) REFERENCES T_MAE_PROCESO (ID_PROCESO)
);

CREATE TABLE T_MAE_ANNO(
ID_ANNO NUMBER,
NOMBRE VARCHAR2(10),
FLAG_ESTADO VARCHAR2(1) DEFAULT '1',
REG_USUARIO NUMBER,
REG_FECHA DATE DEFAULT SYSDATE,
UPD_USUARIO NUMBER,
UPD_FECHA DATE,
CONSTRAINT ANNO_PK PRIMARY KEY (ID_ANNO)
);

CREATE TABLE T_GENM_CONVOCATORIA(
ID_CONVOCATORIA NUMBER,
NOMBRE VARCHAR2(200),
FECHA_INICIO DATE,
FECHA_FIN DATE,
LIMITE_POSTULANTE NUMBER,
NRO_INFORME VARCHAR2(50),
FLAG_ESTADO VARCHAR2(1) DEFAULT '1',
REG_USUARIO NUMBER,
REG_FECHA DATE DEFAULT SYSDATE,
UPD_USUARIO NUMBER,
UPD_FECHA DATE,
CONSTRAINT CONVOCATORIA_PK PRIMARY KEY (ID_CONVOCATORIA)
);

CREATE TABLE T_GEND_CONVOCATORIA_REQUERIM(
ID_CONVOCATORIA NUMBER,
ID_REQUERIMIENTO NUMBER,
--OBLIGATORIO VARCHAR(1),
FLAG_ESTADO VARCHAR2(1),
REG_USUARIO NUMBER,
REG_FECHA DATE DEFAULT SYSDATE,
UPD_USUARIO NUMBER,
UPD_FECHA DATE,
CONSTRAINT CONV_R_FK FOREIGN KEY (ID_CONVOCATORIA) REFERENCES T_GENM_CONVOCATORIA (ID_CONVOCATORIA),
CONSTRAINT REQ_C_FK FOREIGN KEY (ID_REQUERIMIENTO) REFERENCES T_GENM_REQUERIMIENTO (ID_REQUERIMIENTO),
CONSTRAINT CONV_REQ_PK PRIMARY KEY (ID_CONVOCATORIA, ID_REQUERIMIENTO)
);

CREATE TABLE T_GEND_CONVOCATORIA_CRITERIO(
ID_CONVOCATORIA NUMBER,
ID_CRITERIO NUMBER,
FLAG_ESTADO VARCHAR2(1),
REG_USUARIO NUMBER,
REG_FECHA DATE DEFAULT SYSDATE,
UPD_USUARIO NUMBER,
UPD_FECHA DATE,
CONSTRAINT CONV_C_FK FOREIGN KEY (ID_CONVOCATORIA) REFERENCES T_GENM_CONVOCATORIA (ID_CONVOCATORIA),
CONSTRAINT CRI_C_FK FOREIGN KEY (ID_CRITERIO) REFERENCES T_GENM_CRITERIO (ID_CRITERIO),
CONSTRAINT CONV_CRI_PK PRIMARY KEY (ID_CONVOCATORIA, ID_CRITERIO)
);

CREATE TABLE T_GEND_CONVOCATORIA_EVALUADOR(
ID_CONVOCATORIA NUMBER,
ID_USUARIO NUMBER,
FLAG_ESTADO VARCHAR2(1),
REG_USUARIO NUMBER,
REG_FECHA DATE DEFAULT SYSDATE,
UPD_USUARIO NUMBER,
UPD_FECHA DATE,
CONSTRAINT CONV_U_FK FOREIGN KEY (ID_CONVOCATORIA) REFERENCES T_GENM_CONVOCATORIA (ID_CONVOCATORIA),
CONSTRAINT USU_C_FK FOREIGN KEY (ID_USUARIO) REFERENCES T_GENM_USUARIO (ID_USUARIO),
CONSTRAINT CONV_USU_PK PRIMARY KEY (ID_CONVOCATORIA, ID_USUARIO)
);

CREATE TABLE T_GEND_CONVOCATORIA_ETAPA(
ID_CONVOCATORIA NUMBER,
ID_ETAPA NUMBER,
DIAS NUMBER,
FLAG_ESTADO VARCHAR2(1),
REG_USUARIO NUMBER,
REG_FECHA DATE DEFAULT SYSDATE,
UPD_USUARIO NUMBER,
UPD_FECHA DATE,
CONSTRAINT CONV_E_FK FOREIGN KEY (ID_CONVOCATORIA) REFERENCES T_GENM_CONVOCATORIA (ID_CONVOCATORIA),
CONSTRAINT ETA_C_FK FOREIGN KEY (ID_ETAPA) REFERENCES T_MAE_ETAPA (ID_ETAPA),
CONSTRAINT CONV_ETA_PK PRIMARY KEY (ID_CONVOCATORIA, ID_ETAPA)
);

----add
CREATE TABLE T_GENM_CASO(
ID_CASO NUMBER,
NOMBRE VARCHAR2(100),
ID_CRITERIO NUMBER,
FLAG_ESTADO VARCHAR2(1) DEFAULT '1',
REG_USUARIO NUMBER,
REG_FECHA DATE DEFAULT SYSDATE,
UPD_USUARIO NUMBER,
UPD_FECHA DATE,
CONSTRAINT CAS_C_FK FOREIGN KEY (ID_CRITERIO) REFERENCES T_GENM_CRITERIO (ID_CRITERIO),
CONSTRAINT CASO_PK PRIMARY KEY (ID_CRITERIO, ID_CASO)
);

CREATE TABLE T_GENM_COMPONENTE(
ID_COMPONENTE NUMBER NOT NULL,
NOMBRE VARCHAR2(100),
INCREMENTABLE VARCHAR2(1),
ID_CASO NUMBER NOT NULL,
ID_CRITERIO NUMBER NOT NULL,
FLAG_ESTADO VARCHAR2(1) DEFAULT '1',
REG_USUARIO NUMBER,
REG_FECHA DATE DEFAULT SYSDATE,
UPD_USUARIO NUMBER,
UPD_FECHA DATE,
CONSTRAINT COM_CS_FK FOREIGN KEY (ID_CRITERIO, ID_CASO) REFERENCES T_GENM_CASO (ID_CRITERIO, ID_CASO),
CONSTRAINT COMPONENTE_PK PRIMARY KEY (ID_CRITERIO, ID_CASO, ID_COMPONENTE)
);

CREATE TABLE T_MAE_TIPO_DATO(
ID_TIPO_DATO NUMBER,
NOMBRE VARCHAR2(50),
FLAG_ESTADO VARCHAR2(1) DEFAULT '1',
REG_USUARIO NUMBER,
REG_FECHA DATE DEFAULT SYSDATE,
UPD_USUARIO NUMBER,
UPD_FECHA DATE,
CONSTRAINT TIPO_DATO_PK PRIMARY KEY (ID_TIPO_DATO)
);

CREATE TABLE T_MAEM_PARAMETRO(
ID_PARAMETRO NUMBER,
NOMBRE VARCHAR2(200),
ETIQUETA VARCHAR2(200),
ID_TIPO_DATO NUMBER,
DECIMAL_V VARCHAR2(1),
VERIFICABLE VARCHAR2(1),
EDITABLE VARCHAR2(1),
OBTENIBLE VARCHAR2(1),
ESTATICO VARCHAR2(1),
UNIDAD VARCHAR(50),
FLAG_ESTADO VARCHAR2(1) DEFAULT '1',
REG_USUARIO NUMBER,
REG_FECHA DATE DEFAULT SYSDATE,
UPD_USUARIO NUMBER,
UPD_FECHA DATE,
CONSTRAINT PARAMETRO_PK PRIMARY KEY (ID_PARAMETRO),
CONSTRAINT TIPO_DATO_FK FOREIGN KEY (ID_TIPO_DATO) REFERENCES T_MAE_TIPO_DATO (ID_TIPO_DATO)
);

CREATE TABLE T_MAEM_INDICADOR(
ID_CRITERIO NUMBER,
ID_CASO NUMBER,
ID_COMPONENTE NUMBER,
ID_PARAMETRO NUMBER,
ORDEN NUMBER,
FLAG_ESTADO VARCHAR2(1) DEFAULT '1',
REG_USUARIO NUMBER,
REG_FECHA DATE DEFAULT SYSDATE,
UPD_USUARIO NUMBER,
UPD_FECHA DATE,
CONSTRAINT IND_COM_FK FOREIGN KEY (ID_CRITERIO, ID_CASO, ID_COMPONENTE) REFERENCES T_GENM_COMPONENTE (ID_CRITERIO, ID_CASO, ID_COMPONENTE),
CONSTRAINT INDICADOR_PK PRIMARY KEY (ID_CRITERIO, ID_CASO, ID_COMPONENTE, ID_PARAMETRO)
);

CREATE TABLE T_MAEM_INDICADOR_FORM(
ID_CRITERIO NUMBER,
ID_CASO NUMBER,
ID_COMPONENTE NUMBER,
ID_PARAMETRO NUMBER,
ID_INDICADOR NUMBER,
VALOR VARCHAR2(350),
FLAG_ESTADO VARCHAR2(1) DEFAULT '1',
REG_USUARIO NUMBER,
REG_FECHA DATE DEFAULT SYSDATE,
UPD_USUARIO NUMBER,
UPD_FECHA DATE,
CONSTRAINT IND_PAM_FK FOREIGN KEY (ID_CRITERIO, ID_CASO, ID_COMPONENTE, ID_PARAMETRO) REFERENCES T_MAEM_INDICADOR (ID_CRITERIO, ID_CASO, ID_COMPONENTE, ID_PARAMETRO),
CONSTRAINT IND_FORM_PK PRIMARY KEY (ID_CRITERIO, ID_CASO, ID_COMPONENTE, ID_PARAMETRO, ID_INDICADOR)
);

CREATE TABLE T_MAEM_INDICADOR_DATA(
ID_CRITERIO NUMBER,
ID_CASO NUMBER,
ID_COMPONENTE NUMBER,
ID_PARAMETRO NUMBER,
ID_INDICADOR NUMBER,
ID_INSCRIPCION NUMBER,
VALOR VARCHAR2(350),
FLAG_ESTADO VARCHAR2(1) DEFAULT '1',
REG_USUARIO NUMBER,
REG_FECHA DATE DEFAULT SYSDATE,
UPD_USUARIO NUMBER,
UPD_FECHA DATE,
CONSTRAINT IND_PAM_DATA_FK FOREIGN KEY (ID_CRITERIO, ID_CASO, ID_COMPONENTE, ID_PARAMETRO) REFERENCES T_MAEM_INDICADOR (ID_CRITERIO, ID_CASO, ID_COMPONENTE, ID_PARAMETRO),
CONSTRAINT IND_DATA_PK PRIMARY KEY (ID_CRITERIO, ID_CASO, ID_COMPONENTE, ID_PARAMETRO, ID_INDICADOR, ID_INSCRIPCION)
);

CREATE TABLE T_GENM_INSCRIPCION
(
ID_INSCRIPCION         NUMBER,
ID_CONVOCATORIA        NUMBER,
ID_INSTITUCION         NUMBER,
FLAG_ANULAR            NUMBER(1) DEFAULT 0,
NRO_INFORME_PRELIMINAR VARCHAR2(50),
FLAG_ESTADO            VARCHAR2(1) DEFAULT '1',
REG_USUARIO            NUMBER,
REG_FECHA              DATE DEFAULT SYSDATE,
UPD_USUARIO            NUMBER,
UPD_FECHA              DATE,
PRIMARY KEY (ID_INSCRIPCION)
);

CREATE TABLE T_GEND_INSCRIPCION_REQUERIR
(
ID_CONVOCATORIA  NUMBER,
ID_INSCRIPCION   NUMBER,
ID_REQUERIMIENTO NUMBER,
ARCHIVO_BASE     VARCHAR2(4000),
ARCHIVO_CIFRADO  VARCHAR2(4000),
VALIDO           NUMBER(1),
OBSERVACION      VARCHAR2(4000),
REG_USUARIO      NUMBER,
REG_FECHA        DATE DEFAULT SYSDATE,
UPD_USUARIO      NUMBER,
UPD_FECHA        DATE,
PRIMARY KEY (ID_CONVOCATORIA, ID_INSCRIPCION, ID_REQUERIMIENTO)
);

CREATE TABLE T_GEND_CONVOCATORIA_TRAZA
(
ID_CONVOCATORIA NUMBER,
ID_TRAZABILIDAD NUMBER,
DESCRIPCION     VARCHAR2(4000),
REG_USUARIO     NUMBER,
REG_FECHA       DATE DEFAULT SYSDATE,
PRIMARY KEY (ID_CONVOCATORIA, ID_TRAZABILIDAD)
);

CREATE TABLE T_GEND_INSCRIPCION_TRAZA
(
ID_INSCRIPCION  NUMBER,
ID_TRAZABILIDAD NUMBER,
DESCRIPCION     VARCHAR2(4000),
REG_USUARIO     NUMBER,
REG_FECHA       DATE DEFAULT SYSDATE,
PRIMARY KEY (ID_INSCRIPCION, ID_TRAZABILIDAD)
);

CREATE TABLE T_GEND_CONVOCATORIA_CRI_REQUER
(
  ID_CONVOCATORIA  NUMBER,
  ID_CRITERIO      NUMBER,
  ID_REQUERIMIENTO NUMBER,
  OBLIGATORIO      VARCHAR2(1),
  FLAG_ESTADO      VARCHAR2(1) DEFAULT '1',
  REG_USUARIO      NUMBER,
  REG_FECHA        DATE DEFAULT SYSDATE,
  UPD_USUARIO      NUMBER,
  UPD_FECHA        DATE,
  PRIMARY KEY (ID_CONVOCATORIA, ID_CRITERIO, ID_REQUERIMIENTO)
);

------------------------------------------
--T_MAE_SECTOR
INSERT INTO T_MAE_SECTOR (ID_SECTOR, NOMBRE, REG_USUARIO) VALUES (1, 'SECTOR PÚBLICO', 1);
INSERT INTO T_MAE_SECTOR (ID_SECTOR, NOMBRE, REG_USUARIO) VALUES (2, 'SECTOR PRIVADO', 1);

--T_GENM_INSTITUCION
INSERT INTO T_GENM_INSTITUCION (ID_INSTITUCION, RUC, RAZON_SOCIAL, DOMICILIO_LEGAL, ID_SECTOR, REG_USUARIO) 
VALUES (1, '20103040501', 'Minesterio de Energía y Minas', 'Av Javier Prado 724', 1, 1);

--T_MAE_ROL
INSERT INTO T_MAE_ROL (ID_ROL, NOMBRE, REG_USUARIO) VALUES (1, 'ADMINISTRADOR', 0);
INSERT INTO T_MAE_ROL (ID_ROL, NOMBRE, REG_USUARIO) VALUES (2, 'EVALUADOR', 1);
INSERT INTO T_MAE_ROL (ID_ROL, NOMBRE, REG_USUARIO) VALUES (3, 'POSTULANTE', 1);

--T_GENM_USUARIO
INSERT INTO T_GENM_USUARIO (ID_USUARIO, NOMBRES, APELLIDOS, CORREO, CONTRASENA, TELEFONO, ANEXO, CELULAR, ID_INSTITUCION, ID_ROL, REG_USUARIO)
VALUES (1, 'Carlos', 'Galdos', 'carlos@grupo-zuniga.com', 'AK6/N7RQH5kHaUb1RDlVFzBkupiWnfger8B3053UodvdNnMdZqCWYcQs17U2i9Cujw==', '3785212', '1010', '925478365', 1, 1, 1);

--T_GENM_CRITERIO
INSERT INTO T_GENM_CRITERIO (ID_CRITERIO, NOMBRE) VALUES (1, 'Criterio 1');
INSERT INTO T_GENM_CRITERIO (ID_CRITERIO, NOMBRE) VALUES (2, 'Criterio 2');
INSERT INTO T_GENM_CRITERIO (ID_CRITERIO, NOMBRE) VALUES (3, 'Criterio 3');
INSERT INTO T_GENM_CRITERIO (ID_CRITERIO, NOMBRE) VALUES (4, 'Criterio 4');
INSERT INTO T_GENM_CRITERIO (ID_CRITERIO, NOMBRE) VALUES (5, 'Criterio 5');
INSERT INTO T_GENM_CRITERIO (ID_CRITERIO, NOMBRE) VALUES (6, 'Criterio 6');
INSERT INTO T_GENM_CRITERIO (ID_CRITERIO, NOMBRE) VALUES (7, 'Criterio 7');
INSERT INTO T_GENM_CRITERIO (ID_CRITERIO, NOMBRE) VALUES (8, 'Criterio 8');

--T_GENM_REQUERIMIENTO
INSERT INTO T_GENM_REQUERIMIENTO (ID_REQUERIMIENTO, NOMBRE) VALUES (1, 'Documento de saneamiento legal físico.');
INSERT INTO T_GENM_REQUERIMIENTO (ID_REQUERIMIENTO, NOMBRE) VALUES (2, 'Documento de condición activo en la plataforma de la SUNAT.');
INSERT INTO T_GENM_REQUERIMIENTO (ID_REQUERIMIENTO, NOMBRE) VALUES (3, 'Documento sustentatorio relacionado a si la empresa está libre de problemas fiscales y judiciales.');
INSERT INTO T_GENM_REQUERIMIENTO (ID_REQUERIMIENTO, NOMBRE) VALUES (4, 'Constancia de INFOCORP.');
INSERT INTO T_GENM_REQUERIMIENTO (ID_REQUERIMIENTO, NOMBRE) VALUES (5, 'Documento con la firma de compromiso sobre el acceso a la información y confidencialidad.');
INSERT INTO T_GENM_REQUERIMIENTO (ID_REQUERIMIENTO, NOMBRE) VALUES (6, 'Documento con el compromiso de postulación debidamente firmada por el titular o representante legal.');
INSERT INTO T_GENM_REQUERIMIENTO (ID_REQUERIMIENTO, NOMBRE) VALUES (7, 'Copia de constitución de la empresa.');

--T_MAE_PROCESO
INSERT INTO T_MAE_PROCESO (ID_PROCESO, NOMBRE) VALUES (1, 'Publicación y difusión');
INSERT INTO T_MAE_PROCESO (ID_PROCESO, NOMBRE) VALUES (2, 'Postulación');
INSERT INTO T_MAE_PROCESO (ID_PROCESO, NOMBRE) VALUES (3, 'Recopilación de información');
INSERT INTO T_MAE_PROCESO (ID_PROCESO, NOMBRE) VALUES (4, 'Evaluación');
INSERT INTO T_MAE_PROCESO (ID_PROCESO, NOMBRE) VALUES (5, 'Invitación a ceremonia premiación');

--T_MAE_ETAPA
INSERT INTO T_MAE_ETAPA (ID_ETAPA, NOMBRE, ID_PROCESO) VALUES (1, 'Publicación y difusión', 1);
INSERT INTO T_MAE_ETAPA (ID_ETAPA, NOMBRE, ID_PROCESO) VALUES (2, 'Postulación', 2);
INSERT INTO T_MAE_ETAPA (ID_ETAPA, NOMBRE, ID_PROCESO) VALUES (3, 'Recopilación de información', 3);
INSERT INTO T_MAE_ETAPA (ID_ETAPA, NOMBRE, ID_PROCESO) VALUES (4, 'Coordinación', 4);
INSERT INTO T_MAE_ETAPA (ID_ETAPA, NOMBRE, ID_PROCESO) VALUES (5, 'Revisión N1', 4);
INSERT INTO T_MAE_ETAPA (ID_ETAPA, NOMBRE, ID_PROCESO) VALUES (6, 'Informe preliminar', 4);
INSERT INTO T_MAE_ETAPA (ID_ETAPA, NOMBRE, ID_PROCESO) VALUES (7, 'Levantamiento de observaciones', 4);
INSERT INTO T_MAE_ETAPA (ID_ETAPA, NOMBRE, ID_PROCESO) VALUES (8, 'Revisión N2', 4);
INSERT INTO T_MAE_ETAPA (ID_ETAPA, NOMBRE, ID_PROCESO) VALUES (9, 'Informe final', 4);
INSERT INTO T_MAE_ETAPA (ID_ETAPA, NOMBRE, ID_PROCESO) VALUES (10, 'Comunicación de resultados', 4);
INSERT INTO T_MAE_ETAPA (ID_ETAPA, NOMBRE, ID_PROCESO) VALUES (11, 'Invitación a ceremonia premiación',5);

-- T_MAE_ANNO
INSERT INTO T_MAE_ANNO (ID_ANNO, NOMBRE) VALUES (1, '2020');
INSERT INTO T_MAE_ANNO (ID_ANNO, NOMBRE) VALUES (2, '2021');
INSERT INTO T_MAE_ANNO (ID_ANNO, NOMBRE) VALUES (3, '2022');
INSERT INTO T_MAE_ANNO (ID_ANNO, NOMBRE) VALUES (4, '2023');
INSERT INTO T_MAE_ANNO (ID_ANNO, NOMBRE) VALUES (5, '2024');
INSERT INTO T_MAE_ANNO (ID_ANNO, NOMBRE) VALUES (6, '2025');
INSERT INTO T_MAE_ANNO (ID_ANNO, NOMBRE) VALUES (7, '2026');
INSERT INTO T_MAE_ANNO (ID_ANNO, NOMBRE) VALUES (8, '2027');
INSERT INTO T_MAE_ANNO (ID_ANNO, NOMBRE) VALUES (9, '2028');
INSERT INTO T_MAE_ANNO (ID_ANNO, NOMBRE) VALUES (10, '2029');
INSERT INTO T_MAE_ANNO (ID_ANNO, NOMBRE) VALUES (11, '2030');

--T_GENM_CASO
INSERT INTO T_GENM_CASO (ID_CRITERIO, ID_CASO, NOMBRE) VALUES (1, 1, 'AHORRO ENERGIA');
INSERT INTO T_GENM_CASO (ID_CRITERIO, ID_CASO, NOMBRE) VALUES (2, 2, 'COMBUSTIBLE');
INSERT INTO T_GENM_CASO (ID_CRITERIO, ID_CASO, NOMBRE) VALUES (3, 3, 'CASO3');
INSERT INTO T_GENM_CASO (ID_CRITERIO, ID_CASO, NOMBRE) VALUES (4, 4, 'CASO4');
INSERT INTO T_GENM_CASO (ID_CRITERIO, ID_CASO, NOMBRE) VALUES (5, 5, 'CASO5');
INSERT INTO T_GENM_CASO (ID_CRITERIO, ID_CASO, NOMBRE) VALUES (6, 6, 'CASO6');
INSERT INTO T_GENM_CASO (ID_CRITERIO, ID_CASO, NOMBRE) VALUES (7, 7, 'CASO7');
INSERT INTO T_GENM_CASO (ID_CRITERIO, ID_CASO, NOMBRE) VALUES (8, 8, 'CASO8');

--T_GENM_COMPONENTE
INSERT INTO T_GENM_COMPONENTE (ID_CRITERIO, ID_CASO, ID_COMPONENTE, NOMBRE, INCREMENTABLE) VALUES (1, 1, 1, 'COMP1', '0');
INSERT INTO T_GENM_COMPONENTE (ID_CRITERIO, ID_CASO, ID_COMPONENTE, NOMBRE, INCREMENTABLE) VALUES (2, 2, 2, 'COMP2', '0');
INSERT INTO T_GENM_COMPONENTE (ID_CRITERIO, ID_CASO, ID_COMPONENTE, NOMBRE, INCREMENTABLE) VALUES (3, 3, 3, 'COMP3', '0');
INSERT INTO T_GENM_COMPONENTE (ID_CRITERIO, ID_CASO, ID_COMPONENTE, NOMBRE, INCREMENTABLE) VALUES (3, 3, 4, 'COMP4', '1');
INSERT INTO T_GENM_COMPONENTE (ID_CRITERIO, ID_CASO, ID_COMPONENTE, NOMBRE, INCREMENTABLE) VALUES (4, 4, 5, 'COMP5', '0');
INSERT INTO T_GENM_COMPONENTE (ID_CRITERIO, ID_CASO, ID_COMPONENTE, NOMBRE, INCREMENTABLE) VALUES (5, 5, 6, 'COMP6', '0');
INSERT INTO T_GENM_COMPONENTE (ID_CRITERIO, ID_CASO, ID_COMPONENTE, NOMBRE, INCREMENTABLE) VALUES (6, 6, 7, 'COMP7', '0');
INSERT INTO T_GENM_COMPONENTE (ID_CRITERIO, ID_CASO, ID_COMPONENTE, NOMBRE, INCREMENTABLE) VALUES (7, 7, 8, 'COMP8', '0');
INSERT INTO T_GENM_COMPONENTE (ID_CRITERIO, ID_CASO, ID_COMPONENTE, NOMBRE, INCREMENTABLE) VALUES (8, 8, 9, 'COMP9', '0');

--T_MAE_TIPO_DATO
INSERT INTO T_MAE_TIPO_DATO (ID_TIPO_DATO, NOMBRE) VALUES (1, 'NUMERO');
INSERT INTO T_MAE_TIPO_DATO (ID_TIPO_DATO, NOMBRE) VALUES (2, 'TEXTO');
INSERT INTO T_MAE_TIPO_DATO (ID_TIPO_DATO, NOMBRE) VALUES (3, 'FECHA');

--T_MAEM_PARAMETRO
--CRITERIO N1
INSERT INTO T_MAEM_PARAMETRO (ID_PARAMETRO, NOMBRE, ETIQUETA, ID_TIPO_DATO, DECIMAL_V, VERIFICABLE, EDITABLE, OBTENIBLE, ESTATICO, UNIDAD) VALUES (1, 'Año de implementación', 'P1CR1CS1CM1',1, '0', '0', '1', '0', '0', '');
INSERT INTO T_MAEM_PARAMETRO (ID_PARAMETRO, NOMBRE, ETIQUETA, ID_TIPO_DATO, DECIMAL_V, VERIFICABLE, EDITABLE, OBTENIBLE, ESTATICO, UNIDAD) VALUES (2, 'Consumo energía eléctrica antes de la implementación Total', 'P2CR1CS1CM1',1, '1', '0', '1', '0', '0', 'kWh/año');
INSERT INTO T_MAEM_PARAMETRO (ID_PARAMETRO, NOMBRE, ETIQUETA, ID_TIPO_DATO, DECIMAL_V, VERIFICABLE, EDITABLE, OBTENIBLE, ESTATICO, UNIDAD) VALUES (3, 'Consumo energía eléctrica después de la implementación Total', 'P3CR1CS1CM1',1, '1', '0', '1', '0', '0', 'kWh/año');
INSERT INTO T_MAEM_PARAMETRO (ID_PARAMETRO, NOMBRE, ETIQUETA, ID_TIPO_DATO, DECIMAL_V, VERIFICABLE, EDITABLE, OBTENIBLE, ESTATICO, UNIDAD) VALUES (4, 'Ahorro energético', 'P4CR1CS1CM1',1, '1', '0', '1', '0', '0', 'kWh/año');
INSERT INTO T_MAEM_PARAMETRO (ID_PARAMETRO, NOMBRE, ETIQUETA, ID_TIPO_DATO, DECIMAL_V, VERIFICABLE, EDITABLE, OBTENIBLE, ESTATICO, UNIDAD) VALUES (5, 'Reducción de emisiones', 'P5CR1CS1CM1',1, '1', '0', '1', '0', '0', 'kgCO2');
INSERT INTO T_MAEM_PARAMETRO (ID_PARAMETRO, NOMBRE, ETIQUETA, ID_TIPO_DATO, DECIMAL_V, VERIFICABLE, EDITABLE, OBTENIBLE, ESTATICO, UNIDAD) VALUES (6, 'Porcentaje', 'P6CR1CS1CM1',1, '1', '0', '1', '0', '0', '%');
--CRITERIO N2
INSERT INTO T_MAEM_PARAMETRO (ID_PARAMETRO, NOMBRE, ETIQUETA, ID_TIPO_DATO, DECIMAL_V, VERIFICABLE, EDITABLE, OBTENIBLE, ESTATICO, UNIDAD) VALUES (7, 'Combustible antes de implementación', 'P7CR2CS2CM2',1, '0', '0', '1', '0', '0', '');
INSERT INTO T_MAEM_PARAMETRO (ID_PARAMETRO, NOMBRE, ETIQUETA, ID_TIPO_DATO, DECIMAL_V, VERIFICABLE, EDITABLE, OBTENIBLE, ESTATICO, UNIDAD) VALUES (8, 'Consumo anual antes de implementación', 'P8CR2CS2CM2',1, '1', '0', '1', '0', '0', '');
INSERT INTO T_MAEM_PARAMETRO (ID_PARAMETRO, NOMBRE, ETIQUETA, ID_TIPO_DATO, DECIMAL_V, VERIFICABLE, EDITABLE, OBTENIBLE, ESTATICO, UNIDAD) VALUES (9, 'Unidad de consumo', 'P9CR2CS2CM2', 2, NULL, '0', '1', '0', '0', '');
INSERT INTO T_MAEM_PARAMETRO (ID_PARAMETRO, NOMBRE, ETIQUETA, ID_TIPO_DATO, DECIMAL_V, VERIFICABLE, EDITABLE, OBTENIBLE, ESTATICO, UNIDAD) VALUES (10, 'Año', 'P10CR2CS2CM2',1, '0', '0', '1', '0', '0', '');
INSERT INTO T_MAEM_PARAMETRO (ID_PARAMETRO, NOMBRE, ETIQUETA, ID_TIPO_DATO, DECIMAL_V, VERIFICABLE, EDITABLE, OBTENIBLE, ESTATICO, UNIDAD) VALUES (11, 'Combustible después de implementación', 'P11CR2CS2CM2',1, '0', '0', '1', '0', '0', '');
INSERT INTO T_MAEM_PARAMETRO (ID_PARAMETRO, NOMBRE, ETIQUETA, ID_TIPO_DATO, DECIMAL_V, VERIFICABLE, EDITABLE, OBTENIBLE, ESTATICO, UNIDAD) VALUES (12, 'Consumo anual después de implementación', 'P12CR2CS2CM2',1, '1', '0', '1', '0', '0', '');
INSERT INTO T_MAEM_PARAMETRO (ID_PARAMETRO, NOMBRE, ETIQUETA, ID_TIPO_DATO, DECIMAL_V, VERIFICABLE, EDITABLE, OBTENIBLE, ESTATICO, UNIDAD) VALUES (13, 'Unidad de consumo', 'P13CR2CS2CM2', 2, '0', '0', '1', '0', '0', '');
--CRITERIO N3
INSERT INTO T_MAEM_PARAMETRO (ID_PARAMETRO, NOMBRE, ETIQUETA, ID_TIPO_DATO, DECIMAL_V, VERIFICABLE, EDITABLE, OBTENIBLE, ESTATICO, UNIDAD) VALUES (14, 'Cantidad total de personal Bau', 'P14CR1CS1CM1',1, '0', '0', '1', '0', '0', '');
INSERT INTO T_MAEM_PARAMETRO (ID_PARAMETRO, NOMBRE, ETIQUETA, ID_TIPO_DATO, DECIMAL_V, VERIFICABLE, EDITABLE, OBTENIBLE, ESTATICO, UNIDAD) VALUES (15, 'Cantidad total de personal dedicado a Gestión de la energía Bau', 'P15CR1CS1CM1',1, '0', '0', '1', '0', '0', '');
INSERT INTO T_MAEM_PARAMETRO (ID_PARAMETRO, NOMBRE, ETIQUETA, ID_TIPO_DATO, DECIMAL_V, VERIFICABLE, EDITABLE, OBTENIBLE, ESTATICO, UNIDAD) VALUES (16, 'Cantidad total de personal Ini', 'P16CR1CS1CM1',1, '0', '0', '1', '0', '0', '');
INSERT INTO T_MAEM_PARAMETRO (ID_PARAMETRO, NOMBRE, ETIQUETA, ID_TIPO_DATO, DECIMAL_V, VERIFICABLE, EDITABLE, OBTENIBLE, ESTATICO, UNIDAD) VALUES (17, 'Cantidad total de personal dedicado a Gestión de la energía Ini', 'P17CR1CS1CM1',1, '0', '0', '1', '0', '0', '');
--caso 
INSERT INTO T_MAEM_PARAMETRO (ID_PARAMETRO, NOMBRE, ETIQUETA, ID_TIPO_DATO, DECIMAL_V, VERIFICABLE, EDITABLE, OBTENIBLE, ESTATICO, UNIDAD) VALUES (18, 'Nombres', 'P18CR1CS1CM1',2, NULL, '0', '1', '0', '0', '');
INSERT INTO T_MAEM_PARAMETRO (ID_PARAMETRO, NOMBRE, ETIQUETA, ID_TIPO_DATO, DECIMAL_V, VERIFICABLE, EDITABLE, OBTENIBLE, ESTATICO, UNIDAD) VALUES (19, 'Actividad', 'P19CR1CS1CM1',2, NULL, '0', '1', '0', '0', '');
--CRITERIO N4
INSERT INTO T_MAEM_PARAMETRO (ID_PARAMETRO, NOMBRE, ETIQUETA, ID_TIPO_DATO, DECIMAL_V, VERIFICABLE, EDITABLE, OBTENIBLE, ESTATICO, UNIDAD) VALUES (20, 'Sector', 'P20CR1CS1CM1',2, NULL, '0', '1', '0', '0', '');
INSERT INTO T_MAEM_PARAMETRO (ID_PARAMETRO, NOMBRE, ETIQUETA, ID_TIPO_DATO, DECIMAL_V, VERIFICABLE, EDITABLE, OBTENIBLE, ESTATICO, UNIDAD) VALUES (21, 'Empresa', 'P21CR1CS1CM1',2, NULL, '0', '1', '0', '0', '');
INSERT INTO T_MAEM_PARAMETRO (ID_PARAMETRO, NOMBRE, ETIQUETA, ID_TIPO_DATO, DECIMAL_V, VERIFICABLE, EDITABLE, OBTENIBLE, ESTATICO, UNIDAD) VALUES (22, 'Responsable de la información', 'P22CR1CS1CM1',2, NULL, '0', '1', '0', '0', '');
INSERT INTO T_MAEM_PARAMETRO (ID_PARAMETRO, NOMBRE, ETIQUETA, ID_TIPO_DATO, DECIMAL_V, VERIFICABLE, EDITABLE, OBTENIBLE, ESTATICO, UNIDAD) VALUES (23, 'Implementación de un sistema de gestión de la energía', 'P23CR1CS1CM1',2, NULL, '0', '1', '0', '0', '');
INSERT INTO T_MAEM_PARAMETRO (ID_PARAMETRO, NOMBRE, ETIQUETA, ID_TIPO_DATO, DECIMAL_V, VERIFICABLE, EDITABLE, OBTENIBLE, ESTATICO, UNIDAD) VALUES (24, 'Fecha implementación inicio', 'P24CR1CS1CM1',3, NULL, '0', '1', '0', '0', '');
INSERT INTO T_MAEM_PARAMETRO (ID_PARAMETRO, NOMBRE, ETIQUETA, ID_TIPO_DATO, DECIMAL_V, VERIFICABLE, EDITABLE, OBTENIBLE, ESTATICO, UNIDAD) VALUES (25, 'Fecha implementación fin', 'P25CR1CS1CM1',3, NULL, '0', '1', '0', '0', '');
--CRITERIO N5
INSERT INTO T_MAEM_PARAMETRO (ID_PARAMETRO, NOMBRE, ETIQUETA, ID_TIPO_DATO, DECIMAL_V, VERIFICABLE, EDITABLE, OBTENIBLE, ESTATICO, UNIDAD) VALUES (26, 'Tipo de auditoría energética', 'P26CM1CS1CR1',2, NULL, '0', '1', '0', '0', '');
INSERT INTO T_MAEM_PARAMETRO (ID_PARAMETRO, NOMBRE, ETIQUETA, ID_TIPO_DATO, DECIMAL_V, VERIFICABLE, EDITABLE, OBTENIBLE, ESTATICO, UNIDAD) VALUES (27, 'Sector', 'P27CM1CS1CR1', 2, NULL, '0', '1', '1', '0','');
INSERT INTO T_MAEM_PARAMETRO (ID_PARAMETRO, NOMBRE, ETIQUETA, ID_TIPO_DATO, DECIMAL_V, VERIFICABLE, EDITABLE, OBTENIBLE, ESTATICO, UNIDAD) VALUES (28, 'Sector económico', 'P28CM2CS1CR1', 2, NULL, '0', '1', '0', '0','');
INSERT INTO T_MAEM_PARAMETRO (ID_PARAMETRO, NOMBRE, ETIQUETA, ID_TIPO_DATO, DECIMAL_V, VERIFICABLE, EDITABLE, OBTENIBLE, ESTATICO, UNIDAD) VALUES (29, 'Empresa', 'P29CM2CS1CR1', 2, NULL, '0', '1', '0', '0','');
INSERT INTO T_MAEM_PARAMETRO (ID_PARAMETRO, NOMBRE, ETIQUETA, ID_TIPO_DATO, DECIMAL_V, VERIFICABLE, EDITABLE, OBTENIBLE, ESTATICO, UNIDAD) VALUES (30, 'Sede', 'P30CM2CS1CR1', 2, NULL, '0', '1', '1', '0','');
INSERT INTO T_MAEM_PARAMETRO (ID_PARAMETRO, NOMBRE, ETIQUETA, ID_TIPO_DATO, DECIMAL_V, VERIFICABLE, EDITABLE, OBTENIBLE, ESTATICO, UNIDAD) VALUES (31, 'Año', 'P31CR1CS1CM1',1, '0', '0', '1', '0', '0', '');
INSERT INTO T_MAEM_PARAMETRO (ID_PARAMETRO, NOMBRE, ETIQUETA, ID_TIPO_DATO, DECIMAL_V, VERIFICABLE, EDITABLE, OBTENIBLE, ESTATICO, UNIDAD) VALUES (32, 'Ahorro energético', 'P32CR1CS1CM1',1, '1', '0', '1', '0', '0', '');
INSERT INTO T_MAEM_PARAMETRO (ID_PARAMETRO, NOMBRE, ETIQUETA, ID_TIPO_DATO, DECIMAL_V, VERIFICABLE, EDITABLE, OBTENIBLE, ESTATICO, UNIDAD) VALUES (33, 'Emisiones reducidas', 'P33CR1CS1CM1',1, '1', '0', '1', '0', '0', 'tCO2');
INSERT INTO T_MAEM_PARAMETRO (ID_PARAMETRO, NOMBRE, ETIQUETA, ID_TIPO_DATO, DECIMAL_V, VERIFICABLE, EDITABLE, OBTENIBLE, ESTATICO, UNIDAD) VALUES (34, 'Consultora externa', 'P34CR1CS1CM1',2, NULL, '0', '1', '0', '0', '');
--CRITERIO N6
INSERT INTO T_MAEM_PARAMETRO (ID_PARAMETRO, NOMBRE, ETIQUETA, ID_TIPO_DATO, DECIMAL_V, VERIFICABLE, EDITABLE, OBTENIBLE, ESTATICO, UNIDAD) VALUES (35, 'Reconocimiento adquirido', 'P35CR1CS1CM1',2, NULL, '0', '1', '0', '0', '');
INSERT INTO T_MAEM_PARAMETRO (ID_PARAMETRO, NOMBRE, ETIQUETA, ID_TIPO_DATO, DECIMAL_V, VERIFICABLE, EDITABLE, OBTENIBLE, ESTATICO, UNIDAD) VALUES (36, 'Sector', 'P36CR1CS1CM1',2, NULL, '0', '1', '0', '0', '');
INSERT INTO T_MAEM_PARAMETRO (ID_PARAMETRO, NOMBRE, ETIQUETA, ID_TIPO_DATO, DECIMAL_V, VERIFICABLE, EDITABLE, OBTENIBLE, ESTATICO, UNIDAD) VALUES (37, 'Empresa', 'P37CR1CS1CM1',2, NULL, '0', '1', '0', '0', '');
INSERT INTO T_MAEM_PARAMETRO (ID_PARAMETRO, NOMBRE, ETIQUETA, ID_TIPO_DATO, DECIMAL_V, VERIFICABLE, EDITABLE, OBTENIBLE, ESTATICO, UNIDAD) VALUES (38, 'Sede', 'P38CM2CS1CR1', 2, NULL, '0', '1', '1', '0','');
INSERT INTO T_MAEM_PARAMETRO (ID_PARAMETRO, NOMBRE, ETIQUETA, ID_TIPO_DATO, DECIMAL_V, VERIFICABLE, EDITABLE, OBTENIBLE, ESTATICO, UNIDAD) VALUES (39, 'Año', 'P39CR1CS1CM1',1, '0', '0', '1', '0', '0', '');
INSERT INTO T_MAEM_PARAMETRO (ID_PARAMETRO, NOMBRE, ETIQUETA, ID_TIPO_DATO, DECIMAL_V, VERIFICABLE, EDITABLE, OBTENIBLE, ESTATICO, UNIDAD) VALUES (40, 'Emisiones generadas', 'P40CR1CS1CM1',1, '1', '0', '1', '0', '0', 'tCO2');
INSERT INTO T_MAEM_PARAMETRO (ID_PARAMETRO, NOMBRE, ETIQUETA, ID_TIPO_DATO, DECIMAL_V, VERIFICABLE, EDITABLE, OBTENIBLE, ESTATICO, UNIDAD) VALUES (41, 'Certificado de verificación', 'P41CR1CS1CM1',2, NULL, '0', '1', '0', '0', '');
INSERT INTO T_MAEM_PARAMETRO (ID_PARAMETRO, NOMBRE, ETIQUETA, ID_TIPO_DATO, DECIMAL_V, VERIFICABLE, EDITABLE, OBTENIBLE, ESTATICO, UNIDAD) VALUES (42, 'Emisiones reducidas', 'P42CR1CS1CM1',1, '1', '0', '1', '0', '0', 'tCO2');
INSERT INTO T_MAEM_PARAMETRO (ID_PARAMETRO, NOMBRE, ETIQUETA, ID_TIPO_DATO, DECIMAL_V, VERIFICABLE, EDITABLE, OBTENIBLE, ESTATICO, UNIDAD) VALUES (43, 'Consultora externa', 'P43CR1CS1CM1',2, NULL, '0', '1', '0', '0', '');
--CRITERIO N7
INSERT INTO T_MAEM_PARAMETRO (ID_PARAMETRO, NOMBRE, ETIQUETA, ID_TIPO_DATO, DECIMAL_V, VERIFICABLE, EDITABLE, OBTENIBLE, ESTATICO, UNIDAD) VALUES (44, 'Empresa', 'P44CR1CS1CM1',2, NULL, '0', '1', '0', '0', '');
INSERT INTO T_MAEM_PARAMETRO (ID_PARAMETRO, NOMBRE, ETIQUETA, ID_TIPO_DATO, DECIMAL_V, VERIFICABLE, EDITABLE, OBTENIBLE, ESTATICO, UNIDAD) VALUES (45, 'Actividad realizada', 'P45CR1CS1CM1',2, NULL, '0', '1', '0', '0', '');
INSERT INTO T_MAEM_PARAMETRO (ID_PARAMETRO, NOMBRE, ETIQUETA, ID_TIPO_DATO, DECIMAL_V, VERIFICABLE, EDITABLE, OBTENIBLE, ESTATICO, UNIDAD) VALUES (46, 'Responsable', 'P46CR1CS1CM1',2, NULL, '0', '1', '0', '0', '');
INSERT INTO T_MAEM_PARAMETRO (ID_PARAMETRO, NOMBRE, ETIQUETA, ID_TIPO_DATO, DECIMAL_V, VERIFICABLE, EDITABLE, OBTENIBLE, ESTATICO, UNIDAD) VALUES (47, 'Cantidad personal', 'P47CR1CS1CM1',1, '0', '0', '1', '0', '0', '');
INSERT INTO T_MAEM_PARAMETRO (ID_PARAMETRO, NOMBRE, ETIQUETA, ID_TIPO_DATO, DECIMAL_V, VERIFICABLE, EDITABLE, OBTENIBLE, ESTATICO, UNIDAD) VALUES (48, 'Fecha', 'P48CR1CS1CM1',3, NULL, '0', '1', '0', '0', '');
INSERT INTO T_MAEM_PARAMETRO (ID_PARAMETRO, NOMBRE, ETIQUETA, ID_TIPO_DATO, DECIMAL_V, VERIFICABLE, EDITABLE, OBTENIBLE, ESTATICO, UNIDAD) VALUES (49, 'Número de actividades', 'P49CR1CS1CM1',1, '0', '0', '1', '0', '0', '');
--CRITERIO N8
INSERT INTO T_MAEM_PARAMETRO (ID_PARAMETRO, NOMBRE, ETIQUETA, ID_TIPO_DATO, DECIMAL_V, VERIFICABLE, EDITABLE, OBTENIBLE, ESTATICO, UNIDAD) VALUES (50, 'Cantidad total de personal Bau', 'P50CR1CS1CM1',1, '0', '0', '1', '0', '0', '');
INSERT INTO T_MAEM_PARAMETRO (ID_PARAMETRO, NOMBRE, ETIQUETA, ID_TIPO_DATO, DECIMAL_V, VERIFICABLE, EDITABLE, OBTENIBLE, ESTATICO, UNIDAD) VALUES (51, 'Cantidad de mujeres con puestos relacionados a toma de decisiones relacionadas a Gestión de la energía Bau', 'P51CR1CS1CM1',2, NULL, '0', '1', '0', '0', '');
INSERT INTO T_MAEM_PARAMETRO (ID_PARAMETRO, NOMBRE, ETIQUETA, ID_TIPO_DATO, DECIMAL_V, VERIFICABLE, EDITABLE, OBTENIBLE, ESTATICO, UNIDAD) VALUES (52, 'Cantidad total de personal Ini', 'P52CR1CS1CM1',1, '0', '0', '1', '0', '0', '');
INSERT INTO T_MAEM_PARAMETRO (ID_PARAMETRO, NOMBRE, ETIQUETA, ID_TIPO_DATO, DECIMAL_V, VERIFICABLE, EDITABLE, OBTENIBLE, ESTATICO, UNIDAD) VALUES (53, 'Cantidad de mujeres con puestos relacionados a toma de decisiones relacionadas a Gestión de la energía Ini', 'P53CR1CS1CM1',2, NULL, '0', '1', '0', '0', '');
INSERT INTO T_MAEM_PARAMETRO (ID_PARAMETRO, NOMBRE, ETIQUETA, ID_TIPO_DATO, DECIMAL_V, VERIFICABLE, EDITABLE, OBTENIBLE, ESTATICO, UNIDAD) VALUES (54, 'Porcentaje', 'P54CR1CS1CM1',1, '1', '0', '1', '0', '0', '%');

--T_MAEM_INDICADOR
--CRI N1 1-6
INSERT INTO T_MAEM_INDICADOR (ID_CRITERIO, ID_CASO, ID_COMPONENTE, ID_PARAMETRO, ORDEN) VALUES (1, 1, 1, 1, 1);
INSERT INTO T_MAEM_INDICADOR (ID_CRITERIO, ID_CASO, ID_COMPONENTE, ID_PARAMETRO, ORDEN) VALUES (1, 1, 1, 2, 2);
INSERT INTO T_MAEM_INDICADOR (ID_CRITERIO, ID_CASO, ID_COMPONENTE, ID_PARAMETRO, ORDEN) VALUES (1, 1, 1, 3, 3);
INSERT INTO T_MAEM_INDICADOR (ID_CRITERIO, ID_CASO, ID_COMPONENTE, ID_PARAMETRO, ORDEN) VALUES (1, 1, 1, 4, 4);
INSERT INTO T_MAEM_INDICADOR (ID_CRITERIO, ID_CASO, ID_COMPONENTE, ID_PARAMETRO, ORDEN) VALUES (1, 1, 1, 5, 5);
INSERT INTO T_MAEM_INDICADOR (ID_CRITERIO, ID_CASO, ID_COMPONENTE, ID_PARAMETRO, ORDEN) VALUES (1, 1, 1, 6, 6);
--CRI N2 7-13
INSERT INTO T_MAEM_INDICADOR (ID_CRITERIO, ID_CASO, ID_COMPONENTE, ID_PARAMETRO, ORDEN) VALUES (2, 2, 2, 7, 1);
INSERT INTO T_MAEM_INDICADOR (ID_CRITERIO, ID_CASO, ID_COMPONENTE, ID_PARAMETRO, ORDEN) VALUES (2, 2, 2, 8, 2);
INSERT INTO T_MAEM_INDICADOR (ID_CRITERIO, ID_CASO, ID_COMPONENTE, ID_PARAMETRO, ORDEN) VALUES (2, 2, 2, 9, 3);
INSERT INTO T_MAEM_INDICADOR (ID_CRITERIO, ID_CASO, ID_COMPONENTE, ID_PARAMETRO, ORDEN) VALUES (2, 2, 2, 10, 4);
INSERT INTO T_MAEM_INDICADOR (ID_CRITERIO, ID_CASO, ID_COMPONENTE, ID_PARAMETRO, ORDEN) VALUES (2, 2, 2, 11, 5);
INSERT INTO T_MAEM_INDICADOR (ID_CRITERIO, ID_CASO, ID_COMPONENTE, ID_PARAMETRO, ORDEN) VALUES (2, 2, 2, 12, 6);
INSERT INTO T_MAEM_INDICADOR (ID_CRITERIO, ID_CASO, ID_COMPONENTE, ID_PARAMETRO, ORDEN) VALUES (2, 2, 2, 13, 7);
--CRI N3 14-17 18-19
INSERT INTO T_MAEM_INDICADOR (ID_CRITERIO, ID_CASO, ID_COMPONENTE, ID_PARAMETRO, ORDEN) VALUES (3, 3, 3, 14, 1);
INSERT INTO T_MAEM_INDICADOR (ID_CRITERIO, ID_CASO, ID_COMPONENTE, ID_PARAMETRO, ORDEN) VALUES (3, 3, 3, 15, 2);
INSERT INTO T_MAEM_INDICADOR (ID_CRITERIO, ID_CASO, ID_COMPONENTE, ID_PARAMETRO, ORDEN) VALUES (3, 3, 3, 16, 3);
INSERT INTO T_MAEM_INDICADOR (ID_CRITERIO, ID_CASO, ID_COMPONENTE, ID_PARAMETRO, ORDEN) VALUES (3, 3, 3, 17, 4);
--CASO
INSERT INTO T_MAEM_INDICADOR (ID_CRITERIO, ID_CASO, ID_COMPONENTE, ID_PARAMETRO, ORDEN) VALUES (3, 3, 4, 18, 1);
INSERT INTO T_MAEM_INDICADOR (ID_CRITERIO, ID_CASO, ID_COMPONENTE, ID_PARAMETRO, ORDEN) VALUES (3, 3, 4, 19, 2);
--CRI N4 20-25
INSERT INTO T_MAEM_INDICADOR (ID_CRITERIO, ID_CASO, ID_COMPONENTE, ID_PARAMETRO, ORDEN) VALUES (4, 4, 5, 20, 1);
INSERT INTO T_MAEM_INDICADOR (ID_CRITERIO, ID_CASO, ID_COMPONENTE, ID_PARAMETRO, ORDEN) VALUES (4, 4, 5, 21, 2);
INSERT INTO T_MAEM_INDICADOR (ID_CRITERIO, ID_CASO, ID_COMPONENTE, ID_PARAMETRO, ORDEN) VALUES (4, 4, 5, 22, 3);
INSERT INTO T_MAEM_INDICADOR (ID_CRITERIO, ID_CASO, ID_COMPONENTE, ID_PARAMETRO, ORDEN) VALUES (4, 4, 5, 23, 4);
INSERT INTO T_MAEM_INDICADOR (ID_CRITERIO, ID_CASO, ID_COMPONENTE, ID_PARAMETRO, ORDEN) VALUES (4, 4, 5, 24, 5);
INSERT INTO T_MAEM_INDICADOR (ID_CRITERIO, ID_CASO, ID_COMPONENTE, ID_PARAMETRO, ORDEN) VALUES (4, 4, 5, 25, 6);
--CRI N5 26-34
INSERT INTO T_MAEM_INDICADOR (ID_CRITERIO, ID_CASO, ID_COMPONENTE, ID_PARAMETRO, ORDEN) VALUES (5, 5, 6, 26, 1);
INSERT INTO T_MAEM_INDICADOR (ID_CRITERIO, ID_CASO, ID_COMPONENTE, ID_PARAMETRO, ORDEN) VALUES (5, 5, 6, 27, 2);
INSERT INTO T_MAEM_INDICADOR (ID_CRITERIO, ID_CASO, ID_COMPONENTE, ID_PARAMETRO, ORDEN) VALUES (5, 5, 6, 28, 3);
INSERT INTO T_MAEM_INDICADOR (ID_CRITERIO, ID_CASO, ID_COMPONENTE, ID_PARAMETRO, ORDEN) VALUES (5, 5, 6, 29, 4);
INSERT INTO T_MAEM_INDICADOR (ID_CRITERIO, ID_CASO, ID_COMPONENTE, ID_PARAMETRO, ORDEN) VALUES (5, 5, 6, 30, 5);
INSERT INTO T_MAEM_INDICADOR (ID_CRITERIO, ID_CASO, ID_COMPONENTE, ID_PARAMETRO, ORDEN) VALUES (5, 5, 6, 31, 6);
INSERT INTO T_MAEM_INDICADOR (ID_CRITERIO, ID_CASO, ID_COMPONENTE, ID_PARAMETRO, ORDEN) VALUES (5, 5, 6, 32, 7);
INSERT INTO T_MAEM_INDICADOR (ID_CRITERIO, ID_CASO, ID_COMPONENTE, ID_PARAMETRO, ORDEN) VALUES (5, 5, 6, 33, 8);
INSERT INTO T_MAEM_INDICADOR (ID_CRITERIO, ID_CASO, ID_COMPONENTE, ID_PARAMETRO, ORDEN) VALUES (5, 5, 6, 34, 9);
--CRI N6 35-43
INSERT INTO T_MAEM_INDICADOR (ID_CRITERIO, ID_CASO, ID_COMPONENTE, ID_PARAMETRO, ORDEN) VALUES (6, 6, 7, 35, 1);
INSERT INTO T_MAEM_INDICADOR (ID_CRITERIO, ID_CASO, ID_COMPONENTE, ID_PARAMETRO, ORDEN) VALUES (6, 6, 7, 36, 2);
INSERT INTO T_MAEM_INDICADOR (ID_CRITERIO, ID_CASO, ID_COMPONENTE, ID_PARAMETRO, ORDEN) VALUES (6, 6, 7, 37, 3);
INSERT INTO T_MAEM_INDICADOR (ID_CRITERIO, ID_CASO, ID_COMPONENTE, ID_PARAMETRO, ORDEN) VALUES (6, 6, 7, 38, 4);
INSERT INTO T_MAEM_INDICADOR (ID_CRITERIO, ID_CASO, ID_COMPONENTE, ID_PARAMETRO, ORDEN) VALUES (6, 6, 7, 39, 5);
INSERT INTO T_MAEM_INDICADOR (ID_CRITERIO, ID_CASO, ID_COMPONENTE, ID_PARAMETRO, ORDEN) VALUES (6, 6, 7, 40, 6);
INSERT INTO T_MAEM_INDICADOR (ID_CRITERIO, ID_CASO, ID_COMPONENTE, ID_PARAMETRO, ORDEN) VALUES (6, 6, 7, 41, 7);
INSERT INTO T_MAEM_INDICADOR (ID_CRITERIO, ID_CASO, ID_COMPONENTE, ID_PARAMETRO, ORDEN) VALUES (6, 6, 7, 42, 8);
INSERT INTO T_MAEM_INDICADOR (ID_CRITERIO, ID_CASO, ID_COMPONENTE, ID_PARAMETRO, ORDEN) VALUES (6, 6, 7, 43, 9);
--CRI N7 44-49
INSERT INTO T_MAEM_INDICADOR (ID_CRITERIO, ID_CASO, ID_COMPONENTE, ID_PARAMETRO, ORDEN) VALUES (7, 7, 8, 44, 1);
INSERT INTO T_MAEM_INDICADOR (ID_CRITERIO, ID_CASO, ID_COMPONENTE, ID_PARAMETRO, ORDEN) VALUES (7, 7, 8, 45, 2);
INSERT INTO T_MAEM_INDICADOR (ID_CRITERIO, ID_CASO, ID_COMPONENTE, ID_PARAMETRO, ORDEN) VALUES (7, 7, 8, 46, 3);
INSERT INTO T_MAEM_INDICADOR (ID_CRITERIO, ID_CASO, ID_COMPONENTE, ID_PARAMETRO, ORDEN) VALUES (7, 7, 8, 47, 4);
INSERT INTO T_MAEM_INDICADOR (ID_CRITERIO, ID_CASO, ID_COMPONENTE, ID_PARAMETRO, ORDEN) VALUES (7, 7, 8, 48, 5);
INSERT INTO T_MAEM_INDICADOR (ID_CRITERIO, ID_CASO, ID_COMPONENTE, ID_PARAMETRO, ORDEN) VALUES (7, 7, 8, 49, 6);
--CRI N8 50-54
INSERT INTO T_MAEM_INDICADOR (ID_CRITERIO, ID_CASO, ID_COMPONENTE, ID_PARAMETRO, ORDEN) VALUES (8, 8, 9, 50, 1);
INSERT INTO T_MAEM_INDICADOR (ID_CRITERIO, ID_CASO, ID_COMPONENTE, ID_PARAMETRO, ORDEN) VALUES (8, 8, 9, 51, 2);
INSERT INTO T_MAEM_INDICADOR (ID_CRITERIO, ID_CASO, ID_COMPONENTE, ID_PARAMETRO, ORDEN) VALUES (8, 8, 9, 52, 3);
INSERT INTO T_MAEM_INDICADOR (ID_CRITERIO, ID_CASO, ID_COMPONENTE, ID_PARAMETRO, ORDEN) VALUES (8, 8, 9, 53, 4);
INSERT INTO T_MAEM_INDICADOR (ID_CRITERIO, ID_CASO, ID_COMPONENTE, ID_PARAMETRO, ORDEN) VALUES (8, 8, 9, 54, 5);

--T_MAEM_INDICADOR_FORM
--CRI N1 1-6
INSERT INTO T_MAEM_INDICADOR_FORM (ID_CRITERIO, ID_CASO, ID_COMPONENTE, ID_PARAMETRO, ID_INDICADOR, VALOR) VALUES (1, 1, 1, 1, 1, '');
INSERT INTO T_MAEM_INDICADOR_FORM (ID_CRITERIO, ID_CASO, ID_COMPONENTE, ID_PARAMETRO, ID_INDICADOR, VALOR) VALUES (1, 1, 1, 2, 1, '');
INSERT INTO T_MAEM_INDICADOR_FORM (ID_CRITERIO, ID_CASO, ID_COMPONENTE, ID_PARAMETRO, ID_INDICADOR, VALOR) VALUES (1, 1, 1, 3, 1, '');
INSERT INTO T_MAEM_INDICADOR_FORM (ID_CRITERIO, ID_CASO, ID_COMPONENTE, ID_PARAMETRO, ID_INDICADOR, VALOR) VALUES (1, 1, 1, 4, 1, '');
INSERT INTO T_MAEM_INDICADOR_FORM (ID_CRITERIO, ID_CASO, ID_COMPONENTE, ID_PARAMETRO, ID_INDICADOR, VALOR) VALUES (1, 1, 1, 5, 1, '');
INSERT INTO T_MAEM_INDICADOR_FORM (ID_CRITERIO, ID_CASO, ID_COMPONENTE, ID_PARAMETRO, ID_INDICADOR, VALOR) VALUES (1, 1, 1, 6, 1, '');
--CRI N2 7-13
INSERT INTO T_MAEM_INDICADOR_FORM (ID_CRITERIO, ID_CASO, ID_COMPONENTE, ID_PARAMETRO, ID_INDICADOR, VALOR) VALUES (2, 2, 2, 7, 1, '');
INSERT INTO T_MAEM_INDICADOR_FORM (ID_CRITERIO, ID_CASO, ID_COMPONENTE, ID_PARAMETRO, ID_INDICADOR, VALOR) VALUES (2, 2, 2, 8, 1, '');
INSERT INTO T_MAEM_INDICADOR_FORM (ID_CRITERIO, ID_CASO, ID_COMPONENTE, ID_PARAMETRO, ID_INDICADOR, VALOR) VALUES (2, 2, 2, 9, 1, '');
INSERT INTO T_MAEM_INDICADOR_FORM (ID_CRITERIO, ID_CASO, ID_COMPONENTE, ID_PARAMETRO, ID_INDICADOR, VALOR) VALUES (2, 2, 2, 10, 1, '');
INSERT INTO T_MAEM_INDICADOR_FORM (ID_CRITERIO, ID_CASO, ID_COMPONENTE, ID_PARAMETRO, ID_INDICADOR, VALOR) VALUES (2, 2, 2, 11, 1, '');
INSERT INTO T_MAEM_INDICADOR_FORM (ID_CRITERIO, ID_CASO, ID_COMPONENTE, ID_PARAMETRO, ID_INDICADOR, VALOR) VALUES (2, 2, 2, 12, 1, '');
INSERT INTO T_MAEM_INDICADOR_FORM (ID_CRITERIO, ID_CASO, ID_COMPONENTE, ID_PARAMETRO, ID_INDICADOR, VALOR) VALUES (2, 2, 2, 13, 1, '');
--CRI N3 14-17 18-19
INSERT INTO T_MAEM_INDICADOR_FORM (ID_CRITERIO, ID_CASO, ID_COMPONENTE, ID_PARAMETRO, ID_INDICADOR, VALOR) VALUES (3, 3, 3, 14, 1, '');
INSERT INTO T_MAEM_INDICADOR_FORM (ID_CRITERIO, ID_CASO, ID_COMPONENTE, ID_PARAMETRO, ID_INDICADOR, VALOR) VALUES (3, 3, 3, 15, 1, '');
INSERT INTO T_MAEM_INDICADOR_FORM (ID_CRITERIO, ID_CASO, ID_COMPONENTE, ID_PARAMETRO, ID_INDICADOR, VALOR) VALUES (3, 3, 3, 16, 1, '');
INSERT INTO T_MAEM_INDICADOR_FORM (ID_CRITERIO, ID_CASO, ID_COMPONENTE, ID_PARAMETRO, ID_INDICADOR, VALOR) VALUES (3, 3, 3, 17, 1, '');
--CASO
INSERT INTO T_MAEM_INDICADOR_FORM (ID_CRITERIO, ID_CASO, ID_COMPONENTE, ID_PARAMETRO, ID_INDICADOR, VALOR) VALUES (3, 3, 4, 18, 1, '');
INSERT INTO T_MAEM_INDICADOR_FORM (ID_CRITERIO, ID_CASO, ID_COMPONENTE, ID_PARAMETRO, ID_INDICADOR, VALOR) VALUES (3, 3, 4, 19, 1, '');
--CRI N4 20-25
INSERT INTO T_MAEM_INDICADOR_FORM (ID_CRITERIO, ID_CASO, ID_COMPONENTE, ID_PARAMETRO, ID_INDICADOR, VALOR) VALUES (4, 4, 5, 20, 1, '');
INSERT INTO T_MAEM_INDICADOR_FORM (ID_CRITERIO, ID_CASO, ID_COMPONENTE, ID_PARAMETRO, ID_INDICADOR, VALOR) VALUES (4, 4, 5, 21, 1, '');
INSERT INTO T_MAEM_INDICADOR_FORM (ID_CRITERIO, ID_CASO, ID_COMPONENTE, ID_PARAMETRO, ID_INDICADOR, VALOR) VALUES (4, 4, 5, 22, 1, '');
INSERT INTO T_MAEM_INDICADOR_FORM (ID_CRITERIO, ID_CASO, ID_COMPONENTE, ID_PARAMETRO, ID_INDICADOR, VALOR) VALUES (4, 4, 5, 23, 1, '');
INSERT INTO T_MAEM_INDICADOR_FORM (ID_CRITERIO, ID_CASO, ID_COMPONENTE, ID_PARAMETRO, ID_INDICADOR, VALOR) VALUES (4, 4, 5, 24, 1, '');
INSERT INTO T_MAEM_INDICADOR_FORM (ID_CRITERIO, ID_CASO, ID_COMPONENTE, ID_PARAMETRO, ID_INDICADOR, VALOR) VALUES (4, 4, 5, 25, 1, '');
--CRI N5 26-34
INSERT INTO T_MAEM_INDICADOR_FORM (ID_CRITERIO, ID_CASO, ID_COMPONENTE, ID_PARAMETRO, ID_INDICADOR, VALOR) VALUES (5, 5, 6, 26, 1, '');
INSERT INTO T_MAEM_INDICADOR_FORM (ID_CRITERIO, ID_CASO, ID_COMPONENTE, ID_PARAMETRO, ID_INDICADOR, VALOR) VALUES (5, 5, 6, 27, 1, '');
INSERT INTO T_MAEM_INDICADOR_FORM (ID_CRITERIO, ID_CASO, ID_COMPONENTE, ID_PARAMETRO, ID_INDICADOR, VALOR) VALUES (5, 5, 6, 28, 1, '');
INSERT INTO T_MAEM_INDICADOR_FORM (ID_CRITERIO, ID_CASO, ID_COMPONENTE, ID_PARAMETRO, ID_INDICADOR, VALOR) VALUES (5, 5, 6, 29, 1, '');
INSERT INTO T_MAEM_INDICADOR_FORM (ID_CRITERIO, ID_CASO, ID_COMPONENTE, ID_PARAMETRO, ID_INDICADOR, VALOR) VALUES (5, 5, 6, 30, 1, '');
INSERT INTO T_MAEM_INDICADOR_FORM (ID_CRITERIO, ID_CASO, ID_COMPONENTE, ID_PARAMETRO, ID_INDICADOR, VALOR) VALUES (5, 5, 6, 31, 1, '');
INSERT INTO T_MAEM_INDICADOR_FORM (ID_CRITERIO, ID_CASO, ID_COMPONENTE, ID_PARAMETRO, ID_INDICADOR, VALOR) VALUES (5, 5, 6, 32, 1, '');
INSERT INTO T_MAEM_INDICADOR_FORM (ID_CRITERIO, ID_CASO, ID_COMPONENTE, ID_PARAMETRO, ID_INDICADOR, VALOR) VALUES (5, 5, 6, 33, 1, '');
INSERT INTO T_MAEM_INDICADOR_FORM (ID_CRITERIO, ID_CASO, ID_COMPONENTE, ID_PARAMETRO, ID_INDICADOR, VALOR) VALUES (5, 5, 6, 34, 1, '');
--CRI N6 35-43
INSERT INTO T_MAEM_INDICADOR_FORM (ID_CRITERIO, ID_CASO, ID_COMPONENTE, ID_PARAMETRO, ID_INDICADOR, VALOR) VALUES (6, 6, 7, 35, 1, '');
INSERT INTO T_MAEM_INDICADOR_FORM (ID_CRITERIO, ID_CASO, ID_COMPONENTE, ID_PARAMETRO, ID_INDICADOR, VALOR) VALUES (6, 6, 7, 36, 1, '');
INSERT INTO T_MAEM_INDICADOR_FORM (ID_CRITERIO, ID_CASO, ID_COMPONENTE, ID_PARAMETRO, ID_INDICADOR, VALOR) VALUES (6, 6, 7, 37, 1, '');
INSERT INTO T_MAEM_INDICADOR_FORM (ID_CRITERIO, ID_CASO, ID_COMPONENTE, ID_PARAMETRO, ID_INDICADOR, VALOR) VALUES (6, 6, 7, 38, 1, '');
INSERT INTO T_MAEM_INDICADOR_FORM (ID_CRITERIO, ID_CASO, ID_COMPONENTE, ID_PARAMETRO, ID_INDICADOR, VALOR) VALUES (6, 6, 7, 39, 1, '');
INSERT INTO T_MAEM_INDICADOR_FORM (ID_CRITERIO, ID_CASO, ID_COMPONENTE, ID_PARAMETRO, ID_INDICADOR, VALOR) VALUES (6, 6, 7, 40, 1, '');
INSERT INTO T_MAEM_INDICADOR_FORM (ID_CRITERIO, ID_CASO, ID_COMPONENTE, ID_PARAMETRO, ID_INDICADOR, VALOR) VALUES (6, 6, 7, 41, 1, '');
INSERT INTO T_MAEM_INDICADOR_FORM (ID_CRITERIO, ID_CASO, ID_COMPONENTE, ID_PARAMETRO, ID_INDICADOR, VALOR) VALUES (6, 6, 7, 42, 1, '');
INSERT INTO T_MAEM_INDICADOR_FORM (ID_CRITERIO, ID_CASO, ID_COMPONENTE, ID_PARAMETRO, ID_INDICADOR, VALOR) VALUES (6, 6, 7, 43, 1, '');
--CRI N7 44-49
INSERT INTO T_MAEM_INDICADOR_FORM (ID_CRITERIO, ID_CASO, ID_COMPONENTE, ID_PARAMETRO, ID_INDICADOR, VALOR) VALUES (7, 7, 8, 44, 1, '');
INSERT INTO T_MAEM_INDICADOR_FORM (ID_CRITERIO, ID_CASO, ID_COMPONENTE, ID_PARAMETRO, ID_INDICADOR, VALOR) VALUES (7, 7, 8, 45, 1, '');
INSERT INTO T_MAEM_INDICADOR_FORM (ID_CRITERIO, ID_CASO, ID_COMPONENTE, ID_PARAMETRO, ID_INDICADOR, VALOR) VALUES (7, 7, 8, 46, 1, '');
INSERT INTO T_MAEM_INDICADOR_FORM (ID_CRITERIO, ID_CASO, ID_COMPONENTE, ID_PARAMETRO, ID_INDICADOR, VALOR) VALUES (7, 7, 8, 47, 1, '');
INSERT INTO T_MAEM_INDICADOR_FORM (ID_CRITERIO, ID_CASO, ID_COMPONENTE, ID_PARAMETRO, ID_INDICADOR, VALOR) VALUES (7, 7, 8, 48, 1, '');
INSERT INTO T_MAEM_INDICADOR_FORM (ID_CRITERIO, ID_CASO, ID_COMPONENTE, ID_PARAMETRO, ID_INDICADOR, VALOR) VALUES (7, 7, 8, 49, 1, '');
--CRI N8 50-54
INSERT INTO T_MAEM_INDICADOR_FORM (ID_CRITERIO, ID_CASO, ID_COMPONENTE, ID_PARAMETRO, ID_INDICADOR, VALOR) VALUES (8, 8, 9, 50, 1, '');
INSERT INTO T_MAEM_INDICADOR_FORM (ID_CRITERIO, ID_CASO, ID_COMPONENTE, ID_PARAMETRO, ID_INDICADOR, VALOR) VALUES (8, 8, 9, 51, 1, '');
INSERT INTO T_MAEM_INDICADOR_FORM (ID_CRITERIO, ID_CASO, ID_COMPONENTE, ID_PARAMETRO, ID_INDICADOR, VALOR) VALUES (8, 8, 9, 52, 1, '');
INSERT INTO T_MAEM_INDICADOR_FORM (ID_CRITERIO, ID_CASO, ID_COMPONENTE, ID_PARAMETRO, ID_INDICADOR, VALOR) VALUES (8, 8, 9, 53, 1, '');
INSERT INTO T_MAEM_INDICADOR_FORM (ID_CRITERIO, ID_CASO, ID_COMPONENTE, ID_PARAMETRO, ID_INDICADOR, VALOR) VALUES (8, 8, 9, 54, 1, '');
